Year,Month,Province,Rainfall
2022,Apr,Aranyaprathet,96.35
2022,Apr,Bangkok Airport,145.35
2022,Apr,Bangkok Metropolis,125.9
2022,Apr,Bhumibol Dam,24.35
2022,Apr,Bua Chum,94.25
2022,Apr,Chaiyaphum,76.25
2022,Apr,Chanthaburi,165.25
2022,Apr,Chiang Mai,140.95
2022,Apr,Chiang Rai,146.5
2022,Apr,Chok Chai,87.75
2022,Apr,Chon Buri,139.9
2022,Apr,Chumphon,130.65
2022,Apr,Hua Hin,34.099999999999994
2022,Apr,Kabin Buri,132.0
2022,Apr,Kamphaeng Phet,147.35
2022,Apr,Kanchanaburi,77.55
2022,Apr,Khlong Yai,212.8
2022,Apr,Khon Kaen,140.45
2022,Apr,Kosum Phisai,91.80000000000001
2022,Apr,Lampang,72.6
2022,Apr,Lamphun,48.400000000000006
2022,Apr,Loei,89.05
2022,Apr,Lom Sak,47.3
2022,Apr,Lop Buri,70.9
2022,Apr,Mae Sariang,96.8
2022,Apr,Mae Sot,70.35
2022,Apr,Mukdahan,63.2
2022,Apr,Nakhon Phanom,171.85000000000002
2022,Apr,Nakhon Ratchasima,89.0
2022,Apr,Nakhon Sawan,160.3
2022,Apr,Nan,91.4
2022,Apr,Nang Rong,160.9
2022,Apr,Narathiwat,178.14999999999998
2022,Apr,Nong Khai,142.45
2022,Apr,Pattani Airport,78.5
2022,Apr,Pattaya,144.1
2022,Apr,Phayao,178.05
2022,Apr,Phetchabun,63.7
2022,Apr,Phetchaburi,37.7
2022,Apr,Phitsanulok,78.2
2022,Apr,Phrae,60.650000000000006
2022,Apr,Phuket,170.7
2022,Apr,Phuket Airport,136.10000000000002
2022,Apr,Prachin Buri,83.19999999999999
2022,Apr,Ranong,242.0
2022,Apr,Rayong,90.25
2022,Apr,Roi Et,154.7
2022,Apr,Sakon Nakhon,113.5
2022,Apr,Sattahip,105.4
2022,Apr,Satun,295.54999999999995
2022,Apr,Songkhla,162.7
2022,Apr,Suphan Buri,130.95
2022,Apr,Surat Thani,-0.3
2022,Apr,Surin,171.6
2022,Apr,Tak,-0.20000000000000007
2022,Apr,Takua Pa,-0.35
2022,Apr,Tha Tum,28.5
2022,Apr,Trang Airport,-0.44999999999999996
2022,Apr,Ubon Ratchathani,90.4
2022,Apr,Udon Thani,-0.44999999999999996
2022,Apr,Umphang,125.94999999999999
2022,Apr,Uttaradit,88.3
2022,Apr,Wichian Buri,106.95
2022,Aug,Aranyaprathet,371.3
2022,Aug,Bangkok Airport,183.6
2022,Aug,Bangkok Metropolis,304.7
2022,Aug,Bhumibol Dam,235.6
2022,Aug,Bua Chum,169.6
2022,Aug,Chaiyaphum,205.1
2022,Aug,Chanthaburi,583.0
2022,Aug,Chiang Mai,262.1
2022,Aug,Chiang Rai,505.8
2022,Aug,Chok Chai,200.2
2022,Aug,Chon Buri,187.2
2022,Aug,Chumphon,57.0
2022,Aug,Hua Hin,75.1
2022,Aug,Kabin Buri,365.1
2022,Aug,Kamphaeng Phet,265.8
2022,Aug,Kanchanaburi,101.4
2022,Aug,Khlong Yai,1011.9
2022,Aug,Khon Kaen,272.7
2022,Aug,Kosum Phisai,336.4
2022,Aug,Lampang,203.0
2022,Aug,Lamphun,312.1
2022,Aug,Loei,237.9
2022,Aug,Lom Sak,165.4
2022,Aug,Lop Buri,303.9
2022,Aug,Mae Sariang,233.0
2022,Aug,Mae Sot,319.2
2022,Aug,Mukdahan,373.9
2022,Aug,Nakhon Phanom,560.8
2022,Aug,Nakhon Ratchasima,125.2
2022,Aug,Nakhon Sawan,233.2
2022,Aug,Nan,245.4
2022,Aug,Nang Rong,212.8
2022,Aug,Narathiwat,232.1
2022,Aug,Nong Khai,329.6
2022,Aug,Pattani Airport,198.0
2022,Aug,Pattaya,134.2
2022,Aug,Phayao,157.6
2022,Aug,Phetchabun,209.0
2022,Aug,Phetchaburi,108.0
2022,Aug,Phitsanulok,312.1
2022,Aug,Phrae,193.0
2022,Aug,Phuket,446.2
2022,Aug,Phuket Airport,410.7
2022,Aug,Prachin Buri,600.6
2022,Aug,Ranong,394.6
2022,Aug,Rayong,205.5
2022,Aug,Roi Et,241.9
2022,Aug,Sakon Nakhon,182.4
2022,Aug,Sattahip,231.6
2022,Aug,Satun,133.3
2022,Aug,Songkhla,42.9
2022,Aug,Suphan Buri,223.5
2022,Aug,Surat Thani,0.4
2022,Aug,Surin,328.1
2022,Aug,Tak,0.1
2022,Aug,Takua Pa,0.1
2022,Aug,Tha Tum,27.9
2022,Aug,Trang Airport,0.3
2022,Aug,Ubon Ratchathani,557.2
2022,Aug,Udon Thani,0.2
2022,Aug,Umphang,328.0
2022,Aug,Uttaradit,254.8
2022,Aug,Wichian Buri,228.5
2022,Dec,Aranyaprathet,0.2
2022,Dec,Bangkok Airport,6.0
2022,Dec,Bangkok Metropolis,18.3
2022,Dec,Bhumibol Dam,1.9
2022,Dec,Bua Chum,0.0
2022,Dec,Chaiyaphum,0.0
2022,Dec,Chanthaburi,0.6
2022,Dec,Chiang Mai,69.1
2022,Dec,Chiang Rai,0.4
2022,Dec,Chok Chai,0.1
2022,Dec,Chon Buri,0.0
2022,Dec,Chumphon,171.7
2022,Dec,Hua Hin,0.0
2022,Dec,Kabin Buri,0.6
2022,Dec,Kamphaeng Phet,1.2
2022,Dec,Kanchanaburi,0.0
2022,Dec,Khlong Yai,1.2
2022,Dec,Khon Kaen,0.0
2022,Dec,Kosum Phisai,0.0
2022,Dec,Lampang,8.1
2022,Dec,Lamphun,8.4
2022,Dec,Loei,0.0
2022,Dec,Lom Sak,0.0
2022,Dec,Lop Buri,0.0
2022,Dec,Mae Sariang,17.5
2022,Dec,Mae Sot,0.0
2022,Dec,Mukdahan,0.0
2022,Dec,Nakhon Phanom,0.0
2022,Dec,Nakhon Ratchasima,0.0
2022,Dec,Nakhon Sawan,0.3
2022,Dec,Nan,0.1
2022,Dec,Nang Rong,0.0
2022,Dec,Narathiwat,1324.6
2022,Dec,Nong Khai,0.0
2022,Dec,Pattani Airport,843.1
2022,Dec,Pattaya,2.2
2022,Dec,Phayao,16.8
2022,Dec,Phetchabun,0.0
2022,Dec,Phetchaburi,0.5
2022,Dec,Phitsanulok,38.8
2022,Dec,Phrae,0.8
2022,Dec,Phuket,103.7
2022,Dec,Phuket Airport,97.0
2022,Dec,Prachin Buri,0.0
2022,Dec,Ranong,99.3
2022,Dec,Rayong,0.0
2022,Dec,Roi Et,0.0
2022,Dec,Sakon Nakhon,0.0
2022,Dec,Sattahip,2.0
2022,Dec,Satun,106.5
2022,Dec,Songkhla,1052.9
2022,Dec,Suphan Buri,7.5
2022,Dec,Surat Thani,-0.5
2022,Dec,Surin,0.0
2022,Dec,Tak,0.2
2022,Dec,Takua Pa,0.0
2022,Dec,Tha Tum,23.7
2022,Dec,Trang Airport,-0.1
2022,Dec,Ubon Ratchathani,0.0
2022,Dec,Udon Thani,0.0
2022,Dec,Umphang,0.0
2022,Dec,Uttaradit,0.0
2022,Dec,Wichian Buri,0.0
2022,Feb,Aranyaprathet,131.1
2022,Feb,Bangkok Airport,95.3
2022,Feb,Bangkok Metropolis,115.3
2022,Feb,Bhumibol Dam,106.4
2022,Feb,Bua Chum,2.0
2022,Feb,Chaiyaphum,23.7
2022,Feb,Chanthaburi,117.2
2022,Feb,Chiang Mai,33.9
2022,Feb,Chiang Rai,41.5
2022,Feb,Chok Chai,37.9
2022,Feb,Chon Buri,50.6
2022,Feb,Chumphon,291.8
2022,Feb,Hua Hin,172.7
2022,Feb,Kabin Buri,42.0
2022,Feb,Kamphaeng Phet,137.6
2022,Feb,Kanchanaburi,130.8
2022,Feb,Khlong Yai,156.1
2022,Feb,Khon Kaen,45.2
2022,Feb,Kosum Phisai,20.7
2022,Feb,Lampang,15.0
2022,Feb,Lamphun,33.3
2022,Feb,Loei,74.1
2022,Feb,Lom Sak,13.5
2022,Feb,Lop Buri,20.5
2022,Feb,Mae Sariang,6.8
2022,Feb,Mae Sot,46.6
2022,Feb,Mukdahan,36.6
2022,Feb,Nakhon Phanom,21.7
2022,Feb,Nakhon Ratchasima,8.1
2022,Feb,Nakhon Sawan,71.4
2022,Feb,Nan,40.9
2022,Feb,Nang Rong,71.6
2022,Feb,Narathiwat,536.1
2022,Feb,Nong Khai,148.4
2022,Feb,Pattani Airport,370.0
2022,Feb,Pattaya,82.0
2022,Feb,Phayao,26.6
2022,Feb,Phetchabun,26.3
2022,Feb,Phetchaburi,158.9
2022,Feb,Phitsanulok,114.6
2022,Feb,Phrae,48.8
2022,Feb,Phuket,100.3
2022,Feb,Phuket Airport,115.2
2022,Feb,Prachin Buri,70.6
2022,Feb,Ranong,156.8
2022,Feb,Rayong,47.3
2022,Feb,Roi Et,8.8
2022,Feb,Sakon Nakhon,38.8
2022,Feb,Sattahip,165.6
2022,Feb,Satun,117.9
2022,Feb,Songkhla,230.4
2022,Feb,Suphan Buri,17.4
2022,Feb,Surat Thani,-0.2
2022,Feb,Surin,71.5
2022,Feb,Tak,-1.1
2022,Feb,Takua Pa,0.2
2022,Feb,Tha Tum,25.4
2022,Feb,Trang Airport,-0.1
2022,Feb,Ubon Ratchathani,42.2
2022,Feb,Udon Thani,-1.3
2022,Feb,Umphang,114.0
2022,Feb,Uttaradit,94.0
2022,Feb,Wichian Buri,13.4
2022,Jan,Aranyaprathet,9.5
2022,Jan,Bangkok Airport,29.1
2022,Jan,Bangkok Metropolis,34.4
2022,Jan,Bhumibol Dam,2.2
2022,Jan,Bua Chum,65.4
2022,Jan,Chaiyaphum,24.1
2022,Jan,Chanthaburi,19.7
2022,Jan,Chiang Mai,26.7
2022,Jan,Chiang Rai,89.0
2022,Jan,Chok Chai,0.1
2022,Jan,Chon Buri,1.8
2022,Jan,Chumphon,20.7
2022,Jan,Hua Hin,19.9
2022,Jan,Kabin Buri,5.7
2022,Jan,Kamphaeng Phet,15.1
2022,Jan,Kanchanaburi,1.4
2022,Jan,Khlong Yai,52.3
2022,Jan,Khon Kaen,3.8
2022,Jan,Kosum Phisai,0.0
2022,Jan,Lampang,35.8
2022,Jan,Lamphun,25.7
2022,Jan,Loei,13.4
2022,Jan,Lom Sak,16.5
2022,Jan,Lop Buri,4.4
2022,Jan,Mae Sariang,17.6
2022,Jan,Mae Sot,27.9
2022,Jan,Mukdahan,4.6
2022,Jan,Nakhon Phanom,6.5
2022,Jan,Nakhon Ratchasima,1.9
2022,Jan,Nakhon Sawan,28.9
2022,Jan,Nan,11.2
2022,Jan,Nang Rong,0.8
2022,Jan,Narathiwat,29.4
2022,Jan,Nong Khai,26.2
2022,Jan,Pattani Airport,1.1
2022,Jan,Pattaya,50.8
2022,Jan,Phayao,29.5
2022,Jan,Phetchabun,12.7
2022,Jan,Phetchaburi,50.7
2022,Jan,Phitsanulok,1.7
2022,Jan,Phrae,25.8
2022,Jan,Phuket,6.0
2022,Jan,Phuket Airport,31.4
2022,Jan,Prachin Buri,7.0
2022,Jan,Ranong,13.8
2022,Jan,Rayong,47.4
2022,Jan,Roi Et,14.0
2022,Jan,Sakon Nakhon,1.6
2022,Jan,Sattahip,51.9
2022,Jan,Satun,1.2
2022,Jan,Songkhla,91.6
2022,Jan,Suphan Buri,0.4
2022,Jan,Surat Thani,0.4
2022,Jan,Surin,1.0
2022,Jan,Tak,1.0
2022,Jan,Takua Pa,0.8
2022,Jan,Tha Tum,25.4
2022,Jan,Trang Airport,0.3
2022,Jan,Ubon Ratchathani,2.0
2022,Jan,Udon Thani,1.1
2022,Jan,Umphang,7.1
2022,Jan,Uttaradit,10.1
2022,Jan,Wichian Buri,11.2
2022,Jul,Aranyaprathet,131.7
2022,Jul,Bangkok Airport,184.3
2022,Jul,Bangkok Metropolis,403.4
2022,Jul,Bhumibol Dam,135.6
2022,Jul,Bua Chum,150.0
2022,Jul,Chaiyaphum,417.7
2022,Jul,Chanthaburi,550.5
2022,Jul,Chiang Mai,171.7
2022,Jul,Chiang Rai,302.1
2022,Jul,Chok Chai,225.7
2022,Jul,Chon Buri,223.0
2022,Jul,Chumphon,263.7
2022,Jul,Hua Hin,70.4
2022,Jul,Kabin Buri,185.8
2022,Jul,Kamphaeng Phet,145.3
2022,Jul,Kanchanaburi,94.1
2022,Jul,Khlong Yai,1547.8
2022,Jul,Khon Kaen,281.2
2022,Jul,Kosum Phisai,179.4
2022,Jul,Lampang,173.2
2022,Jul,Lamphun,121.0
2022,Jul,Loei,359.2
2022,Jul,Lom Sak,209.5
2022,Jul,Lop Buri,91.5
2022,Jul,Mae Sariang,158.0
2022,Jul,Mae Sot,136.9
2022,Jul,Mukdahan,319.9
2022,Jul,Nakhon Phanom,273.6
2022,Jul,Nakhon Ratchasima,243.3
2022,Jul,Nakhon Sawan,250.1
2022,Jul,Nan,268.9
2022,Jul,Nang Rong,419.2
2022,Jul,Narathiwat,238.5
2022,Jul,Nong Khai,450.9
2022,Jul,Pattani Airport,185.6
2022,Jul,Pattaya,135.9
2022,Jul,Phayao,129.1
2022,Jul,Phetchabun,297.0
2022,Jul,Phetchaburi,91.4
2022,Jul,Phitsanulok,195.5
2022,Jul,Phrae,247.4
2022,Jul,Phuket,359.8
2022,Jul,Phuket Airport,385.8
2022,Jul,Prachin Buri,341.2
2022,Jul,Ranong,889.5
2022,Jul,Rayong,150.6
2022,Jul,Roi Et,263.4
2022,Jul,Sakon Nakhon,223.7
2022,Jul,Sattahip,175.3
2022,Jul,Satun,232.9
2022,Jul,Songkhla,91.3
2022,Jul,Suphan Buri,182.8
2022,Jul,Surat Thani,-0.2
2022,Jul,Surin,239.7
2022,Jul,Tak,1.1
2022,Jul,Takua Pa,-0.3
2022,Jul,Tha Tum,28.2
2022,Jul,Trang Airport,0.5
2022,Jul,Ubon Ratchathani,429.1
2022,Jul,Udon Thani,0.5
2022,Jul,Umphang,248.9
2022,Jul,Uttaradit,228.5
2022,Jul,Wichian Buri,177.9
2022,Mar,Aranyaprathet,104.0
2022,Mar,Bangkok Airport,75.4
2022,Mar,Bangkok Metropolis,74.8
2022,Mar,Bhumibol Dam,27.6
2022,Mar,Bua Chum,161.0
2022,Mar,Chaiyaphum,119.7
2022,Mar,Chanthaburi,113.0
2022,Mar,Chiang Mai,47.0
2022,Mar,Chiang Rai,33.9
2022,Mar,Chok Chai,91.5
2022,Mar,Chon Buri,117.9
2022,Mar,Chumphon,104.0
2022,Mar,Hua Hin,33.3
2022,Mar,Kabin Buri,179.3
2022,Mar,Kamphaeng Phet,16.1
2022,Mar,Kanchanaburi,108.3
2022,Mar,Khlong Yai,139.4
2022,Mar,Khon Kaen,47.4
2022,Mar,Kosum Phisai,44.7
2022,Mar,Lampang,28.1
2022,Mar,Lamphun,61.8
2022,Mar,Loei,117.7
2022,Mar,Lom Sak,77.8
2022,Mar,Lop Buri,36.5
2022,Mar,Mae Sariang,21.7
2022,Mar,Mae Sot,28.9
2022,Mar,Mukdahan,64.4
2022,Mar,Nakhon Phanom,50.7
2022,Mar,Nakhon Ratchasima,67.4
2022,Mar,Nakhon Sawan,62.9
2022,Mar,Nan,194.6
2022,Mar,Nang Rong,13.6
2022,Mar,Narathiwat,177.3
2022,Mar,Nong Khai,193.3
2022,Mar,Pattani Airport,99.7
2022,Mar,Pattaya,27.0
2022,Mar,Phayao,87.3
2022,Mar,Phetchabun,97.7
2022,Mar,Phetchaburi,24.3
2022,Mar,Phitsanulok,18.2
2022,Mar,Phrae,92.3
2022,Mar,Phuket,123.0
2022,Mar,Phuket Airport,140.5
2022,Mar,Prachin Buri,69.7
2022,Mar,Ranong,206.1
2022,Mar,Rayong,54.1
2022,Mar,Roi Et,112.9
2022,Mar,Sakon Nakhon,62.8
2022,Mar,Sattahip,189.8
2022,Mar,Satun,324.0
2022,Mar,Songkhla,57.0
2022,Mar,Suphan Buri,18.0
2022,Mar,Surat Thani,0.0
2022,Mar,Surin,187.2
2022,Mar,Tak,-0.3
2022,Mar,Takua Pa,-0.1
2022,Mar,Tha Tum,28.5
2022,Mar,Trang Airport,-0.3
2022,Mar,Ubon Ratchathani,70.3
2022,Mar,Udon Thani,0.2
2022,Mar,Umphang,115.8
2022,Mar,Uttaradit,2.7
2022,Mar,Wichian Buri,282.9
2022,May,Aranyaprathet,145.8
2022,May,Bangkok Airport,286.0
2022,May,Bangkok Metropolis,182.8
2022,May,Bhumibol Dam,213.8
2022,May,Bua Chum,191.6
2022,May,Chaiyaphum,82.1
2022,May,Chanthaburi,368.7
2022,May,Chiang Mai,392.0
2022,May,Chiang Rai,247.8
2022,May,Chok Chai,98.4
2022,May,Chon Buri,133.2
2022,May,Chumphon,477.7
2022,May,Hua Hin,283.2
2022,May,Kabin Buri,150.4
2022,May,Kamphaeng Phet,405.6
2022,May,Kanchanaburi,152.7
2022,May,Khlong Yai,276.2
2022,May,Khon Kaen,192.5
2022,May,Kosum Phisai,361.8
2022,May,Lampang,200.4
2022,May,Lamphun,289.7
2022,May,Loei,120.0
2022,May,Lom Sak,55.7
2022,May,Lop Buri,68.0
2022,May,Mae Sariang,276.4
2022,May,Mae Sot,394.4
2022,May,Mukdahan,218.2
2022,May,Nakhon Phanom,257.3
2022,May,Nakhon Ratchasima,252.3
2022,May,Nakhon Sawan,116.6
2022,May,Nan,174.6
2022,May,Nang Rong,384.4
2022,May,Narathiwat,248.2
2022,May,Nong Khai,270.4
2022,May,Pattani Airport,222.3
2022,May,Pattaya,64.0
2022,May,Phayao,232.6
2022,May,Phetchabun,94.6
2022,May,Phetchaburi,116.6
2022,May,Phitsanulok,261.5
2022,May,Phrae,191.3
2022,May,Phuket,324.3
2022,May,Phuket Airport,263.9
2022,May,Prachin Buri,215.3
2022,May,Ranong,692.7
2022,May,Rayong,169.9
2022,May,Roi Et,292.1
2022,May,Sakon Nakhon,250.3
2022,May,Sattahip,93.3
2022,May,Satun,232.6
2022,May,Songkhla,167.1
2022,May,Suphan Buri,186.2
2022,May,Surat Thani,-0.6
2022,May,Surin,270.7
2022,May,Tak,-1.3
2022,May,Takua Pa,-0.2
2022,May,Tha Tum,27.5
2022,May,Trang Airport,-0.4
2022,May,Ubon Ratchathani,347.9
2022,May,Udon Thani,-1.3
2022,May,Umphang,285.8
2022,May,Uttaradit,196.3
2022,May,Wichian Buri,193.4
2022,Nov,Aranyaprathet,44.2
2022,Nov,Bangkok Airport,102.6
2022,Nov,Bangkok Metropolis,117.9
2022,Nov,Bhumibol Dam,67.5
2022,Nov,Bua Chum,31.8
2022,Nov,Chaiyaphum,94.8
2022,Nov,Chanthaburi,155.4
2022,Nov,Chiang Mai,16.0
2022,Nov,Chiang Rai,73.6
2022,Nov,Chok Chai,171.7
2022,Nov,Chon Buri,91.4
2022,Nov,Chumphon,316.8
2022,Nov,Hua Hin,131.4
2022,Nov,Kabin Buri,31.0
2022,Nov,Kamphaeng Phet,76.7
2022,Nov,Kanchanaburi,51.2
2022,Nov,Khlong Yai,147.1
2022,Nov,Khon Kaen,47.0
2022,Nov,Kosum Phisai,26.4
2022,Nov,Lampang,25.8
2022,Nov,Lamphun,37.3
2022,Nov,Loei,28.2
2022,Nov,Lom Sak,32.8
2022,Nov,Lop Buri,124.8
2022,Nov,Mae Sariang,73.1
2022,Nov,Mae Sot,6.8
2022,Nov,Mukdahan,51.4
2022,Nov,Nakhon Phanom,29.7
2022,Nov,Nakhon Ratchasima,63.8
2022,Nov,Nakhon Sawan,111.0
2022,Nov,Nan,41.4
2022,Nov,Nang Rong,94.4
2022,Nov,Narathiwat,569.5
2022,Nov,Nong Khai,43.6
2022,Nov,Pattani Airport,280.5
2022,Nov,Pattaya,118.7
2022,Nov,Phayao,11.0
2022,Nov,Phetchabun,44.3
2022,Nov,Phetchaburi,67.9
2022,Nov,Phitsanulok,52.5
2022,Nov,Phrae,3.1
2022,Nov,Phuket,344.1
2022,Nov,Phuket Airport,232.3
2022,Nov,Prachin Buri,71.3
2022,Nov,Ranong,289.9
2022,Nov,Rayong,292.6
2022,Nov,Roi Et,56.9
2022,Nov,Sakon Nakhon,22.9
2022,Nov,Sattahip,79.0
2022,Nov,Satun,284.3
2022,Nov,Songkhla,435.8
2022,Nov,Suphan Buri,104.9
2022,Nov,Surat Thani,-0.1
2022,Nov,Surin,43.6
2022,Nov,Tak,0.6
2022,Nov,Takua Pa,0.0
2022,Nov,Tha Tum,27.0
2022,Nov,Trang Airport,0.1
2022,Nov,Ubon Ratchathani,25.6
2022,Nov,Udon Thani,1.4
2022,Nov,Umphang,16.7
2022,Nov,Uttaradit,1.7
2022,Nov,Wichian Buri,97.0
2022,Sep,Aranyaprathet,316.5
2022,Sep,Bangkok Airport,291.2
2022,Sep,Bangkok Metropolis,687.0
2022,Sep,Bhumibol Dam,411.1
2022,Sep,Bua Chum,367.9
2022,Sep,Chaiyaphum,516.1
2022,Sep,Chanthaburi,836.7
2022,Sep,Chiang Mai,452.9
2022,Sep,Chiang Rai,251.6
2022,Sep,Chok Chai,222.8
2022,Sep,Chon Buri,301.9
2022,Sep,Chumphon,203.6
2022,Sep,Hua Hin,45.1
2022,Sep,Kabin Buri,440.6
2022,Sep,Kamphaeng Phet,330.5
2022,Sep,Kanchanaburi,288.6
2022,Sep,Khlong Yai,917.9
2022,Sep,Khon Kaen,455.0
2022,Sep,Kosum Phisai,254.1
2022,Sep,Lampang,355.2
2022,Sep,Lamphun,340.2
2022,Sep,Loei,301.8
2022,Sep,Lom Sak,363.3
2022,Sep,Lop Buri,312.7
2022,Sep,Mae Sariang,369.6
2022,Sep,Mae Sot,274.5
2022,Sep,Mukdahan,306.0
2022,Sep,Nakhon Phanom,283.2
2022,Sep,Nakhon Ratchasima,307.8
2022,Sep,Nakhon Sawan,276.7
2022,Sep,Nan,201.4
2022,Sep,Nang Rong,392.1
2022,Sep,Narathiwat,183.0
2022,Sep,Nong Khai,282.1
2022,Sep,Pattani Airport,116.1
2022,Sep,Pattaya,300.2
2022,Sep,Phayao,383.8
2022,Sep,Phetchabun,236.8
2022,Sep,Phetchaburi,99.8
2022,Sep,Phitsanulok,379.2
2022,Sep,Phrae,235.7
2022,Sep,Phuket,169.0
2022,Sep,Phuket Airport,615.0
2022,Sep,Prachin Buri,407.5
2022,Sep,Ranong,866.7
2022,Sep,Rayong,650.9
2022,Sep,Roi Et,289.5
2022,Sep,Sakon Nakhon,257.8
2022,Sep,Sattahip,334.2
2022,Sep,Satun,300.3
2022,Sep,Songkhla,125.4
2022,Sep,Suphan Buri,262.1
2022,Sep,Surat Thani,0.1
2022,Sep,Surin,676.3
2022,Sep,Tak,-0.4
2022,Sep,Takua Pa,0.4
2022,Sep,Tha Tum,27.2
2022,Sep,Trang Airport,0.2
2022,Sep,Ubon Ratchathani,653.9
2022,Sep,Udon Thani,-0.1
2022,Sep,Umphang,323.6
2022,Sep,Uttaradit,227.3
2022,Sep,Wichian Buri,540.0
2023,Apr,Aranyaprathet,59.5
2023,Apr,Bangkok Airport,13.8
2023,Apr,Bangkok Metropolis,25.4
2023,Apr,Bhumibol Dam,10.7
2023,Apr,Bua Chum,107.9
2023,Apr,Chaiyaphum,54.0
2023,Apr,Chanthaburi,168.3
2023,Apr,Chiang Mai,1.5
2023,Apr,Chiang Rai,40.6
2023,Apr,Chok Chai,74.7
2023,Apr,Chon Buri,138.1
2023,Apr,Chumphon,10.5
2023,Apr,Hua Hin,0.0
2023,Apr,Kabin Buri,0.7
2023,Apr,Kamphaeng Phet,6.4
2023,Apr,Kanchanaburi,16.2
2023,Apr,Khlong Yai,76.3
2023,Apr,Khon Kaen,35.6
2023,Apr,Kosum Phisai,43.5
2023,Apr,Lampang,3.2
2023,Apr,Lamphun,11.4
2023,Apr,Loei,14.4
2023,Apr,Lom Sak,68.1
2023,Apr,Lop Buri,33.7
2023,Apr,Mae Sariang,31.0
2023,Apr,Mae Sot,10.4
2023,Apr,Mukdahan,68.9
2023,Apr,Nakhon Phanom,53.4
2023,Apr,Nakhon Ratchasima,12.3
2023,Apr,Nakhon Sawan,23.6
2023,Apr,Nan,39.0
2023,Apr,Nang Rong,64.7
2023,Apr,Narathiwat,53.4
2023,Apr,Nong Khai,6.6
2023,Apr,Pattani Airport,4.8
2023,Apr,Pattaya,40.2
2023,Apr,Phayao,30.2
2023,Apr,Phetchabun,25.4
2023,Apr,Phetchaburi,0.3
2023,Apr,Phitsanulok,75.5
2023,Apr,Phrae,5.4
2023,Apr,Phuket,45.3
2023,Apr,Phuket Airport,28.2
2023,Apr,Prachin Buri,32.4
2023,Apr,Ranong,18.4
2023,Apr,Rayong,62.3
2023,Apr,Roi Et,84.0
2023,Apr,Sakon Nakhon,35.8
2023,Apr,Sattahip,48.1
2023,Apr,Satun,156.2
2023,Apr,Songkhla,9.8
2023,Apr,Suphan Buri,8.2
2023,Apr,Surat Thani,1.0
2023,Apr,Surin,95.9
2023,Apr,Tak,1.5
2023,Apr,Takua Pa,0.4
2023,Apr,Tha Tum,31.3
2023,Apr,Trang Airport,0.7
2023,Apr,Ubon Ratchathani,75.7
2023,Apr,Udon Thani,2.7
2023,Apr,Umphang,34.4
2023,Apr,Uttaradit,3.0
2023,Apr,Wichian Buri,16.1
2023,Aug,Aranyaprathet,154.3
2023,Aug,Bangkok Airport,181.5
2023,Aug,Bangkok Metropolis,198.0
2023,Aug,Bhumibol Dam,51.2
2023,Aug,Bua Chum,178.9
2023,Aug,Chaiyaphum,243.7
2023,Aug,Chanthaburi,192.3
2023,Aug,Chiang Mai,102.9
2023,Aug,Chiang Rai,214.0
2023,Aug,Chok Chai,152.1
2023,Aug,Chon Buri,56.1
2023,Aug,Chumphon,73.3
2023,Aug,Hua Hin,87.0
2023,Aug,Kabin Buri,172.9
2023,Aug,Kamphaeng Phet,69.3
2023,Aug,Kanchanaburi,139.4
2023,Aug,Khlong Yai,502.6
2023,Aug,Khon Kaen,83.3
2023,Aug,Kosum Phisai,95.1
2023,Aug,Lampang,51.9
2023,Aug,Lamphun,78.7
2023,Aug,Loei,95.9
2023,Aug,Lom Sak,66.5
2023,Aug,Lop Buri,30.0
2023,Aug,Mae Sariang,238.6
2023,Aug,Mae Sot,590.3
2023,Aug,Mukdahan,240.6
2023,Aug,Nakhon Phanom,561.4
2023,Aug,Nakhon Ratchasima,115.5
2023,Aug,Nakhon Sawan,165.5
2023,Aug,Nan,190.6
2023,Aug,Nang Rong,118.3
2023,Aug,Narathiwat,171.4
2023,Aug,Nong Khai,354.6
2023,Aug,Pattani Airport,126.8
2023,Aug,Pattaya,57.2
2023,Aug,Phayao,145.9
2023,Aug,Phetchabun,81.5
2023,Aug,Phetchaburi,71.6
2023,Aug,Phitsanulok,168.3
2023,Aug,Phrae,75.9
2023,Aug,Phuket,319.4
2023,Aug,Phuket Airport,294.4
2023,Aug,Prachin Buri,252.2
2023,Aug,Ranong,668.9
2023,Aug,Rayong,34.1
2023,Aug,Roi Et,128.0
2023,Aug,Sakon Nakhon,326.2
2023,Aug,Sattahip,12.4
2023,Aug,Satun,443.1
2023,Aug,Songkhla,87.2
2023,Aug,Suphan Buri,87.2
2023,Aug,Surat Thani,0.8
2023,Aug,Surin,280.5
2023,Aug,Tak,1.1
2023,Aug,Takua Pa,0.5
2023,Aug,Tha Tum,28.6
2023,Aug,Trang Airport,0.6
2023,Aug,Ubon Ratchathani,441.5
2023,Aug,Udon Thani,0.4
2023,Aug,Umphang,265.3
2023,Aug,Uttaradit,65.8
2023,Aug,Wichian Buri,171.7
2023,Feb,Aranyaprathet,2.2
2023,Feb,Bangkok Airport,3.8
2023,Feb,Bangkok Metropolis,45.3
2023,Feb,Bhumibol Dam,0.6
2023,Feb,Bua Chum,8.0
2023,Feb,Chaiyaphum,7.4
2023,Feb,Chanthaburi,62.0
2023,Feb,Chiang Mai,4.0
2023,Feb,Chiang Rai,43.3
2023,Feb,Chok Chai,32.3
2023,Feb,Chon Buri,13.9
2023,Feb,Chumphon,78.0
2023,Feb,Hua Hin,0.0
2023,Feb,Kabin Buri,2.7
2023,Feb,Kamphaeng Phet,1.7
2023,Feb,Kanchanaburi,112.4
2023,Feb,Khlong Yai,30.4
2023,Feb,Khon Kaen,1.0
2023,Feb,Kosum Phisai,2.6
2023,Feb,Lampang,4.5
2023,Feb,Lamphun,10.6
2023,Feb,Loei,0.7
2023,Feb,Lom Sak,17.1
2023,Feb,Lop Buri,11.1
2023,Feb,Mae Sariang,19.8
2023,Feb,Mae Sot,1.6
2023,Feb,Mukdahan,0.0
2023,Feb,Nakhon Phanom,13.2
2023,Feb,Nakhon Ratchasima,14.1
2023,Feb,Nakhon Sawan,8.6
2023,Feb,Nan,0.0
2023,Feb,Nang Rong,0.0
2023,Feb,Narathiwat,220.5
2023,Feb,Nong Khai,2.5
2023,Feb,Pattani Airport,123.8
2023,Feb,Pattaya,15.4
2023,Feb,Phayao,57.6
2023,Feb,Phetchabun,35.4
2023,Feb,Phetchaburi,3.9
2023,Feb,Phitsanulok,0.0
2023,Feb,Phrae,0.0
2023,Feb,Phuket,48.7
2023,Feb,Phuket Airport,105.7
2023,Feb,Prachin Buri,26.2
2023,Feb,Ranong,3.1
2023,Feb,Rayong,99.4
2023,Feb,Roi Et,0.1
2023,Feb,Sakon Nakhon,6.8
2023,Feb,Sattahip,21.4
2023,Feb,Satun,10.1
2023,Feb,Songkhla,111.4
2023,Feb,Suphan Buri,0.4
2023,Feb,Surat Thani,-0.2
2023,Feb,Surin,4.7
2023,Feb,Tak,-0.5
2023,Feb,Takua Pa,0.2
2023,Feb,Tha Tum,26.6
2023,Feb,Trang Airport,0.1
2023,Feb,Ubon Ratchathani,0.9
2023,Feb,Udon Thani,0.7
2023,Feb,Umphang,44.0
2023,Feb,Uttaradit,0.0
2023,Feb,Wichian Buri,8.7
2023,Jan,Aranyaprathet,5.5
2023,Jan,Bangkok Airport,0.0
2023,Jan,Bangkok Metropolis,0.0
2023,Jan,Bhumibol Dam,0.0
2023,Jan,Bua Chum,0.0
2023,Jan,Chaiyaphum,1.7
2023,Jan,Chanthaburi,3.3
2023,Jan,Chiang Mai,0.0
2023,Jan,Chiang Rai,0.0
2023,Jan,Chok Chai,16.4
2023,Jan,Chon Buri,0.0
2023,Jan,Chumphon,2.3
2023,Jan,Hua Hin,0.0
2023,Jan,Kabin Buri,36.8
2023,Jan,Kamphaeng Phet,0.0
2023,Jan,Kanchanaburi,0.0
2023,Jan,Khlong Yai,6.3
2023,Jan,Khon Kaen,8.1
2023,Jan,Kosum Phisai,26.3
2023,Jan,Lampang,0.0
2023,Jan,Lamphun,0.0
2023,Jan,Loei,0.0
2023,Jan,Lom Sak,0.3
2023,Jan,Lop Buri,0.0
2023,Jan,Mae Sariang,0.0
2023,Jan,Mae Sot,0.0
2023,Jan,Mukdahan,0.7
2023,Jan,Nakhon Phanom,22.6
2023,Jan,Nakhon Ratchasima,4.0
2023,Jan,Nakhon Sawan,0.0
2023,Jan,Nan,0.0
2023,Jan,Nang Rong,54.2
2023,Jan,Narathiwat,539.7
2023,Jan,Nong Khai,2.4
2023,Jan,Pattani Airport,362.9
2023,Jan,Pattaya,0.2
2023,Jan,Phayao,0.0
2023,Jan,Phetchabun,7.0
2023,Jan,Phetchaburi,0.0
2023,Jan,Phitsanulok,0.1
2023,Jan,Phrae,0.0
2023,Jan,Phuket,12.7
2023,Jan,Phuket Airport,59.1
2023,Jan,Prachin Buri,3.6
2023,Jan,Ranong,2.4
2023,Jan,Rayong,0.6
2023,Jan,Roi Et,18.0
2023,Jan,Sakon Nakhon,18.7
2023,Jan,Sattahip,0.2
2023,Jan,Satun,132.0
2023,Jan,Songkhla,396.4
2023,Jan,Suphan Buri,0.0
2023,Jan,Surat Thani,-0.5
2023,Jan,Surin,0.8
2023,Jan,Tak,-1.1
2023,Jan,Takua Pa,0.2
2023,Jan,Tha Tum,22.9
2023,Jan,Trang Airport,-0.3
2023,Jan,Ubon Ratchathani,38.4
2023,Jan,Udon Thani,-1.1
2023,Jan,Umphang,4.3
2023,Jan,Uttaradit,0.0
2023,Jan,Wichian Buri,0.0
2023,Jul,Aranyaprathet,137.5
2023,Jul,Bangkok Airport,143.0
2023,Jul,Bangkok Metropolis,223.2
2023,Jul,Bhumibol Dam,108.3
2023,Jul,Bua Chum,46.4
2023,Jul,Chaiyaphum,151.7
2023,Jul,Chanthaburi,622.0
2023,Jul,Chiang Mai,153.2
2023,Jul,Chiang Rai,166.0
2023,Jul,Chok Chai,22.5
2023,Jul,Chon Buri,174.9
2023,Jul,Chumphon,268.2
2023,Jul,Hua Hin,32.6
2023,Jul,Kabin Buri,198.9
2023,Jul,Kamphaeng Phet,84.1
2023,Jul,Kanchanaburi,275.1
2023,Jul,Khlong Yai,488.3
2023,Jul,Khon Kaen,176.4
2023,Jul,Kosum Phisai,226.1
2023,Jul,Lampang,106.4
2023,Jul,Lamphun,127.2
2023,Jul,Loei,177.9
2023,Jul,Lom Sak,112.2
2023,Jul,Lop Buri,130.3
2023,Jul,Mae Sariang,256.2
2023,Jul,Mae Sot,240.3
2023,Jul,Mukdahan,500.8
2023,Jul,Nakhon Phanom,564.9
2023,Jul,Nakhon Ratchasima,54.4
2023,Jul,Nakhon Sawan,41.2
2023,Jul,Nan,161.4
2023,Jul,Nang Rong,83.2
2023,Jul,Narathiwat,307.5
2023,Jul,Nong Khai,405.8
2023,Jul,Pattani Airport,132.0
2023,Jul,Pattaya,140.8
2023,Jul,Phayao,140.4
2023,Jul,Phetchabun,127.7
2023,Jul,Phetchaburi,17.9
2023,Jul,Phitsanulok,106.0
2023,Jul,Phrae,108.8
2023,Jul,Phuket,311.8
2023,Jul,Phuket Airport,424.7
2023,Jul,Prachin Buri,214.0
2023,Jul,Ranong,734.2
2023,Jul,Rayong,195.7
2023,Jul,Roi Et,341.3
2023,Jul,Sakon Nakhon,423.0
2023,Jul,Sattahip,223.0
2023,Jul,Satun,264.3
2023,Jul,Songkhla,85.1
2023,Jul,Suphan Buri,47.1
2023,Jul,Surat Thani,0.3
2023,Jul,Surin,169.4
2023,Jul,Tak,1.7
2023,Jul,Takua Pa,0.1
2023,Jul,Tha Tum,28.7
2023,Jul,Trang Airport,0.7
2023,Jul,Ubon Ratchathani,441.8
2023,Jul,Udon Thani,0.8
2023,Jul,Umphang,259.7
2023,Jul,Uttaradit,127.8
2023,Jul,Wichian Buri,71.8
2023,Jun,Aranyaprathet,162.7
2023,Jun,Bangkok Airport,66.2
2023,Jun,Bangkok Metropolis,97.4
2023,Jun,Bhumibol Dam,16.7
2023,Jun,Bua Chum,166.2
2023,Jun,Chaiyaphum,60.3
2023,Jun,Chanthaburi,470.8
2023,Jun,Chiang Mai,104.7
2023,Jun,Chiang Rai,218.5
2023,Jun,Chok Chai,88.8
2023,Jun,Chon Buri,87.2
2023,Jun,Chumphon,167.4
2023,Jun,Hua Hin,35.1
2023,Jun,Kabin Buri,279.9
2023,Jun,Kamphaeng Phet,104.2
2023,Jun,Kanchanaburi,105.4
2023,Jun,Khlong Yai,565.1
2023,Jun,Khon Kaen,197.9
2023,Jun,Kosum Phisai,154.5
2023,Jun,Lampang,87.5
2023,Jun,Lamphun,45.6
2023,Jun,Loei,152.9
2023,Jun,Lom Sak,158.5
2023,Jun,Lop Buri,40.0
2023,Jun,Mae Sariang,123.3
2023,Jun,Mae Sot,172.7
2023,Jun,Mukdahan,124.1
2023,Jun,Nakhon Phanom,339.6
2023,Jun,Nakhon Ratchasima,81.7
2023,Jun,Nakhon Sawan,84.1
2023,Jun,Nan,114.5
2023,Jun,Nang Rong,232.6
2023,Jun,Narathiwat,175.7
2023,Jun,Nong Khai,239.3
2023,Jun,Pattani Airport,160.7
2023,Jun,Pattaya,19.6
2023,Jun,Phayao,137.8
2023,Jun,Phetchabun,164.0
2023,Jun,Phetchaburi,17.0
2023,Jun,Phitsanulok,113.5
2023,Jun,Phrae,121.8
2023,Jun,Phuket,115.7
2023,Jun,Phuket Airport,142.1
2023,Jun,Prachin Buri,173.9
2023,Jun,Ranong,544.0
2023,Jun,Rayong,88.0
2023,Jun,Roi Et,232.7
2023,Jun,Sakon Nakhon,390.2
2023,Jun,Sattahip,52.4
2023,Jun,Satun,156.2
2023,Jun,Songkhla,170.2
2023,Jun,Suphan Buri,71.2
2023,Jun,Surat Thani,0.3
2023,Jun,Surin,241.7
2023,Jun,Tak,1.4
2023,Jun,Takua Pa,0.4
2023,Jun,Tha Tum,28.9
2023,Jun,Trang Airport,0.5
2023,Jun,Ubon Ratchathani,303.7
2023,Jun,Udon Thani,0.3
2023,Jun,Umphang,69.0
2023,Jun,Uttaradit,66.0
2023,Jun,Wichian Buri,32.8
2023,Mar,Aranyaprathet,15.6
2023,Mar,Bangkok Airport,5.8
2023,Mar,Bangkok Metropolis,4.7
2023,Mar,Bhumibol Dam,4.5
2023,Mar,Bua Chum,0.2
2023,Mar,Chaiyaphum,4.0
2023,Mar,Chanthaburi,7.5
2023,Mar,Chiang Mai,32.5
2023,Mar,Chiang Rai,10.5
2023,Mar,Chok Chai,3.2
2023,Mar,Chon Buri,31.8
2023,Mar,Chumphon,7.9
2023,Mar,Hua Hin,5.1
2023,Mar,Kabin Buri,0.9
2023,Mar,Kamphaeng Phet,25.5
2023,Mar,Kanchanaburi,5.7
2023,Mar,Khlong Yai,70.9
2023,Mar,Khon Kaen,47.1
2023,Mar,Kosum Phisai,14.5
2023,Mar,Lampang,10.8
2023,Mar,Lamphun,30.6
2023,Mar,Loei,27.9
2023,Mar,Lom Sak,0.0
2023,Mar,Lop Buri,0.0
2023,Mar,Mae Sariang,0.0
2023,Mar,Mae Sot,15.4
2023,Mar,Mukdahan,0.9
2023,Mar,Nakhon Phanom,10.3
2023,Mar,Nakhon Ratchasima,0.9
2023,Mar,Nakhon Sawan,0.1
2023,Mar,Nan,7.5
2023,Mar,Nang Rong,49.6
2023,Mar,Narathiwat,9.7
2023,Mar,Nong Khai,12.6
2023,Mar,Pattani Airport,14.6
2023,Mar,Pattaya,0.0
2023,Mar,Phayao,1.4
2023,Mar,Phetchabun,0.0
2023,Mar,Phetchaburi,1.9
2023,Mar,Phitsanulok,0.0
2023,Mar,Phrae,21.7
2023,Mar,Phuket,9.4
2023,Mar,Phuket Airport,13.1
2023,Mar,Prachin Buri,0.0
2023,Mar,Ranong,0.7
2023,Mar,Rayong,17.5
2023,Mar,Roi Et,4.6
2023,Mar,Sakon Nakhon,1.5
2023,Mar,Sattahip,8.4
2023,Mar,Satun,42.7
2023,Mar,Songkhla,22.1
2023,Mar,Suphan Buri,0.0
2023,Mar,Surat Thani,-0.3
2023,Mar,Surin,9.4
2023,Mar,Tak,-1.0
2023,Mar,Takua Pa,0.4
2023,Mar,Tha Tum,28.1
2023,Mar,Trang Airport,0.2
2023,Mar,Ubon Ratchathani,1.0
2023,Mar,Udon Thani,0.4
2023,Mar,Umphang,65.9
2023,Mar,Uttaradit,11.0
2023,Mar,Wichian Buri,6.5
2023,May,Aranyaprathet,207.0
2023,May,Bangkok Airport,57.6
2023,May,Bangkok Metropolis,73.8
2023,May,Bhumibol Dam,131.7
2023,May,Bua Chum,74.9
2023,May,Chaiyaphum,109.0
2023,May,Chanthaburi,439.6
2023,May,Chiang Mai,151.1
2023,May,Chiang Rai,88.3
2023,May,Chok Chai,127.5
2023,May,Chon Buri,41.6
2023,May,Chumphon,73.9
2023,May,Hua Hin,34.0
2023,May,Kabin Buri,107.6
2023,May,Kamphaeng Phet,69.5
2023,May,Kanchanaburi,94.9
2023,May,Khlong Yai,176.9
2023,May,Khon Kaen,166.0
2023,May,Kosum Phisai,169.9
2023,May,Lampang,211.7
2023,May,Lamphun,236.4
2023,May,Loei,75.4
2023,May,Lom Sak,140.9
2023,May,Lop Buri,65.8
2023,May,Mae Sariang,106.7
2023,May,Mae Sot,109.5
2023,May,Mukdahan,57.0
2023,May,Nakhon Phanom,104.3
2023,May,Nakhon Ratchasima,55.3
2023,May,Nakhon Sawan,59.6
2023,May,Nan,45.8
2023,May,Nang Rong,80.6
2023,May,Narathiwat,134.0
2023,May,Nong Khai,248.8
2023,May,Pattani Airport,160.7
2023,May,Pattaya,29.6
2023,May,Phayao,97.0
2023,May,Phetchabun,101.4
2023,May,Phetchaburi,3.5
2023,May,Phitsanulok,98.9
2023,May,Phrae,160.4
2023,May,Phuket,324.6
2023,May,Phuket Airport,447.2
2023,May,Prachin Buri,145.9
2023,May,Ranong,295.9
2023,May,Rayong,196.7
2023,May,Roi Et,120.7
2023,May,Sakon Nakhon,109.5
2023,May,Sattahip,63.8
2023,May,Satun,280.4
2023,May,Songkhla,82.3
2023,May,Suphan Buri,33.7
2023,May,Surat Thani,0.9
2023,May,Surin,172.0
2023,May,Tak,1.2
2023,May,Takua Pa,0.3
2023,May,Tha Tum,30.2
2023,May,Trang Airport,0.8
2023,May,Ubon Ratchathani,165.7
2023,May,Udon Thani,2.3
2023,May,Umphang,119.6
2023,May,Uttaradit,84.9
2023,May,Wichian Buri,162.4
2023,Nov,Aranyaprathet,46.2
2023,Nov,Bangkok Airport,52.3
2023,Nov,Bangkok Metropolis,92.9
2023,Nov,Bhumibol Dam,8.0
2023,Nov,Bua Chum,28.0
2023,Nov,Chaiyaphum,0.7
2023,Nov,Chanthaburi,73.2
2023,Nov,Chiang Mai,1.0
2023,Nov,Chiang Rai,0.8
2023,Nov,Chok Chai,23.8
2023,Nov,Chon Buri,33.5
2023,Nov,Chumphon,387.0
2023,Nov,Hua Hin,28.2
2023,Nov,Kabin Buri,29.7
2023,Nov,Kamphaeng Phet,47.1
2023,Nov,Kanchanaburi,39.7
2023,Nov,Khlong Yai,122.1
2023,Nov,Khon Kaen,0.0
2023,Nov,Kosum Phisai,4.6
2023,Nov,Lampang,24.3
2023,Nov,Lamphun,0.0
2023,Nov,Loei,1.8
2023,Nov,Lom Sak,3.8
2023,Nov,Lop Buri,79.3
2023,Nov,Mae Sariang,3.2
2023,Nov,Mae Sot,4.0
2023,Nov,Mukdahan,0.3
2023,Nov,Nakhon Phanom,0.0
2023,Nov,Nakhon Ratchasima,38.6
2023,Nov,Nakhon Sawan,18.3
2023,Nov,Nan,7.8
2023,Nov,Nang Rong,49.8
2023,Nov,Narathiwat,749.5
2023,Nov,Nong Khai,0.0
2023,Nov,Pattani Airport,614.5
2023,Nov,Pattaya,22.8
2023,Nov,Phayao,19.6
2023,Nov,Phetchabun,1.3
2023,Nov,Phetchaburi,33.2
2023,Nov,Phitsanulok,13.7
2023,Nov,Phrae,0.2
2023,Nov,Phuket,122.8
2023,Nov,Phuket Airport,111.4
2023,Nov,Prachin Buri,28.8
2023,Nov,Ranong,334.2
2023,Nov,Rayong,43.6
2023,Nov,Roi Et,1.5
2023,Nov,Sakon Nakhon,0.0
2023,Nov,Sattahip,130.1
2023,Nov,Satun,324.0
2023,Nov,Songkhla,727.4
2023,Nov,Suphan Buri,57.5
2023,Nov,Surat Thani,0.0
2023,Nov,Surin,73.3
2023,Nov,Tak,1.0
2023,Nov,Takua Pa,0.4
2023,Nov,Tha Tum,26.7
2023,Nov,Trang Airport,0.1
2023,Nov,Ubon Ratchathani,12.3
2023,Nov,Udon Thani,0.9
2023,Nov,Umphang,17.6
2023,Nov,Uttaradit,0.3
2023,Nov,Wichian Buri,32.5
2023,Oct,Aranyaprathet,164.5
2023,Oct,Bangkok Airport,99.4
2023,Oct,Bangkok Metropolis,258.0
2023,Oct,Bhumibol Dam,422.2
2023,Oct,Bua Chum,251.1
2023,Oct,Chaiyaphum,107.7
2023,Oct,Chanthaburi,478.0
2023,Oct,Chiang Mai,246.7
2023,Oct,Chiang Rai,208.0
2023,Oct,Chok Chai,253.4
2023,Oct,Chon Buri,235.9
2023,Oct,Chumphon,207.3
2023,Oct,Hua Hin,189.7
2023,Oct,Kabin Buri,169.4
2023,Oct,Kamphaeng Phet,258.7
2023,Oct,Kanchanaburi,233.7
2023,Oct,Khlong Yai,290.5
2023,Oct,Khon Kaen,150.2
2023,Oct,Kosum Phisai,194.4
2023,Oct,Lampang,253.5
2023,Oct,Lamphun,184.0
2023,Oct,Loei,328.6
2023,Oct,Lom Sak,171.9
2023,Oct,Lop Buri,99.8
2023,Oct,Mae Sariang,140.1
2023,Oct,Mae Sot,170.2
2023,Oct,Mukdahan,42.7
2023,Oct,Nakhon Phanom,248.6
2023,Oct,Nakhon Ratchasima,380.2
2023,Oct,Nakhon Sawan,136.1
2023,Oct,Nan,137.6
2023,Oct,Nang Rong,204.4
2023,Oct,Narathiwat,31.8
2023,Oct,Nong Khai,50.2
2023,Oct,Pattani Airport,212.7
2023,Oct,Pattaya,319.7
2023,Oct,Phayao,256.8
2023,Oct,Phetchabun,216.5
2023,Oct,Phetchaburi,123.6
2023,Oct,Phitsanulok,344.9
2023,Oct,Phrae,200.6
2023,Oct,Phuket,276.0
2023,Oct,Phuket Airport,190.5
2023,Oct,Prachin Buri,192.1
2023,Oct,Ranong,338.4
2023,Oct,Rayong,288.1
2023,Oct,Roi Et,69.9
2023,Oct,Sakon Nakhon,83.2
2023,Oct,Sattahip,263.2
2023,Oct,Satun,393.8
2023,Oct,Songkhla,202.5
2023,Oct,Suphan Buri,99.4
2023,Oct,Surat Thani,0.5
2023,Oct,Surin,131.9
2023,Oct,Tak,0.5
2023,Oct,Takua Pa,0.7
2023,Oct,Tha Tum,27.7
2023,Oct,Trang Airport,1.0
2023,Oct,Ubon Ratchathani,180.8
2023,Oct,Udon Thani,0.9
2023,Oct,Umphang,203.1
2023,Oct,Uttaradit,312.2
2023,Oct,Wichian Buri,151.7
2023,Sep,Aranyaprathet,313.0
2023,Sep,Bangkok Airport,192.5
2023,Sep,Bangkok Metropolis,380.1
2023,Sep,Bhumibol Dam,524.2
2023,Sep,Bua Chum,191.3
2023,Sep,Chaiyaphum,319.6
2023,Sep,Chanthaburi,512.0
2023,Sep,Chiang Mai,387.6
2023,Sep,Chiang Rai,292.7
2023,Sep,Chok Chai,228.7
2023,Sep,Chon Buri,258.9
2023,Sep,Chumphon,206.3
2023,Sep,Hua Hin,57.4
2023,Sep,Kabin Buri,349.8
2023,Sep,Kamphaeng Phet,454.8
2023,Sep,Kanchanaburi,102.6
2023,Sep,Khlong Yai,1192.7
2023,Sep,Khon Kaen,354.7
2023,Sep,Kosum Phisai,289.7
2023,Sep,Lampang,488.9
2023,Sep,Lamphun,303.0
2023,Sep,Loei,350.6
2023,Sep,Lom Sak,267.2
2023,Sep,Lop Buri,414.4
2023,Sep,Mae Sariang,330.3
2023,Sep,Mae Sot,318.7
2023,Sep,Mukdahan,599.6
2023,Sep,Nakhon Phanom,649.4
2023,Sep,Nakhon Ratchasima,213.8
2023,Sep,Nakhon Sawan,169.3
2023,Sep,Nan,343.3
2023,Sep,Nang Rong,170.1
2023,Sep,Narathiwat,295.5
2023,Sep,Nong Khai,293.5
2023,Sep,Pattani Airport,249.6
2023,Sep,Pattaya,34.9
2023,Sep,Phayao,233.6
2023,Sep,Phetchabun,340.6
2023,Sep,Phetchaburi,179.5
2023,Sep,Phitsanulok,302.0
2023,Sep,Phrae,485.3
2023,Sep,Phuket,374.2
2023,Sep,Phuket Airport,499.1
2023,Sep,Prachin Buri,542.1
2023,Sep,Ranong,909.0
2023,Sep,Rayong,151.5
2023,Sep,Roi Et,452.8
2023,Sep,Sakon Nakhon,573.4
2023,Sep,Sattahip,151.8
2023,Sep,Satun,464.1
2023,Sep,Songkhla,161.1
2023,Sep,Suphan Buri,142.4
2023,Sep,Surat Thani,0.1
2023,Sep,Surin,246.6
2023,Sep,Tak,0.4
2023,Sep,Takua Pa,0.1
2023,Sep,Tha Tum,27.6
2023,Sep,Trang Airport,0.1
2023,Sep,Ubon Ratchathani,541.7
2023,Sep,Udon Thani,0.0
2023,Sep,Umphang,253.4
2023,Sep,Uttaradit,537.3
2023,Sep,Wichian Buri,323.5
2024,Apr,Aranyaprathet,5.2
2024,Apr,Bangkok Airport,0.4
2024,Apr,Bangkok Metropolis,0.3
2024,Apr,Bhumibol Dam,2.7
2024,Apr,Bua Chum,46.2
2024,Apr,Chaiyaphum,2.6
2024,Apr,Chanthaburi,10.0
2024,Apr,Chiang Mai,1.4
2024,Apr,Chiang Rai,121.7
2024,Apr,Chok Chai,36.7
2024,Apr,Chon Buri,16.0
2024,Apr,Chumphon,4.5
2024,Apr,Hua Hin,0.0
2024,Apr,Kabin Buri,2.3
2024,Apr,Kamphaeng Phet,0.2
2024,Apr,Kanchanaburi,2.0
2024,Apr,Khlong Yai,17.6
2024,Apr,Khon Kaen,17.5
2024,Apr,Kosum Phisai,2.4
2024,Apr,Lampang,40.6
2024,Apr,Lamphun,3.8
2024,Apr,Loei,9.8
2024,Apr,Lom Sak,19.8
2024,Apr,Lop Buri,0.0
2024,Apr,Mae Sariang,46.7
2024,Apr,Mae Sot,3.1
2024,Apr,Mukdahan,1.1
2024,Apr,Nakhon Phanom,0.0
2024,Apr,Nakhon Ratchasima,37.4
2024,Apr,Nakhon Sawan,0.0
2024,Apr,Nan,68.8
2024,Apr,Nang Rong,6.2
2024,Apr,Narathiwat,31.2
2024,Apr,Nong Khai,45.0
2024,Apr,Pattani Airport,5.3
2024,Apr,Pattaya,1.0
2024,Apr,Phayao,32.0
2024,Apr,Phetchabun,10.9
2024,Apr,Phetchaburi,0.0
2024,Apr,Phitsanulok,1.3
2024,Apr,Phrae,0.1
2024,Apr,Phuket,28.6
2024,Apr,Phuket Airport,59.2
2024,Apr,Prachin Buri,1.2
2024,Apr,Ranong,8.9
2024,Apr,Rayong,0.4
2024,Apr,Roi Et,3.3
2024,Apr,Sakon Nakhon,29.0
2024,Apr,Sattahip,12.5
2024,Apr,Satun,194.0
2024,Apr,Songkhla,6.5
2024,Apr,Suphan Buri,0.0
2024,Apr,Surat Thani,2.3
2024,Apr,Surin,14.9
2024,Apr,Tak,2.7
2024,Apr,Takua Pa,1.9
2024,Apr,Tha Tum,33.6
2024,Apr,Trang Airport,2.5
2024,Apr,Ubon Ratchathani,13.1
2024,Apr,Udon Thani,3.7
2024,Apr,Umphang,10.7
2024,Apr,Uttaradit,0.0
2024,Apr,Wichian Buri,1.8
2024,Aug,Aranyaprathet,127.5
2024,Aug,Bangkok Airport,185.8
2024,Aug,Bangkok Metropolis,256.6
2024,Aug,Bhumibol Dam,78.8
2024,Aug,Bua Chum,96.6
2024,Aug,Chaiyaphum,184.9
2024,Aug,Chanthaburi,604.4
2024,Aug,Chiang Mai,237.7
2024,Aug,Chiang Rai,671.2
2024,Aug,Chok Chai,128.8
2024,Aug,Chon Buri,189.4
2024,Aug,Chumphon,60.2
2024,Aug,Hua Hin,33.8
2024,Aug,Kabin Buri,148.0
2024,Aug,Kamphaeng Phet,242.5
2024,Aug,Kanchanaburi,135.0
2024,Aug,Khlong Yai,449.2
2024,Aug,Khon Kaen,176.8
2024,Aug,Kosum Phisai,77.7
2024,Aug,Lampang,191.4
2024,Aug,Lamphun,274.7
2024,Aug,Loei,287.4
2024,Aug,Lom Sak,81.0
2024,Aug,Lop Buri,404.6
2024,Aug,Mae Sariang,192.7
2024,Aug,Mae Sot,217.0
2024,Aug,Mukdahan,266.2
2024,Aug,Nakhon Phanom,443.2
2024,Aug,Nakhon Ratchasima,104.6
2024,Aug,Nakhon Sawan,254.4
2024,Aug,Nan,471.2
2024,Aug,Nang Rong,203.0
2024,Aug,Narathiwat,118.1
2024,Aug,Nong Khai,346.6
2024,Aug,Pattani Airport,246.4
2024,Aug,Pattaya,187.6
2024,Aug,Phayao,540.0
2024,Aug,Phetchabun,126.2
2024,Aug,Phetchaburi,42.3
2024,Aug,Phitsanulok,199.8
2024,Aug,Phrae,298.5
2024,Aug,Phuket,424.4
2024,Aug,Phuket Airport,692.7
2024,Aug,Prachin Buri,344.5
2024,Aug,Ranong,362.9
2024,Aug,Rayong,172.0
2024,Aug,Roi Et,109.7
2024,Aug,Sakon Nakhon,460.1
2024,Aug,Sattahip,122.2
2024,Aug,Satun,250.0
2024,Aug,Songkhla,98.1
2024,Aug,Suphan Buri,264.1
2024,Aug,Surat Thani,0.9
2024,Aug,Surin,158.7
2024,Aug,Tak,1.3
2024,Aug,Takua Pa,0.3
2024,Aug,Tha Tum,28.9
2024,Aug,Trang Airport,0.3
2024,Aug,Ubon Ratchathani,197.9
2024,Aug,Udon Thani,0.5
2024,Aug,Umphang,173.2
2024,Aug,Uttaradit,382.2
2024,Aug,Wichian Buri,97.4
2024,Dec,Aranyaprathet,1.1
2024,Dec,Bangkok Airport,1.2
2024,Dec,Bangkok Metropolis,7.8
2024,Dec,Bhumibol Dam,0.0
2024,Dec,Bua Chum,0.0
2024,Dec,Chaiyaphum,2.4
2024,Dec,Chanthaburi,0.8
2024,Dec,Chiang Mai,12.0
2024,Dec,Chiang Rai,31.0
2024,Dec,Chok Chai,0.5
2024,Dec,Chon Buri,0.2
2024,Dec,Chumphon,482.8
2024,Dec,Hua Hin,0.3
2024,Dec,Kabin Buri,0.0
2024,Dec,Kamphaeng Phet,0.2
2024,Dec,Kanchanaburi,1.1
2024,Dec,Khlong Yai,7.7
2024,Dec,Khon Kaen,0.0
2024,Dec,Kosum Phisai,0.0
2024,Dec,Lampang,14.3
2024,Dec,Lamphun,13.3
2024,Dec,Loei,0.0
2024,Dec,Lom Sak,0.0
2024,Dec,Lop Buri,0.5
2024,Dec,Mae Sariang,0.0
2024,Dec,Mae Sot,0.1
2024,Dec,Mukdahan,0.0
2024,Dec,Nakhon Phanom,0.0
2024,Dec,Nakhon Ratchasima,0.2
2024,Dec,Nakhon Sawan,1.0
2024,Dec,Nan,5.4
2024,Dec,Nang Rong,0.0
2024,Dec,Narathiwat,397.2
2024,Dec,Nong Khai,0.0
2024,Dec,Pattani Airport,288.6
2024,Dec,Pattaya,0.0
2024,Dec,Phayao,29.0
2024,Dec,Phetchabun,0.0
2024,Dec,Phetchaburi,1.2
2024,Dec,Phitsanulok,0.5
2024,Dec,Phrae,1.6
2024,Dec,Phuket,10.9
2024,Dec,Phuket Airport,27.6
2024,Dec,Prachin Buri,0.0
2024,Dec,Ranong,247.5
2024,Dec,Rayong,1.1
2024,Dec,Roi Et,0.0
2024,Dec,Sakon Nakhon,0.0
2024,Dec,Sattahip,0.5
2024,Dec,Satun,33.0
2024,Dec,Songkhla,366.2
2024,Dec,Suphan Buri,0.3
2024,Dec,Surat Thani,0.2
2024,Dec,Surin,0.5
2024,Dec,Tak,1.2
2024,Dec,Takua Pa,0.6
2024,Dec,Tha Tum,24.1
2024,Dec,Trang Airport,0.8
2024,Dec,Ubon Ratchathani,0.0
2024,Dec,Udon Thani,0.4
2024,Dec,Umphang,0.8
2024,Dec,Uttaradit,0.0
2024,Dec,Wichian Buri,0.0
2024,Feb,Aranyaprathet,0.0
2024,Feb,Bangkok Airport,2.2
2024,Feb,Bangkok Metropolis,21.2
2024,Feb,Bhumibol Dam,1.0
2024,Feb,Bua Chum,0.0
2024,Feb,Chaiyaphum,0.0
2024,Feb,Chanthaburi,62.6
2024,Feb,Chiang Mai,0.0
2024,Feb,Chiang Rai,0.0
2024,Feb,Chok Chai,0.6
2024,Feb,Chon Buri,0.6
2024,Feb,Chumphon,41.8
2024,Feb,Hua Hin,4.7
2024,Feb,Kabin Buri,43.2
2024,Feb,Kamphaeng Phet,0.3
2024,Feb,Kanchanaburi,0.0
2024,Feb,Khlong Yai,36.3
2024,Feb,Khon Kaen,0.0
2024,Feb,Kosum Phisai,0.4
2024,Feb,Lampang,0.0
2024,Feb,Lamphun,10.4
2024,Feb,Loei,0.1
2024,Feb,Lom Sak,3.5
2024,Feb,Lop Buri,0.0
2024,Feb,Mae Sariang,0.0
2024,Feb,Mae Sot,0.0
2024,Feb,Mukdahan,8.6
2024,Feb,Nakhon Phanom,1.6
2024,Feb,Nakhon Ratchasima,0.0
2024,Feb,Nakhon Sawan,5.7
2024,Feb,Nan,0.0
2024,Feb,Nang Rong,4.8
2024,Feb,Narathiwat,10.3
2024,Feb,Nong Khai,2.9
2024,Feb,Pattani Airport,1.5
2024,Feb,Pattaya,30.6
2024,Feb,Phayao,0.0
2024,Feb,Phetchabun,0.0
2024,Feb,Phetchaburi,7.2
2024,Feb,Phitsanulok,0.2
2024,Feb,Phrae,0.0
2024,Feb,Phuket,0.3
2024,Feb,Phuket Airport,1.5
2024,Feb,Prachin Buri,0.5
2024,Feb,Ranong,21.7
2024,Feb,Rayong,41.2
2024,Feb,Roi Et,0.0
2024,Feb,Sakon Nakhon,3.2
2024,Feb,Sattahip,18.9
2024,Feb,Satun,0.0
2024,Feb,Songkhla,7.6
2024,Feb,Suphan Buri,0.0
2024,Feb,Surat Thani,1.2
2024,Feb,Surin,0.0
2024,Feb,Tak,1.3
2024,Feb,Takua Pa,1.2
2024,Feb,Tha Tum,28.2
2024,Feb,Trang Airport,1.3
2024,Feb,Ubon Ratchathani,2.3
2024,Feb,Udon Thani,2.1
2024,Feb,Umphang,0.0
2024,Feb,Uttaradit,0.0
2024,Feb,Wichian Buri,5.0
2024,Jan,Aranyaprathet,0.0
2024,Jan,Bangkok Airport,0.2
2024,Jan,Bangkok Metropolis,0.0
2024,Jan,Bhumibol Dam,17.4
2024,Jan,Bua Chum,0.0
2024,Jan,Chaiyaphum,0.2
2024,Jan,Chanthaburi,0.0
2024,Jan,Chiang Mai,4.4
2024,Jan,Chiang Rai,8.8
2024,Jan,Chok Chai,0.0
2024,Jan,Chon Buri,0.0
2024,Jan,Chumphon,118.7
2024,Jan,Hua Hin,13.7
2024,Jan,Kabin Buri,0.0
2024,Jan,Kamphaeng Phet,8.6
2024,Jan,Kanchanaburi,1.8
2024,Jan,Khlong Yai,59.5
2024,Jan,Khon Kaen,0.0
2024,Jan,Kosum Phisai,0.0
2024,Jan,Lampang,11.0
2024,Jan,Lamphun,0.6
2024,Jan,Loei,3.1
2024,Jan,Lom Sak,0.7
2024,Jan,Lop Buri,0.0
2024,Jan,Mae Sariang,2.0
2024,Jan,Mae Sot,16.7
2024,Jan,Mukdahan,0.0
2024,Jan,Nakhon Phanom,0.0
2024,Jan,Nakhon Ratchasima,0.1
2024,Jan,Nakhon Sawan,24.6
2024,Jan,Nan,15.8
2024,Jan,Nang Rong,0.0
2024,Jan,Narathiwat,131.6
2024,Jan,Nong Khai,38.8
2024,Jan,Pattani Airport,64.6
2024,Jan,Pattaya,44.9
2024,Jan,Phayao,1.2
2024,Jan,Phetchabun,0.0
2024,Jan,Phetchaburi,6.2
2024,Jan,Phitsanulok,5.2
2024,Jan,Phrae,20.5
2024,Jan,Phuket,19.4
2024,Jan,Phuket Airport,12.1
2024,Jan,Prachin Buri,0.3
2024,Jan,Ranong,4.5
2024,Jan,Rayong,0.0
2024,Jan,Roi Et,0.0
2024,Jan,Sakon Nakhon,0.2
2024,Jan,Sattahip,1.3
2024,Jan,Satun,0.4
2024,Jan,Songkhla,66.8
2024,Jan,Suphan Buri,2.3
2024,Jan,Surat Thani,1.2
2024,Jan,Surin,0.0
2024,Jan,Tak,0.9
2024,Jan,Takua Pa,1.1
2024,Jan,Tha Tum,25.5
2024,Jan,Trang Airport,1.1
2024,Jan,Ubon Ratchathani,0.0
2024,Jan,Udon Thani,1.2
2024,Jan,Umphang,48.8
2024,Jan,Uttaradit,17.9
2024,Jan,Wichian Buri,0.0
2024,Jul,Aranyaprathet,246.0
2024,Jul,Bangkok Airport,234.0
2024,Jul,Bangkok Metropolis,183.5
2024,Jul,Bhumibol Dam,123.5
2024,Jul,Bua Chum,160.0
2024,Jul,Chaiyaphum,293.2
2024,Jul,Chanthaburi,968.6
2024,Jul,Chiang Mai,129.5
2024,Jul,Chiang Rai,246.6
2024,Jul,Chok Chai,117.7
2024,Jul,Chon Buri,173.2
2024,Jul,Chumphon,218.3
2024,Jul,Hua Hin,83.2
2024,Jul,Kabin Buri,381.4
2024,Jul,Kamphaeng Phet,202.7
2024,Jul,Kanchanaburi,151.1
2024,Jul,Khlong Yai,1561.2
2024,Jul,Khon Kaen,226.4
2024,Jul,Kosum Phisai,305.9
2024,Jul,Lampang,113.3
2024,Jul,Lamphun,82.8
2024,Jul,Loei,277.8
2024,Jul,Lom Sak,150.7
2024,Jul,Lop Buri,163.5
2024,Jul,Mae Sariang,210.2
2024,Jul,Mae Sot,586.8
2024,Jul,Mukdahan,378.8
2024,Jul,Nakhon Phanom,412.8
2024,Jul,Nakhon Ratchasima,189.2
2024,Jul,Nakhon Sawan,156.5
2024,Jul,Nan,336.7
2024,Jul,Nang Rong,146.4
2024,Jul,Narathiwat,50.8
2024,Jul,Nong Khai,458.6
2024,Jul,Pattani Airport,108.8
2024,Jul,Pattaya,237.8
2024,Jul,Phayao,176.4
2024,Jul,Phetchabun,178.3
2024,Jul,Phetchaburi,112.9
2024,Jul,Phitsanulok,252.1
2024,Jul,Phrae,221.8
2024,Jul,Phuket,344.4
2024,Jul,Phuket Airport,300.2
2024,Jul,Prachin Buri,332.0
2024,Jul,Ranong,644.8
2024,Jul,Rayong,291.9
2024,Jul,Roi Et,214.1
2024,Jul,Sakon Nakhon,269.6
2024,Jul,Sattahip,123.4
2024,Jul,Satun,181.8
2024,Jul,Songkhla,98.9
2024,Jul,Suphan Buri,38.8
2024,Jul,Surat Thani,0.7
2024,Jul,Surin,201.6
2024,Jul,Tak,0.9
2024,Jul,Takua Pa,0.4
2024,Jul,Tha Tum,28.1
2024,Jul,Trang Airport,0.8
2024,Jul,Ubon Ratchathani,443.8
2024,Jul,Udon Thani,0.3
2024,Jul,Umphang,307.7
2024,Jul,Uttaradit,184.0
2024,Jul,Wichian Buri,232.4
2024,Jun,Aranyaprathet,58.3
2024,Jun,Bangkok Airport,179.0
2024,Jun,Bangkok Metropolis,81.6
2024,Jun,Bhumibol Dam,70.1
2024,Jun,Bua Chum,155.4
2024,Jun,Chaiyaphum,47.1
2024,Jun,Chanthaburi,516.9
2024,Jun,Chiang Mai,68.4
2024,Jun,Chiang Rai,169.4
2024,Jun,Chok Chai,163.9
2024,Jun,Chon Buri,47.7
2024,Jun,Chumphon,91.7
2024,Jun,Hua Hin,26.6
2024,Jun,Kabin Buri,254.7
2024,Jun,Kamphaeng Phet,144.8
2024,Jun,Kanchanaburi,19.1
2024,Jun,Khlong Yai,1073.0
2024,Jun,Khon Kaen,132.0
2024,Jun,Kosum Phisai,137.3
2024,Jun,Lampang,146.2
2024,Jun,Lamphun,161.4
2024,Jun,Loei,167.9
2024,Jun,Lom Sak,49.6
2024,Jun,Lop Buri,91.4
2024,Jun,Mae Sariang,124.8
2024,Jun,Mae Sot,357.8
2024,Jun,Mukdahan,151.7
2024,Jun,Nakhon Phanom,488.5
2024,Jun,Nakhon Ratchasima,99.3
2024,Jun,Nakhon Sawan,83.5
2024,Jun,Nan,240.0
2024,Jun,Nang Rong,122.2
2024,Jun,Narathiwat,220.4
2024,Jun,Nong Khai,440.5
2024,Jun,Pattani Airport,103.8
2024,Jun,Pattaya,12.2
2024,Jun,Phayao,89.9
2024,Jun,Phetchabun,107.0
2024,Jun,Phetchaburi,39.3
2024,Jun,Phitsanulok,91.4
2024,Jun,Phrae,52.6
2024,Jun,Phuket,312.4
2024,Jun,Phuket Airport,502.1
2024,Jun,Prachin Buri,177.6
2024,Jun,Ranong,495.1
2024,Jun,Rayong,78.0
2024,Jun,Roi Et,102.6
2024,Jun,Sakon Nakhon,157.7
2024,Jun,Sattahip,54.2
2024,Jun,Satun,114.1
2024,Jun,Songkhla,23.5
2024,Jun,Suphan Buri,32.3
2024,Jun,Surat Thani,1.5
2024,Jun,Surin,138.6
2024,Jun,Tak,0.7
2024,Jun,Takua Pa,0.7
2024,Jun,Tha Tum,29.8
2024,Jun,Trang Airport,0.9
2024,Jun,Ubon Ratchathani,210.0
2024,Jun,Udon Thani,0.7
2024,Jun,Umphang,149.7
2024,Jun,Uttaradit,116.6
2024,Jun,Wichian Buri,290.0
2024,Mar,Aranyaprathet,13.4
2024,Mar,Bangkok Airport,17.8
2024,Mar,Bangkok Metropolis,30.7
2024,Mar,Bhumibol Dam,3.0
2024,Mar,Bua Chum,64.2
2024,Mar,Chaiyaphum,28.8
2024,Mar,Chanthaburi,76.7
2024,Mar,Chiang Mai,13.2
2024,Mar,Chiang Rai,4.3
2024,Mar,Chok Chai,59.6
2024,Mar,Chon Buri,32.6
2024,Mar,Chumphon,10.3
2024,Mar,Hua Hin,80.1
2024,Mar,Kabin Buri,8.7
2024,Mar,Kamphaeng Phet,83.6
2024,Mar,Kanchanaburi,4.8
2024,Mar,Khlong Yai,177.6
2024,Mar,Khon Kaen,39.9
2024,Mar,Kosum Phisai,48.5
2024,Mar,Lampang,19.4
2024,Mar,Lamphun,0.2
2024,Mar,Loei,123.3
2024,Mar,Lom Sak,30.6
2024,Mar,Lop Buri,75.1
2024,Mar,Mae Sariang,0.0
2024,Mar,Mae Sot,1.0
2024,Mar,Mukdahan,87.5
2024,Mar,Nakhon Phanom,90.6
2024,Mar,Nakhon Ratchasima,81.5
2024,Mar,Nakhon Sawan,101.5
2024,Mar,Nan,13.4
2024,Mar,Nang Rong,151.6
2024,Mar,Narathiwat,14.0
2024,Mar,Nong Khai,98.8
2024,Mar,Pattani Airport,42.9
2024,Mar,Pattaya,14.2
2024,Mar,Phayao,15.9
2024,Mar,Phetchabun,92.1
2024,Mar,Phetchaburi,28.4
2024,Mar,Phitsanulok,87.0
2024,Mar,Phrae,22.3
2024,Mar,Phuket,33.9
2024,Mar,Phuket Airport,14.1
2024,Mar,Prachin Buri,106.6
2024,Mar,Ranong,10.4
2024,Mar,Rayong,41.4
2024,Mar,Roi Et,98.5
2024,Mar,Sakon Nakhon,25.2
2024,Mar,Sattahip,113.1
2024,Mar,Satun,93.1
2024,Mar,Songkhla,16.8
2024,Mar,Suphan Buri,0.1
2024,Mar,Surat Thani,1.2
2024,Mar,Surin,9.5
2024,Mar,Tak,1.1
2024,Mar,Takua Pa,1.2
2024,Mar,Tha Tum,29.8
2024,Mar,Trang Airport,1.4
2024,Mar,Ubon Ratchathani,7.6
2024,Mar,Udon Thani,0.7
2024,Mar,Umphang,43.3
2024,Mar,Uttaradit,45.9
2024,Mar,Wichian Buri,57.1
2024,May,Aranyaprathet,172.2
2024,May,Bangkok Airport,204.3
2024,May,Bangkok Metropolis,286.2
2024,May,Bhumibol Dam,371.4
2024,May,Bua Chum,297.6
2024,May,Chaiyaphum,220.6
2024,May,Chanthaburi,530.4
2024,May,Chiang Mai,88.4
2024,May,Chiang Rai,173.5
2024,May,Chok Chai,170.6
2024,May,Chon Buri,359.3
2024,May,Chumphon,84.9
2024,May,Hua Hin,81.0
2024,May,Kabin Buri,142.3
2024,May,Kamphaeng Phet,100.7
2024,May,Kanchanaburi,129.6
2024,May,Khlong Yai,300.1
2024,May,Khon Kaen,291.2
2024,May,Kosum Phisai,202.6
2024,May,Lampang,182.7
2024,May,Lamphun,135.2
2024,May,Loei,374.8
2024,May,Lom Sak,200.2
2024,May,Lop Buri,264.2
2024,May,Mae Sariang,208.1
2024,May,Mae Sot,130.3
2024,May,Mukdahan,125.5
2024,May,Nakhon Phanom,270.8
2024,May,Nakhon Ratchasima,127.7
2024,May,Nakhon Sawan,206.5
2024,May,Nan,181.5
2024,May,Nang Rong,84.6
2024,May,Narathiwat,117.2
2024,May,Nong Khai,147.6
2024,May,Pattani Airport,108.5
2024,May,Pattaya,258.5
2024,May,Phayao,148.4
2024,May,Phetchabun,173.5
2024,May,Phetchaburi,57.3
2024,May,Phitsanulok,226.9
2024,May,Phrae,279.1
2024,May,Phuket,203.1
2024,May,Phuket Airport,285.6
2024,May,Prachin Buri,187.4
2024,May,Ranong,312.0
2024,May,Rayong,427.7
2024,May,Roi Et,293.5
2024,May,Sakon Nakhon,259.5
2024,May,Sattahip,234.1
2024,May,Satun,169.3
2024,May,Songkhla,54.4
2024,May,Suphan Buri,133.9
2024,May,Surat Thani,2.4
2024,May,Surin,111.7
2024,May,Tak,1.5
2024,May,Takua Pa,1.2
2024,May,Tha Tum,30.5
2024,May,Trang Airport,1.5
2024,May,Ubon Ratchathani,413.9
2024,May,Udon Thani,1.7
2024,May,Umphang,138.5
2024,May,Uttaradit,291.4
2024,May,Wichian Buri,173.0
2024,Nov,Aranyaprathet,56.7
2024,Nov,Bangkok Airport,14.4
2024,Nov,Bangkok Metropolis,79.7
2024,Nov,Bhumibol Dam,18.6
2024,Nov,Bua Chum,31.8
2024,Nov,Chaiyaphum,10.3
2024,Nov,Chanthaburi,25.6
2024,Nov,Chiang Mai,47.2
2024,Nov,Chiang Rai,25.1
2024,Nov,Chok Chai,29.5
2024,Nov,Chon Buri,73.5
2024,Nov,Chumphon,923.5
2024,Nov,Hua Hin,173.0
2024,Nov,Kabin Buri,5.2
2024,Nov,Kamphaeng Phet,3.8
2024,Nov,Kanchanaburi,29.6
2024,Nov,Khlong Yai,65.3
2024,Nov,Khon Kaen,0.0
2024,Nov,Kosum Phisai,6.4
2024,Nov,Lampang,12.7
2024,Nov,Lamphun,37.9
2024,Nov,Loei,3.7
2024,Nov,Lom Sak,12.9
2024,Nov,Lop Buri,42.1
2024,Nov,Mae Sariang,60.8
2024,Nov,Mae Sot,22.8
2024,Nov,Mukdahan,1.2
2024,Nov,Nakhon Phanom,0.1
2024,Nov,Nakhon Ratchasima,10.6
2024,Nov,Nakhon Sawan,66.9
2024,Nov,Nan,11.2
2024,Nov,Nang Rong,7.4
2024,Nov,Narathiwat,1662.0
2024,Nov,Nong Khai,0.0
2024,Nov,Pattani Airport,1402.3
2024,Nov,Pattaya,96.4
2024,Nov,Phayao,16.9
2024,Nov,Phetchabun,23.6
2024,Nov,Phetchaburi,199.8
2024,Nov,Phitsanulok,0.0
2024,Nov,Phrae,26.5
2024,Nov,Phuket,54.3
2024,Nov,Phuket Airport,118.6
2024,Nov,Prachin Buri,1.6
2024,Nov,Ranong,139.5
2024,Nov,Rayong,49.2
2024,Nov,Roi Et,4.2
2024,Nov,Sakon Nakhon,0.0
2024,Nov,Sattahip,32.9
2024,Nov,Satun,260.7
2024,Nov,Songkhla,1344.7
2024,Nov,Suphan Buri,0.3
2024,Nov,Surat Thani,0.4
2024,Nov,Surin,9.3
2024,Nov,Tak,0.8
2024,Nov,Takua Pa,0.9
2024,Nov,Tha Tum,26.6
2024,Nov,Trang Airport,0.2
2024,Nov,Ubon Ratchathani,0.5
2024,Nov,Udon Thani,1.1
2024,Nov,Umphang,0.9
2024,Nov,Uttaradit,10.2
2024,Nov,Wichian Buri,13.9
2024,Oct,Aranyaprathet,124.8
2024,Oct,Bangkok Airport,198.0
2024,Oct,Bangkok Metropolis,382.5
2024,Oct,Bhumibol Dam,302.0
2024,Oct,Bua Chum,95.2
2024,Oct,Chaiyaphum,57.8
2024,Oct,Chanthaburi,202.5
2024,Oct,Chiang Mai,144.5
2024,Oct,Chiang Rai,244.9
2024,Oct,Chok Chai,354.6
2024,Oct,Chon Buri,107.9
2024,Oct,Chumphon,250.8
2024,Oct,Hua Hin,323.1
2024,Oct,Kabin Buri,193.4
2024,Oct,Kamphaeng Phet,212.1
2024,Oct,Kanchanaburi,283.4
2024,Oct,Khlong Yai,520.4
2024,Oct,Khon Kaen,27.7
2024,Oct,Kosum Phisai,47.4
2024,Oct,Lampang,119.6
2024,Oct,Lamphun,138.7
2024,Oct,Loei,67.6
2024,Oct,Lom Sak,145.6
2024,Oct,Lop Buri,89.0
2024,Oct,Mae Sariang,79.2
2024,Oct,Mae Sot,112.8
2024,Oct,Mukdahan,100.6
2024,Oct,Nakhon Phanom,17.1
2024,Oct,Nakhon Ratchasima,144.5
2024,Oct,Nakhon Sawan,130.0
2024,Oct,Nan,118.9
2024,Oct,Nang Rong,202.0
2024,Oct,Narathiwat,184.6
2024,Oct,Nong Khai,41.0
2024,Oct,Pattani Airport,163.9
2024,Oct,Pattaya,248.6
2024,Oct,Phayao,153.5
2024,Oct,Phetchabun,148.6
2024,Oct,Phetchaburi,309.7
2024,Oct,Phitsanulok,199.6
2024,Oct,Phrae,51.1
2024,Oct,Phuket,320.1
2024,Oct,Phuket Airport,403.8
2024,Oct,Prachin Buri,245.1
2024,Oct,Ranong,297.1
2024,Oct,Rayong,228.4
2024,Oct,Roi Et,25.7
2024,Oct,Sakon Nakhon,10.2
2024,Oct,Sattahip,186.1
2024,Oct,Satun,290.4
2024,Oct,Songkhla,209.7
2024,Oct,Suphan Buri,263.0
2024,Oct,Surat Thani,0.5
2024,Oct,Surin,52.0
2024,Oct,Tak,1.2
2024,Oct,Takua Pa,0.6
2024,Oct,Tha Tum,27.7
2024,Oct,Trang Airport,0.6
2024,Oct,Ubon Ratchathani,170.5
2024,Oct,Udon Thani,1.1
2024,Oct,Umphang,191.9
2024,Oct,Uttaradit,151.9
2024,Oct,Wichian Buri,168.6
2024,Sep,Aranyaprathet,211.7
2024,Sep,Bangkok Airport,275.0
2024,Sep,Bangkok Metropolis,299.1
2024,Sep,Bhumibol Dam,94.6
2024,Sep,Bua Chum,393.0
2024,Sep,Chaiyaphum,348.2
2024,Sep,Chanthaburi,356.8
2024,Sep,Chiang Mai,382.5
2024,Sep,Chiang Rai,243.7
2024,Sep,Chok Chai,239.2
2024,Sep,Chon Buri,423.6
2024,Sep,Chumphon,155.6
2024,Sep,Hua Hin,77.2
2024,Sep,Kabin Buri,296.8
2024,Sep,Kamphaeng Phet,210.2
2024,Sep,Kanchanaburi,62.8
2024,Sep,Khlong Yai,1189.3
2024,Sep,Khon Kaen,431.8
2024,Sep,Kosum Phisai,224.2
2024,Sep,Lampang,337.3
2024,Sep,Lamphun,325.3
2024,Sep,Loei,263.1
2024,Sep,Lom Sak,155.2
2024,Sep,Lop Buri,183.1
2024,Sep,Mae Sariang,191.7
2024,Sep,Mae Sot,331.8
2024,Sep,Mukdahan,484.6
2024,Sep,Nakhon Phanom,487.2
2024,Sep,Nakhon Ratchasima,187.4
2024,Sep,Nakhon Sawan,256.6
2024,Sep,Nan,280.1
2024,Sep,Nang Rong,201.2
2024,Sep,Narathiwat,150.3
2024,Sep,Nong Khai,611.5
2024,Sep,Pattani Airport,142.0
2024,Sep,Pattaya,493.8
2024,Sep,Phayao,377.2
2024,Sep,Phetchabun,179.2
2024,Sep,Phetchaburi,107.8
2024,Sep,Phitsanulok,173.9
2024,Sep,Phrae,188.3
2024,Sep,Phuket,644.4
2024,Sep,Phuket Airport,772.4
2024,Sep,Prachin Buri,387.8
2024,Sep,Ranong,712.8
2024,Sep,Rayong,155.8
2024,Sep,Roi Et,281.2
2024,Sep,Sakon Nakhon,330.4
2024,Sep,Sattahip,235.6
2024,Sep,Satun,461.7
2024,Sep,Songkhla,178.4
2024,Sep,Suphan Buri,222.0
2024,Sep,Surat Thani,0.4
2024,Sep,Surin,314.2
2024,Sep,Tak,0.6
2024,Sep,Takua Pa,0.4
2024,Sep,Tha Tum,28.1
2024,Sep,Trang Airport,0.2
2024,Sep,Ubon Ratchathani,561.0
2024,Sep,Udon Thani,0.5
2024,Sep,Umphang,265.6
2024,Sep,Uttaradit,314.4
2024,Sep,Wichian Buri,289.9
