     ตารางที่ 5  สถิติจำนวนโรงงานอุตสาหกรรมที่ได้รับใบอนุญาตประกอบกิจการ จำพวก 3 และที่ได้ใบรับแจ้งประกอบกิจการ จำพวก 2 จำแนกเป็นรายจังหวัด ในรอบปี 2566,,,,,,,,,,,,,,,,,,,,,,,,,,,,,,,,,,,,,,,,,,,,,,,,,,,,,,,,,,,,,,,,,,,,,,,,,,,,,,,,,,,,,,,,,,,,,,,,,,,,,,,,,,,,,,,,,,,,,,,,,,,,,,,,,,,,,,,,,,,,,,,,,,,,,,,,,,,,,,
, จำพวกที่ 2 ,,,,,, จำพวกที่ 3 ,,,,,, รวมทั้งหมด ,,,,,,,,,,,,,,,,,,,,,,,,,,,,,,,,,,,,,,,,,,,,,,,,,,,,,,,,,,,,,,,,,,,,,,,,,,,,,,,,,,,,,,,,,,,,,,,,,,,,,,,,,,,,,,,,,,,,,,,,,,,,,,,,,,,,,,,,,,,,,,,,,
จังหวัด, จำนวน , เงินทุน , จำนวนคนงาน(คน) ,,, เครื่องจักร , จำนวน , เงินทุน , จำนวนคนงาน(คน) ,,, เครื่องจักร , จำนวน , เงินทุน , จำนวนคนงาน(คน) ,,, เครื่องจักร ,,,,,,,,,,,,,,,,,,,,,,,,,,,,,,,,,,,,,,,,,,,,,,,,,,,,,,,,,,,,,,,,,,,,,,,,,,,,,,,,,,,,,,,,,,,,,,,,,,,,,,,,,,,,,,,,,,,,,,,,,,,,,,,,,,,,,,,,,,,,
, (โรง) , (ล้านบาท) , ชาย , หญิง , รวม , (แรงม้า) , (โรง) , (ล้านบาท) , ชาย , หญิง , รวม , (แรงม้า) , (โรง) , (ล้านบาท) , ชาย , หญิง , รวม , (แรงม้า) ,,,,,,,,,,,,,,,,,,,,,,,,,,,,,,,,,,,,,,,,,,,,,,,,,,,,,,,,,,,,,,,,,,,,,,,,,,,,,,,,,,,,,,,,,,,,,,,,,,,,,,,,,,,,,,,,,,,,,,,,,,,,,,,,,,,,,,,,,,,,
กระบี่, 1 , 36.00 , 3 , -   , 3 , 54.50 , 1 , 30.00 , 6 , 2 , 8 , 335.00 , 2 , 66.00 , 9 , 2 , 11 , 389.50 ,,,,,,,,,,,,,,,,,,,,,,,,,,,,,,,,,,,,,,,,,,,,,,,,,,,,,,,,,,,,,,,,,,,,,,,,,,,,,,,,,,,,,,,,,,,,,,,,,,,,,,,,,,,,,,,,,,,,,,,,,,,,,,,,,,,,,,,,,,,,
กรุงเทพมหานคร, 36 , 862.06 , 573 , 699 ," 1,272 "," 2,131.51 ", 14 ," 11,293.55 ", 495 , 94 , 589 ," 300,312.44 ", 50 ," 12,155.60 "," 1,068 ", 793 ," 1,861 "," 302,443.95 ",,,,,,,,,,,,,,,,,,,,,,,,,,,,,,,,,,,,,,,,,,,,,,,,,,,,,,,,,,,,,,,,,,,,,,,,,,,,,,,,,,,,,,,,,,,,,,,,,,,,,,,,,,,,,,,,,,,,,,,,,,,,,,,,,,,,,,,,,,,,
กาญจนบุรี, -   , -   , -   , -   , -   , -   , 28 , 815.94 , 191 , 96 , 287 ," 36,030.43 ", 28 , 815.94 , 191 , 96 , 287 ," 36,030.43 ",,,,,,,,,,,,,,,,,,,,,,,,,,,,,,,,,,,,,,,,,,,,,,,,,,,,,,,,,,,,,,,,,,,,,,,,,,,,,,,,,,,,,,,,,,,,,,,,,,,,,,,,,,,,,,,,,,,,,,,,,,,,,,,,,,,,,,,,,,,,
กาฬสินธุ์, -   , -   , -   , -   , -   , -   , 11 , 558.26 , 211 , 58 , 269 ," 18,386.48 ", 11 , 558.26 , 211 , 58 , 269 ," 18,386.48 ",,,,,,,,,,,,,,,,,,,,,,,,,,,,,,,,,,,,,,,,,,,,,,,,,,,,,,,,,,,,,,,,,,,,,,,,,,,,,,,,,,,,,,,,,,,,,,,,,,,,,,,,,,,,,,,,,,,,,,,,,,,,,,,,,,,,,,,,,,,,
กำแพงเพชร, -   , -   , -   , -   , -   , -   , 21 ," 1,617.83 ", 193 , 87 , 280 ," 67,279.40 ", 21 ," 1,617.83 ", 193 , 87 , 280 ," 67,279.40 ",,,,,,,,,,,,,,,,,,,,,,,,,,,,,,,,,,,,,,,,,,,,,,,,,,,,,,,,,,,,,,,,,,,,,,,,,,,,,,,,,,,,,,,,,,,,,,,,,,,,,,,,,,,,,,,,,,,,,,,,,,,,,,,,,,,,,,,,,,,,
ขอนแก่น, -   , -   , -   , -   , -   , -   , 28 ," 1,368.36 ", 377 , 193 , 570 ," 109,087.44 ", 28 ," 1,368.36 ", 377 , 193 , 570 ," 109,087.44 ",,,,,,,,,,,,,,,,,,,,,,,,,,,,,,,,,,,,,,,,,,,,,,,,,,,,,,,,,,,,,,,,,,,,,,,,,,,,,,,,,,,,,,,,,,,,,,,,,,,,,,,,,,,,,,,,,,,,,,,,,,,,,,,,,,,,,,,,,,,,
จันทบุรี, -   , -   , -   , -   , -   , -   , 14 , 530.60 , 230 , 157 , 387 ," 5,257.60 ", 14 , 530.60 , 230 , 157 , 387 ," 5,257.60 ",,,,,,,,,,,,,,,,,,,,,,,,,,,,,,,,,,,,,,,,,,,,,,,,,,,,,,,,,,,,,,,,,,,,,,,,,,,,,,,,,,,,,,,,,,,,,,,,,,,,,,,,,,,,,,,,,,,,,,,,,,,,,,,,,,,,,,,,,,,,
ฉะเชิงเทรา, -   , -   , -   , -   , -   , -   , 66 ," 17,064.01 "," 2,234 "," 2,475 "," 4,709 "," 98,501.62 ", 66 ," 17,064.01 "," 2,234 "," 2,475 "," 4,709 "," 98,501.62 ",,,,,,,,,,,,,,,,,,,,,,,,,,,,,,,,,,,,,,,,,,,,,,,,,,,,,,,,,,,,,,,,,,,,,,,,,,,,,,,,,,,,,,,,,,,,,,,,,,,,,,,,,,,,,,,,,,,,,,,,,,,,,,,,,,,,,,,,,,,,
ชลบุรี, 1 , 25.00 , 10 , 16 , 26 , 50.00 , 199 ," 23,522.48 "," 5,167 "," 3,294 "," 8,461 "," 251,867.21 ", 200 ," 23,547.48 "," 5,177 "," 3,310 "," 8,487 "," 251,917.21 ",,,,,,,,,,,,,,,,,,,,,,,,,,,,,,,,,,,,,,,,,,,,,,,,,,,,,,,,,,,,,,,,,,,,,,,,,,,,,,,,,,,,,,,,,,,,,,,,,,,,,,,,,,,,,,,,,,,,,,,,,,,,,,,,,,,,,,,,,,,,
ชัยนาท, -   , -   , -   , -   , -   , -   , 9 , 401.75 , 59 , 6 , 65 ," 4,639.26 ", 9 , 401.75 , 59 , 6 , 65 ," 4,639.26 ",,,,,,,,,,,,,,,,,,,,,,,,,,,,,,,,,,,,,,,,,,,,,,,,,,,,,,,,,,,,,,,,,,,,,,,,,,,,,,,,,,,,,,,,,,,,,,,,,,,,,,,,,,,,,,,,,,,,,,,,,,,,,,,,,,,,,,,,,,,,
ชัยภูมิ, -   , -   , -   , -   , -   , -   , 16 ," 3,258.96 ", 247 , 112 , 359 ," 267,479.08 ", 16 ," 3,258.96 ", 247 , 112 , 359 ," 267,479.08 ",,,,,,,,,,,,,,,,,,,,,,,,,,,,,,,,,,,,,,,,,,,,,,,,,,,,,,,,,,,,,,,,,,,,,,,,,,,,,,,,,,,,,,,,,,,,,,,,,,,,,,,,,,,,,,,,,,,,,,,,,,,,,,,,,,,,,,,,,,,,
ชุมพร, -   , -   , -   , -   , -   , -   , 33 ," 1,190.92 ", 276 , 89 , 365 ," 47,806.72 ", 33 ," 1,190.92 ", 276 , 89 , 365 ," 47,806.72 ",,,,,,,,,,,,,,,,,,,,,,,,,,,,,,,,,,,,,,,,,,,,,,,,,,,,,,,,,,,,,,,,,,,,,,,,,,,,,,,,,,,,,,,,,,,,,,,,,,,,,,,,,,,,,,,,,,,,,,,,,,,,,,,,,,,,,,,,,,,,
เชียงราย, -   , -   , -   , -   , -   , -   , 24 , 464.22 , 279 , 41 , 320 ," 8,617.11 ", 24 , 464.22 , 279 , 41 , 320 ," 8,617.11 ",,,,,,,,,,,,,,,,,,,,,,,,,,,,,,,,,,,,,,,,,,,,,,,,,,,,,,,,,,,,,,,,,,,,,,,,,,,,,,,,,,,,,,,,,,,,,,,,,,,,,,,,,,,,,,,,,,,,,,,,,,,,,,,,,,,,,,,,,,,,
เชียงใหม่, 4 , 47.01 , 36 , 26 , 62 , 257.98 , 33 ," 1,175.61 ", 329 , 345 , 674 ," 10,037.68 ", 37 ," 1,222.62 ", 365 , 371 , 736 ," 10,295.66 ",,,,,,,,,,,,,,,,,,,,,,,,,,,,,,,,,,,,,,,,,,,,,,,,,,,,,,,,,,,,,,,,,,,,,,,,,,,,,,,,,,,,,,,,,,,,,,,,,,,,,,,,,,,,,,,,,,,,,,,,,,,,,,,,,,,,,,,,,,,,
ตรัง, -   , -   , -   , -   , -   , -   , 21 , 560.70 , 244 , 137 , 381 ," 12,749.15 ", 21 , 560.70 , 244 , 137 , 381 ," 12,749.15 ",,,,,,,,,,,,,,,,,,,,,,,,,,,,,,,,,,,,,,,,,,,,,,,,,,,,,,,,,,,,,,,,,,,,,,,,,,,,,,,,,,,,,,,,,,,,,,,,,,,,,,,,,,,,,,,,,,,,,,,,,,,,,,,,,,,,,,,,,,,,
ตราด, -   , -   , -   , -   , -   , -   , 4 , 28.80 , 16 , -   , 16 , 765.60 , 4 , 28.80 , 16 , -   , 16 , 765.60 ,,,,,,,,,,,,,,,,,,,,,,,,,,,,,,,,,,,,,,,,,,,,,,,,,,,,,,,,,,,,,,,,,,,,,,,,,,,,,,,,,,,,,,,,,,,,,,,,,,,,,,,,,,,,,,,,,,,,,,,,,,,,,,,,,,,,,,,,,,,,
ตาก, -   , -   , -   , -   , -   , -   , 10 , 112.14 , 104 , 318 , 422 ," 2,891.42 ", 10 , 112.14 ,104,318,422," 2,891.42 ",,,,,,,,,,,,,,,,,,,,,,,,,,,,,,,,,,,,,,,,,,,,,,,,,,,,,,,,,,,,,,,,,,,,,,,,,,,,,,,,,,,,,,,,,,,,,,,,,,,,,,,,,,,,,,,,,,,,,,,,,,,,,,,,,,,,,,,,,,,,
นครนายก, 1 , 13.60 , 17 , -   , 17 , 63.00 , 1 , 150.00 , 2 , -   , 2 ," 15,144.00 ", 2 , 163.60 , 19 , -   , 19 ," 15,207.00 ",,,,,,,,,,,,,,,,,,,,,,,,,,,,,,,,,,,,,,,,,,,,,,,,,,,,,,,,,,,,,,,,,,,,,,,,,,,,,,,,,,,,,,,,,,,,,,,,,,,,,,,,,,,,,,,,,,,,,,,,,,,,,,,,,,,,,,,,,,,,
นครปฐม, -   , -   , -   , -   , -   , -   , 75 ," 3,623.13 "," 1,289 ", 962 ," 2,251 "," 36,525.88 ", 75 ," 3,623.13 "," 1,289 ", 962 ," 2,251 "," 36,525.88 ",,,,,,,,,,,,,,,,,,,,,,,,,,,,,,,,,,,,,,,,,,,,,,,,,,,,,,,,,,,,,,,,,,,,,,,,,,,,,,,,,,,,,,,,,,,,,,,,,,,,,,,,,,,,,,,,,,,,,,,,,,,,,,,,,,,,,,,,,,,,
นครพนม, -   , -   , -   , -   , -   , -   , 7 , 69.60 , 44 , 9 , 53 ," 2,379.28 ", 7 , 69.60 , 44 , 9 , 53 ," 2,379.28 ",,,,,,,,,,,,,,,,,,,,,,,,,,,,,,,,,,,,,,,,,,,,,,,,,,,,,,,,,,,,,,,,,,,,,,,,,,,,,,,,,,,,,,,,,,,,,,,,,,,,,,,,,,,,,,,,,,,,,,,,,,,,,,,,,,,,,,,,,,,,
นครราชสีมา, 1 , 18.00 , 2 , 4 , 6 , 52.00 , 31 ," 4,362.01 ", 921 , 422 ," 1,343 "," 56,650.92 ", 32 ," 4,380.01 ", 923 , 426 ," 1,349 "," 56,702.92 ",,,,,,,,,,,,,,,,,,,,,,,,,,,,,,,,,,,,,,,,,,,,,,,,,,,,,,,,,,,,,,,,,,,,,,,,,,,,,,,,,,,,,,,,,,,,,,,,,,,,,,,,,,,,,,,,,,,,,,,,,,,,,,,,,,,,,,,,,,,,
นครศรีธรรมราช, 3 , 27.13 , 22 , 71 , 93 , 179.37 , 21 , 357.31 , 106 , 26 , 132 ," 10,319.24 ", 24 , 384.44 , 128 , 97 , 225 ," 10,498.61 ",,,,,,,,,,,,,,,,,,,,,,,,,,,,,,,,,,,,,,,,,,,,,,,,,,,,,,,,,,,,,,,,,,,,,,,,,,,,,,,,,,,,,,,,,,,,,,,,,,,,,,,,,,,,,,,,,,,,,,,,,,,,,,,,,,,,,,,,,,,,
นครสวรรค์, 3 , 31.15 , 37 , 12 , 49 , 213.19 , 19 ," 2,297.63 ", 173 , 69 , 242 ," 48,178.56 ", 22 ," 2,328.78 ", 210 , 81 , 291 ," 48,391.75 ",,,,,,,,,,,,,,,,,,,,,,,,,,,,,,,,,,,,,,,,,,,,,,,,,,,,,,,,,,,,,,,,,,,,,,,,,,,,,,,,,,,,,,,,,,,,,,,,,,,,,,,,,,,,,,,,,,,,,,,,,,,,,,,,,,,,,,,,,,,,
นนทบุรี, 5 , 56.33 , 101 , 30 , 131 , 322.36 , 50 ," 6,961.11 ", 811 , 540 ," 1,351 "," 69,361.14 ", 55 ," 7,017.44 ", 912 , 570 ," 1,482 "," 69,683.50 ",,,,,,,,,,,,,,,,,,,,,,,,,,,,,,,,,,,,,,,,,,,,,,,,,,,,,,,,,,,,,,,,,,,,,,,,,,,,,,,,,,,,,,,,,,,,,,,,,,,,,,,,,,,,,,,,,,,,,,,,,,,,,,,,,,,,,,,,,,,,
นราธิวาส, -   , -   , -   , -   , -   , -   , 4 , 33.94 , 24 , -   , 24 , 964.69 , 4 , 33.94 , 24 , -   , 24 , 964.69 ,,,,,,,,,,,,,,,,,,,,,,,,,,,,,,,,,,,,,,,,,,,,,,,,,,,,,,,,,,,,,,,,,,,,,,,,,,,,,,,,,,,,,,,,,,,,,,,,,,,,,,,,,,,,,,,,,,,,,,,,,,,,,,,,,,,,,,,,,,,,
น่าน, -   , -   , -   , -   , -   , -   , 8 , 88.90 , 40 , 8 , 48 ," 2,047.35 ", 8 , 88.90 , 40 , 8 , 48 ," 2,047.35 ",,,,,,,,,,,,,,,,,,,,,,,,,,,,,,,,,,,,,,,,,,,,,,,,,,,,,,,,,,,,,,,,,,,,,,,,,,,,,,,,,,,,,,,,,,,,,,,,,,,,,,,,,,,,,,,,,,,,,,,,,,,,,,,,,,,,,,,,,,,,
บึงกาฬ, -   , -   , -   , -   , -   , -   , 9 , 64.40 , 55 , 3 , 58 ," 2,839.07 ", 9 , 64.40 , 55 , 3 , 58 ," 2,839.07 ",,,,,,,,,,,,,,,,,,,,,,,,,,,,,,,,,,,,,,,,,,,,,,,,,,,,,,,,,,,,,,,,,,,,,,,,,,,,,,,,,,,,,,,,,,,,,,,,,,,,,,,,,,,,,,,,,,,,,,,,,,,,,,,,,,,,,,,,,,,,
บุรีรัมย์, -   , -   , -   , -   , -   , -   , 8 , 88.43 , 55 , 39 , 94 ," 1,977.41 ", 8 , 88.43 , 55 , 39 , 94 ," 1,977.41 ",,,,,,,,,,,,,,,,,,,,,,,,,,,,,,,,,,,,,,,,,,,,,,,,,,,,,,,,,,,,,,,,,,,,,,,,,,,,,,,,,,,,,,,,,,,,,,,,,,,,,,,,,,,,,,,,,,,,,,,,,,,,,,,,,,,,,,,,,,,,
ปทุมธานี, 16 , 858.92 , 154 , 178 , 332 ," 1,117.00 ", 90 ," 12,800.18 "," 2,110 "," 2,047 "," 4,157 "," 55,191.84 ", 106 ," 13,659.10 "," 2,264 "," 2,225 "," 4,489 "," 56,308.84 ",,,,,,,,,,,,,,,,,,,,,,,,,,,,,,,,,,,,,,,,,,,,,,,,,,,,,,,,,,,,,,,,,,,,,,,,,,,,,,,,,,,,,,,,,,,,,,,,,,,,,,,,,,,,,,,,,,,,,,,,,,,,,,,,,,,,,,,,,,,,
ประจวบคีรีขันธ์, 1 , 12.00 , 14 , 4 , 18 , 72.50 , 6 , 109.66 , 115 , 2 , 117 ," 2,586.89 ", 7 , 121.66 , 129 , 6 , 135 ," 2,659.39 ",,,,,,,,,,,,,,,,,,,,,,,,,,,,,,,,,,,,,,,,,,,,,,,,,,,,,,,,,,,,,,,,,,,,,,,,,,,,,,,,,,,,,,,,,,,,,,,,,,,,,,,,,,,,,,,,,,,,,,,,,,,,,,,,,,,,,,,,,,,,
ปราจีนบุรี, 5 , 122.50 , 37 , 28 , 65 , 362.88 , 31 ," 4,068.35 ", 519 , 218 , 737 ," 182,924.43 ", 36 ," 4,190.85 ", 556 , 246 , 802 ," 183,287.31 ",,,,,,,,,,,,,,,,,,,,,,,,,,,,,,,,,,,,,,,,,,,,,,,,,,,,,,,,,,,,,,,,,,,,,,,,,,,,,,,,,,,,,,,,,,,,,,,,,,,,,,,,,,,,,,,,,,,,,,,,,,,,,,,,,,,,,,,,,,,,
ปัตตานี, -   , -   , -   , -   , -   , -   , 2 , 93.00 , 18 , 11 , 29 ," 5,105.28 ", 2 , 93.00 , 18 , 11 , 29 ," 5,105.28 ",,,,,,,,,,,,,,,,,,,,,,,,,,,,,,,,,,,,,,,,,,,,,,,,,,,,,,,,,,,,,,,,,,,,,,,,,,,,,,,,,,,,,,,,,,,,,,,,,,,,,,,,,,,,,,,,,,,,,,,,,,,,,,,,,,,,,,,,,,,,
พระนครศรีอยุธยา, 2 , 41.55 , 10 , 11 , 21 , 120.00 , 52 ," 10,244.05 "," 1,649 "," 1,101 "," 2,750 "," 76,874.31 ", 54 ," 10,285.61 "," 1,659 "," 1,112 "," 2,771 "," 76,994.31 ",,,,,,,,,,,,,,,,,,,,,,,,,,,,,,,,,,,,,,,,,,,,,,,,,,,,,,,,,,,,,,,,,,,,,,,,,,,,,,,,,,,,,,,,,,,,,,,,,,,,,,,,,,,,,,,,,,,,,,,,,,,,,,,,,,,,,,,,,,,,
พะเยา, 1 , 21.00 , 3 , 2 , 5 , 68.00 , 15 , 353.83 , 120 , 51 , 171 ," 4,830.37 ", 16 , 374.83 , 123 , 53 , 176 ," 4,898.37 ",,,,,,,,,,,,,,,,,,,,,,,,,,,,,,,,,,,,,,,,,,,,,,,,,,,,,,,,,,,,,,,,,,,,,,,,,,,,,,,,,,,,,,,,,,,,,,,,,,,,,,,,,,,,,,,,,,,,,,,,,,,,,,,,,,,,,,,,,,,,
พังงา, -   , -   , -   , -   , -   , -   , 2 , 61.00 , 16 , 2 , 18 ," 1,678.94 ", 2 , 61.00 , 16 , 2 , 18 ," 1,678.94 ",,,,,,,,,,,,,,,,,,,,,,,,,,,,,,,,,,,,,,,,,,,,,,,,,,,,,,,,,,,,,,,,,,,,,,,,,,,,,,,,,,,,,,,,,,,,,,,,,,,,,,,,,,,,,,,,,,,,,,,,,,,,,,,,,,,,,,,,,,,,
พัทลุง, -   , -   , -   , -   , -   , -   , 26 , 134.10 , 93 , 14 , 107 ," 6,001.23 ", 26 , 134.10 , 93 , 14 , 107 ," 6,001.23 ",,,,,,,,,,,,,,,,,,,,,,,,,,,,,,,,,,,,,,,,,,,,,,,,,,,,,,,,,,,,,,,,,,,,,,,,,,,,,,,,,,,,,,,,,,,,,,,,,,,,,,,,,,,,,,,,,,,,,,,,,,,,,,,,,,,,,,,,,,,,
พิจิตร, -   , -   , -   , -   , -   , -   , 7 , 52.45 , 38 , 3 , 41 ," 3,889.31 ", 7 , 52.45 , 38 , 3 , 41 ," 3,889.31 ",,,,,,,,,,,,,,,,,,,,,,,,,,,,,,,,,,,,,,,,,,,,,,,,,,,,,,,,,,,,,,,,,,,,,,,,,,,,,,,,,,,,,,,,,,,,,,,,,,,,,,,,,,,,,,,,,,,,,,,,,,,,,,,,,,,,,,,,,,,,
พิษณุโลก, 1 , 12.00 , 4 , -   , 4 , 69.20 , 21 , 290.85 , 120 , 69 , 189 ," 8,110.64 ", 22 , 302.85 , 124 , 69 , 193 ," 8,179.84 ",,,,,,,,,,,,,,,,,,,,,,,,,,,,,,,,,,,,,,,,,,,,,,,,,,,,,,,,,,,,,,,,,,,,,,,,,,,,,,,,,,,,,,,,,,,,,,,,,,,,,,,,,,,,,,,,,,,,,,,,,,,,,,,,,,,,,,,,,,,,
เพชรบุรี, -   , -   , -   , -   , -   , -   , 21 ," 2,807.76 ", 225 , 125 , 350 ," 57,996.64 ", 21 ," 2,807.76 ", 225 , 125 , 350 ," 57,996.64 ",,,,,,,,,,,,,,,,,,,,,,,,,,,,,,,,,,,,,,,,,,,,,,,,,,,,,,,,,,,,,,,,,,,,,,,,,,,,,,,,,,,,,,,,,,,,,,,,,,,,,,,,,,,,,,,,,,,,,,,,,,,,,,,,,,,,,,,,,,,,
เพชรบูรณ์, -   , -   , -   , -   , -   , -   , 11 , 334.07 , 127 , 78 , 205 ," 7,347.82 ", 11 , 334.07 , 127 , 78 , 205 ," 7,347.82 ",,,,,,,,,,,,,,,,,,,,,,,,,,,,,,,,,,,,,,,,,,,,,,,,,,,,,,,,,,,,,,,,,,,,,,,,,,,,,,,,,,,,,,,,,,,,,,,,,,,,,,,,,,,,,,,,,,,,,,,,,,,,,,,,,,,,,,,,,,,,
แพร่, -   , -   , -   , -   , -   , -   , 4 , 67.80 , 33 , 6 , 39 ," 2,279.44 ", 4 , 67.80 , 33 , 6 , 39 ," 2,279.44 ",,,,,,,,,,,,,,,,,,,,,,,,,,,,,,,,,,,,,,,,,,,,,,,,,,,,,,,,,,,,,,,,,,,,,,,,,,,,,,,,,,,,,,,,,,,,,,,,,,,,,,,,,,,,,,,,,,,,,,,,,,,,,,,,,,,,,,,,,,,,
ภูเก็ต, -   , -   , -   , -   , -   , -   , 9 , 739.12 , 93 , 40 , 133 ," 7,840.83 ", 9 , 739.12 , 93 , 40 , 133 ," 7,840.83 ",,,,,,,,,,,,,,,,,,,,,,,,,,,,,,,,,,,,,,,,,,,,,,,,,,,,,,,,,,,,,,,,,,,,,,,,,,,,,,,,,,,,,,,,,,,,,,,,,,,,,,,,,,,,,,,,,,,,,,,,,,,,,,,,,,,,,,,,,,,,
มหาสารคาม, -   , -   , -   , -   , -   , -   , 2 , 38.80 , 48 , 59 , 107 ," 1,076.89 ", 2 , 38.80 , 48 , 59 , 107 ," 1,076.89 ",,,,,,,,,,,,,,,,,,,,,,,,,,,,,,,,,,,,,,,,,,,,,,,,,,,,,,,,,,,,,,,,,,,,,,,,,,,,,,,,,,,,,,,,,,,,,,,,,,,,,,,,,,,,,,,,,,,,,,,,,,,,,,,,,,,,,,,,,,,,
มุกดาหาร, -   , -   , -   , -   , -   , -   , 7 ," 1,528.89 ", 29 , 6 , 35 ," 5,964.00 ", 7 ," 1,528.89 ", 29 , 6 , 35 ," 5,964.00 ",,,,,,,,,,,,,,,,,,,,,,,,,,,,,,,,,,,,,,,,,,,,,,,,,,,,,,,,,,,,,,,,,,,,,,,,,,,,,,,,,,,,,,,,,,,,,,,,,,,,,,,,,,,,,,,,,,,,,,,,,,,,,,,,,,,,,,,,,,,,
ยโสธร, -   , -   , -   , -   , -   , -   , 12 , 554.62 , 109 , 40 , 149 ," 24,397.50 ", 12 , 554.62 , 109 , 40 , 149 ," 24,397.50 ",,,,,,,,,,,,,,,,,,,,,,,,,,,,,,,,,,,,,,,,,,,,,,,,,,,,,,,,,,,,,,,,,,,,,,,,,,,,,,,,,,,,,,,,,,,,,,,,,,,,,,,,,,,,,,,,,,,,,,,,,,,,,,,,,,,,,,,,,,,,
ยะลา, -   , -   , -   , -   , -   , -   , 6 , 32.31 , 20 , 4 , 24 ," 1,077.99 ", 6 , 32.31 , 20 , 4 , 24 ," 1,077.99 ",,,,,,,,,,,,,,,,,,,,,,,,,,,,,,,,,,,,,,,,,,,,,,,,,,,,,,,,,,,,,,,,,,,,,,,,,,,,,,,,,,,,,,,,,,,,,,,,,,,,,,,,,,,,,,,,,,,,,,,,,,,,,,,,,,,,,,,,,,,,
ร้อยเอ็ด, -   , -   , -   , -   , -   , -   , 22 , 456.32 , 128 , 40 , 168 ," 9,385.43 ", 22 , 456.32 , 128 , 40 , 168 ," 9,385.43 ",,,,,,,,,,,,,,,,,,,,,,,,,,,,,,,,,,,,,,,,,,,,,,,,,,,,,,,,,,,,,,,,,,,,,,,,,,,,,,,,,,,,,,,,,,,,,,,,,,,,,,,,,,,,,,,,,,,,,,,,,,,,,,,,,,,,,,,,,,,,
ระนอง, -   , -   , -   , -   , -   , -   , 7 , 372.85 , 79 , 53 , 132 ," 3,866.61 ", 7 , 372.85 , 79 , 53 , 132 ," 3,866.61 ",,,,,,,,,,,,,,,,,,,,,,,,,,,,,,,,,,,,,,,,,,,,,,,,,,,,,,,,,,,,,,,,,,,,,,,,,,,,,,,,,,,,,,,,,,,,,,,,,,,,,,,,,,,,,,,,,,,,,,,,,,,,,,,,,,,,,,,,,,,,
ระยอง, -   , -   , -   , -   , -   , -   , 117 ," 13,729.80 "," 3,270 "," 1,681 "," 4,951 "," 106,692.66 ", 117 ," 13,729.80 "," 3,270 "," 1,681 "," 4,951 "," 106,692.66 ",,,,,,,,,,,,,,,,,,,,,,,,,,,,,,,,,,,,,,,,,,,,,,,,,,,,,,,,,,,,,,,,,,,,,,,,,,,,,,,,,,,,,,,,,,,,,,,,,,,,,,,,,,,,,,,,,,,,,,,,,,,,,,,,,,,,,,,,,,,,
ราชบุรี, 5 , 112.70 , 138 , 153 , 291 , 336.42 , 29 ," 2,806.57 "," 1,315 "," 1,059 "," 2,374 "," 29,641.49 ", 34 ," 2,919.27 "," 1,453 "," 1,212 "," 2,665 "," 29,977.91 ",,,,,,,,,,,,,,,,,,,,,,,,,,,,,,,,,,,,,,,,,,,,,,,,,,,,,,,,,,,,,,,,,,,,,,,,,,,,,,,,,,,,,,,,,,,,,,,,,,,,,,,,,,,,,,,,,,,,,,,,,,,,,,,,,,,,,,,,,,,,
ลพบุรี, -   , -   , -   , -   , -   , -   , 15 , 502.19 , 212 , 127 , 339 ," 4,807.20 ", 15 , 502.19 ,212,127,339," 4,807.20 ",,,,,,,,,,,,,,,,,,,,,,,,,,,,,,,,,,,,,,,,,,,,,,,,,,,,,,,,,,,,,,,,,,,,,,,,,,,,,,,,,,,,,,,,,,,,,,,,,,,,,,,,,,,,,,,,,,,,,,,,,,,,,,,,,,,,,,,,,,,,
ลำปาง, -   , -   , -   , -   , -   , -   , 31 ," 2,225.39 ", 417 , 229 , 646 ," 22,297.58 ", 31 ," 2,225.39 ",417,229,646," 22,297.58 ",,,,,,,,,,,,,,,,,,,,,,,,,,,,,,,,,,,,,,,,,,,,,,,,,,,,,,,,,,,,,,,,,,,,,,,,,,,,,,,,,,,,,,,,,,,,,,,,,,,,,,,,,,,,,,,,,,,,,,,,,,,,,,,,,,,,,,,,,,,,
ลำพูน, -   , -   , -   , -   , -   , -   , 11 , 369.87 , 70 , 17 , 87 ," 3,086.73 ", 11 , 369.87 , 70 , 17 , 87 ," 3,086.73 ",,,,,,,,,,,,,,,,,,,,,,,,,,,,,,,,,,,,,,,,,,,,,,,,,,,,,,,,,,,,,,,,,,,,,,,,,,,,,,,,,,,,,,,,,,,,,,,,,,,,,,,,,,,,,,,,,,,,,,,,,,,,,,,,,,,,,,,,,,,,
เลย, 5 , 56.03 , 15 , 5 , 20 , 345.83 , 5 , 112.95 , 136 , 41 , 177 ," 1,580.09 ", 10 , 168.98 , 151 , 46 , 197 ," 1,925.92 ",,,,,,,,,,,,,,,,,,,,,,,,,,,,,,,,,,,,,,,,,,,,,,,,,,,,,,,,,,,,,,,,,,,,,,,,,,,,,,,,,,,,,,,,,,,,,,,,,,,,,,,,,,,,,,,,,,,,,,,,,,,,,,,,,,,,,,,,,,,,
ศรีสะเกษ, -   , -   , -   , -   , -   , -   , 10 , 290.45 , 38 , 14 , 52 ," 4,696.57 ", 10 , 290.45 , 38 , 14 , 52 ," 4,696.57 ",,,,,,,,,,,,,,,,,,,,,,,,,,,,,,,,,,,,,,,,,,,,,,,,,,,,,,,,,,,,,,,,,,,,,,,,,,,,,,,,,,,,,,,,,,,,,,,,,,,,,,,,,,,,,,,,,,,,,,,,,,,,,,,,,,,,,,,,,,,,
สกลนคร, -   , -   , -   , -   , -   , -   , 12 , 208.05 , 64 , 38 , 102 ," 4,919.83 ", 12 , 208.05 , 64 , 38 , 102 ," 4,919.83 ",,,,,,,,,,,,,,,,,,,,,,,,,,,,,,,,,,,,,,,,,,,,,,,,,,,,,,,,,,,,,,,,,,,,,,,,,,,,,,,,,,,,,,,,,,,,,,,,,,,,,,,,,,,,,,,,,,,,,,,,,,,,,,,,,,,,,,,,,,,,
สงขลา, -   , -   , -   , -   , -   , -   , 48 , 591.27 , 317 , 69 , 386 ," 19,754.73 ", 48 , 591.27 , 317 , 69 , 386 ," 19,754.73 ",,,,,,,,,,,,,,,,,,,,,,,,,,,,,,,,,,,,,,,,,,,,,,,,,,,,,,,,,,,,,,,,,,,,,,,,,,,,,,,,,,,,,,,,,,,,,,,,,,,,,,,,,,,,,,,,,,,,,,,,,,,,,,,,,,,,,,,,,,,,
สตูล, -   , -   , -   , -   , -   , -   , 12 , 648.11 , 63 , 12 , 75 ," 18,788.24 ", 12 , 648.11 , 63 , 12 , 75 ," 18,788.24 ",,,,,,,,,,,,,,,,,,,,,,,,,,,,,,,,,,,,,,,,,,,,,,,,,,,,,,,,,,,,,,,,,,,,,,,,,,,,,,,,,,,,,,,,,,,,,,,,,,,,,,,,,,,,,,,,,,,,,,,,,,,,,,,,,,,,,,,,,,,,
สมุทรปราการ, 8 , 562.60 , 195 , 41 , 236 , 548.07 , 208 ," 19,861.21 "," 4,525 "," 3,037 "," 7,562 "," 123,043.28 ", 216 ," 20,423.81 "," 4,720 "," 3,078 "," 7,798 "," 123,591.35 ",,,,,,,,,,,,,,,,,,,,,,,,,,,,,,,,,,,,,,,,,,,,,,,,,,,,,,,,,,,,,,,,,,,,,,,,,,,,,,,,,,,,,,,,,,,,,,,,,,,,,,,,,,,,,,,,,,,,,,,,,,,,,,,,,,,,,,,,,,,,
สมุทรสาคร, 1 , 55.00 , 8 , 5 , 13 , 69.50 , 237 ," 10,547.49 "," 4,453 "," 3,470 "," 7,923 "," 102,359.45 ", 238 ," 10,602.49 "," 4,461 "," 3,475 "," 7,936 "," 102,428.95 ",,,,,,,,,,,,,,,,,,,,,,,,,,,,,,,,,,,,,,,,,,,,,,,,,,,,,,,,,,,,,,,,,,,,,,,,,,,,,,,,,,,,,,,,,,,,,,,,,,,,,,,,,,,,,,,,,,,,,,,,,,,,,,,,,,,,,,,,,,,,
สระแก้ว, 1 , 1.50 , 8 , 7 , 15 , 68.00 , 6 , 618.82 , 63 , 17 , 80 ," 3,993.54 ", 7 , 620.32 ,71,24,95," 4,061.54 ",,,,,,,,,,,,,,,,,,,,,,,,,,,,,,,,,,,,,,,,,,,,,,,,,,,,,,,,,,,,,,,,,,,,,,,,,,,,,,,,,,,,,,,,,,,,,,,,,,,,,,,,,,,,,,,,,,,,,,,,,,,,,,,,,,,,,,,,,,,,
สระบุรี, 3 , 8.50 , 19 , 58 , 77 , 208.00 , 39 ," 78,129.60 ", 776 , 505 ," 1,281 "," 163,259.70 ", 42 ," 78,138.10 ", 795 , 563 ," 1,358 "," 163,467.70 ",,,,,,,,,,,,,,,,,,,,,,,,,,,,,,,,,,,,,,,,,,,,,,,,,,,,,,,,,,,,,,,,,,,,,,,,,,,,,,,,,,,,,,,,,,,,,,,,,,,,,,,,,,,,,,,,,,,,,,,,,,,,,,,,,,,,,,,,,,,,
สิงห์บุรี, 3 , 30.70 , 11 , 6 , 17 , 197.00 , 6 , 69.80 , 35 , 10 , 45 ," 1,181.90 ", 9 , 100.50 ,46,16,62," 1,378.90 ",,,,,,,,,,,,,,,,,,,,,,,,,,,,,,,,,,,,,,,,,,,,,,,,,,,,,,,,,,,,,,,,,,,,,,,,,,,,,,,,,,,,,,,,,,,,,,,,,,,,,,,,,,,,,,,,,,,,,,,,,,,,,,,,,,,,,,,,,,,,
สุโขทัย, -   , -   , -   , -   , -   , -   , 21 , 511.30 , 138 , 30 , 168 ," 8,166.91 ", 21 , 511.30 , 138 , 30 , 168 ," 8,166.91 ",,,,,,,,,,,,,,,,,,,,,,,,,,,,,,,,,,,,,,,,,,,,,,,,,,,,,,,,,,,,,,,,,,,,,,,,,,,,,,,,,,,,,,,,,,,,,,,,,,,,,,,,,,,,,,,,,,,,,,,,,,,,,,,,,,,,,,,,,,,,
สุพรรณบุรี, 1 , 9.25 , 5 , 31 , 36 , 74.72 , 19 , 732.04 , 193 , 89 , 282 ," 12,058.89 ", 20 , 741.30 , 198 , 120 , 318 ," 12,133.61 ",,,,,,,,,,,,,,,,,,,,,,,,,,,,,,,,,,,,,,,,,,,,,,,,,,,,,,,,,,,,,,,,,,,,,,,,,,,,,,,,,,,,,,,,,,,,,,,,,,,,,,,,,,,,,,,,,,,,,,,,,,,,,,,,,,,,,,,,,,,,
สุราษฎร์ธานี, 1 , 2.12 , 5 , 4 , 9 , 66.75 , 52 ," 1,678.25 ", 637 , 275 , 912 ," 34,018.28 ", 53 ," 1,680.37 ", 642 , 279 , 921 ," 34,085.03 ",,,,,,,,,,,,,,,,,,,,,,,,,,,,,,,,,,,,,,,,,,,,,,,,,,,,,,,,,,,,,,,,,,,,,,,,,,,,,,,,,,,,,,,,,,,,,,,,,,,,,,,,,,,,,,,,,,,,,,,,,,,,,,,,,,,,,,,,,,,,
สุรินทร์, -   , -   , -   , -   , -   , -   , 12 , 161.70 , 102 , 77 , 179 ," 3,772.17 ", 12 , 161.70 , 102 , 77 , 179 ," 3,772.17 ",,,,,,,,,,,,,,,,,,,,,,,,,,,,,,,,,,,,,,,,,,,,,,,,,,,,,,,,,,,,,,,,,,,,,,,,,,,,,,,,,,,,,,,,,,,,,,,,,,,,,,,,,,,,,,,,,,,,,,,,,,,,,,,,,,,,,,,,,,,,
หนองคาย, -   , -   , -   , -   , -   , -   , 10 ," 8,705.68 ", 433 , 155 , 588 ," 329,877.16 ", 10 ," 8,705.68 ", 433 , 155 , 588 ," 329,877.16 ",,,,,,,,,,,,,,,,,,,,,,,,,,,,,,,,,,,,,,,,,,,,,,,,,,,,,,,,,,,,,,,,,,,,,,,,,,,,,,,,,,,,,,,,,,,,,,,,,,,,,,,,,,,,,,,,,,,,,,,,,,,,,,,,,,,,,,,,,,,,
หนองบัวลำภู, -   , -   , -   , -   , -   , -   , 5 , 218.60 , 94 , 57 , 151 ," 9,876.69 ", 5 , 218.60 ,94,57,151," 9,876.69 ",,,,,,,,,,,,,,,,,,,,,,,,,,,,,,,,,,,,,,,,,,,,,,,,,,,,,,,,,,,,,,,,,,,,,,,,,,,,,,,,,,,,,,,,,,,,,,,,,,,,,,,,,,,,,,,,,,,,,,,,,,,,,,,,,,,,,,,,,,,,
อ่างทอง, 1 , 6.80 , 5 , -   , 5 , 73.00 , 2 , 55.00 , 23 , -   , 23 , 826.36 , 3 , 61.80 , 28 , -   , 28 , 899.36 ,,,,,,,,,,,,,,,,,,,,,,,,,,,,,,,,,,,,,,,,,,,,,,,,,,,,,,,,,,,,,,,,,,,,,,,,,,,,,,,,,,,,,,,,,,,,,,,,,,,,,,,,,,,,,,,,,,,,,,,,,,,,,,,,,,,,,,,,,,,,
อำนาจเจริญ, -   , -   , -   , -   , -   , -   , 6 , 117.47 , 30 , 2 , 32 ," 4,615.14 ", 6 , 117.47 , 30 , 2 , 32 ," 4,615.14 ",,,,,,,,,,,,,,,,,,,,,,,,,,,,,,,,,,,,,,,,,,,,,,,,,,,,,,,,,,,,,,,,,,,,,,,,,,,,,,,,,,,,,,,,,,,,,,,,,,,,,,,,,,,,,,,,,,,,,,,,,,,,,,,,,,,,,,,,,,,,
อุดรธานี, -   , -   , -   , -   , -   , -   , 17 , 352.99 , 208 , 84 , 292 ," 7,346.58 ", 17 , 352.99 , 208 , 84 , 292 ," 7,346.58 ",,,,,,,,,,,,,,,,,,,,,,,,,,,,,,,,,,,,,,,,,,,,,,,,,,,,,,,,,,,,,,,,,,,,,,,,,,,,,,,,,,,,,,,,,,,,,,,,,,,,,,,,,,,,,,,,,,,,,,,,,,,,,,,,,,,,,,,,,,,,
อุตรดิตถ์, -   , -   , -   , -   , -   , -   , 10 ," 1,590.92 ", 246 , 89 , 335 ," 18,268.90 ", 10 ," 1,590.92 ", 246 , 89 , 335 ," 18,268.90 ",,,,,,,,,,,,,,,,,,,,,,,,,,,,,,,,,,,,,,,,,,,,,,,,,,,,,,,,,,,,,,,,,,,,,,,,,,,,,,,,,,,,,,,,,,,,,,,,,,,,,,,,,,,,,,,,,,,,,,,,,,,,,,,,,,,,,,,,,,,,
อุทัยธานี, -   , -   , -   , -   , -   , -   , 1 , 29.51 , 13 , -   , 13 ," 3,572.16 ", 1 , 29.51 , 13 , -   , 13 ," 3,572.16 ",,,,,,,,,,,,,,,,,,,,,,,,,,,,,,,,,,,,,,,,,,,,,,,,,,,,,,,,,,,,,,,,,,,,,,,,,,,,,,,,,,,,,,,,,,,,,,,,,,,,,,,,,,,,,,,,,,,,,,,,,,,,,,,,,,,,,,,,,,,,
อุบลราชธานี, -   , -   , -   , -   , -   , -   , 21 , 449.98 , 206 , 79 , 285 ," 9,005.29 ", 21 , 449.98 , 206 , 79 , 285 ," 9,005.29 ",,,,,,,,,,,,,,,,,,,,,,,,,,,,,,,,,,,,,,,,,,,,,,,,,,,,,,,,,,,,,,,,,,,,,,,,,,,,,,,,,,,,,,,,,,,,,,,,,,,,,,,,,,,,,,,,,,,,,,,,,,,,,,,,,,,,,,,,,,,,
รวม, 110 ," 3,029.45 "," 1,432 "," 1,391 "," 2,823 "," 7,120.78 "," 2,080 "," 262,545.57 "," 37,944 "," 24,814 "," 62,758 "," 3,008,365.09 "," 2,190 "," 265,575.02 "," 39,376 "," 26,205 "," 65,581 "," 3,015,485.87 ",,,,,,,,,,,,,,,,,,,,,,,,,,,,,,,,,,,,,,,,,,,,,,,,,,,,,,,,,,,,,,,,,,,,,,,,,,,,,,,,,,,,,,,,,,,,,,,,,,,,,,,,,,,,,,,,,,,,,,,,,,,,,,,,,,,,,,,,,,,,
