สถิติโรงงานอุตสาหกรรมที่จดทะเบียนกับกระทรวงอุตสาหกรรม และได้รับอนุญาตให้ประกอบกิจการใหม่ (ตามพระราชบัญญัติโรงงาน พ.ศ. 2535) จำแนกตามภาค และจังหวัด ปี พ.ศ. 2555 - 2564,,,,,,,,,,,,
,,,,,,,,,,,,
ภาค,จังหวัด,รายการ,2555,2556,2557,2558,2559,2560,2561,2562,2563,2564
ทั่วราชอาณาจักร,ทั่วราชอาณาจักร,จำนวนโรงงาน (โรงงาน),"4,101","4,676","4,636","4,627","4,253","4,077","4,115","3,175","2,633","2,612"
,,เงินทุน (ล้านบาท),"216,478","368,871","375,833","406,522","310,075","322,194","231,539","301,418","171,054","239,897"
,,คนงานรวม (คน),"99,961","120,018","113,433","119,869","106,655","111,690","107,192","96,492","86,797","81,420"
,,คนงานชาย,"54,951","72,049","69,186","72,786","63,613","64,474","63,694","56,507","58,182","48,056"
,,คนงานหญิง,"45,010","47,969","44,247","47,083","43,042","47,216","43,498","39,985","28,615","33,364"
กรุงเทพมหานคร,กรุงเทพมหานคร,จำนวนโรงงาน (โรงงาน),262,260,257,270,193,189,164,99,64,185
,,เงินทุน (ล้านบาท),"4,125","6,363","5,782","5,093","7,303","6,906","6,790","3,883","2,931","6,401"
,,คนงานรวม (คน),"13,256","5,111","5,446","5,185","5,130","4,420","4,244","2,525","2,537","4,702"
,,คนงานชาย,"2,895","3,237","2,928","3,363","3,010","2,854","2,061","1,570","1,490","2,583"
,,คนงานหญิง,"10,361","1,874","2,518","1,822","2,120","1,566","2,183",955,"1,047","2,119"
ภาคกลาง,ภาคกลาง,จำนวนโรงงาน (โรงงาน),"1,693","2,132","2,271","2,491","2,342","2,317","2,296","1,892","1,532","1,412"
,,เงินทุน (ล้านบาท),"146,493","262,292","256,618","303,488","203,911","236,427","152,019","240,747","117,785","188,917"
,,คนงานรวม (คน),"55,495","80,379","76,774","79,152","72,731","80,407","70,602","72,697","63,493","56,439"
,,คนงานชาย,"32,610","45,816","46,305","46,253","41,680","43,932","40,997","42,040","43,596","33,944"
,,คนงานหญิง,"22,885","34,563","30,469","32,899","31,051","36,475","28,522","30,657","19,897","22,495"
,สมุทรปราการ,จำนวนโรงงาน (โรงงาน),231,302,338,332,236,315,296,242,205,145
,,เงินทุน (ล้านบาท),"10,948","16,181","45,412","15,743","12,950","21,163","17,821","18,481","10,205","9,430"
,,คนงานรวม (คน),"7,924","10,701","14,091","9,663","8,133","10,689","10,040","13,455","6,350","5,742"
,,คนงานชาย,"4,411","6,004","8,843","5,873","4,315","6,169","5,598","8,487","3,770","3,042"
,,คนงานหญิง,"3,513","4,697","5,248","3,790","3,818","4,520","4,442","4,968","2,580","2,700"
,นนทบุรี,จำนวนโรงงาน (โรงงาน),84,69,82,85,91,79,92,62,35,54
,,เงินทุน (ล้านบาท),"2,778","17,319","2,883","3,734","5,696","3,208","6,602","3,939","2,504","4,078"
,,คนงานรวม (คน),"1,975","1,788","2,019","2,895","1,907","1,730","2,326","1,646","1,066","1,965"
,,คนงานชาย,"1,217","1,064","1,269","1,818","1,234","1,211","1,400","1,062",614,"1,140"
,,คนงานหญิง,758,724,750,"1,077",673,519,926,584,452,825
,ปทุมธานี,จำนวนโรงงาน (โรงงาน),172,134,344,385,270,202,197,162,77,100
,,เงินทุน (ล้านบาท),"6,078","24,939","29,366","35,429","10,418","26,215","15,567","10,769","8,261","11,142"
,,คนงานรวม (คน),"6,969","9,257","10,131","14,607","6,848","9,739","8,916","7,794","2,924","3,120"
,,คนงานชาย,"4,441","3,129","5,880","7,195","3,674","4,153","4,789","3,444","1,555","1,994"
,,คนงานหญิง,"2,528","6,128","4,251","7,412","3,174","5,586","3,044","4,350","1,369","1,126"
,พระนครศรีอยุธยา,จำนวนโรงงาน (โรงงาน),109,93,117,132,121,117,96,57,55,47
,,เงินทุน (ล้านบาท),"47,980","32,963","17,226","27,138","14,791","18,941","9,581","7,554","14,137","8,000"
,,คนงานรวม (คน),"4,734","7,043","4,363","4,232","7,852","9,862","3,358","5,440","1,091","2,146"
,,คนงานชาย,"2,428","3,382","1,983","2,976","3,715","4,334","2,039","2,175",695,"1,266"
,,คนงานหญิง,"2,306","3,661","2,380","1,256","4,137","5,528","1,319","3,265",396,880
,อ่างทอง,จำนวนโรงงาน (โรงงาน),49,31,17,30,19,18,11,11,8,8
,,เงินทุน (ล้านบาท),824,519,"6,834","1,234",764,644,508,194,686,140
,,คนงานรวม (คน),536,442,325,339,297,242,171,198,211,135
,,คนงานชาย,434,292,267,262,235,176,105,99,91,111
,,คนงานหญิง,102,150,58,77,62,66,66,99,120,24
,ลพบุรี,จำนวนโรงงาน (โรงงาน),40,32,37,59,31,19,30,16,27,14
,,เงินทุน (ล้านบาท),"2,788","3,726","5,151","19,680","7,503",948,672,"1,566",609,"1,858"
,,คนงานรวม (คน),522,"1,049",713,"1,605",789,235,352,264,"8,045",149
,,คนงานชาย,433,553,438,852,549,171,269,206,"7,997",121
,,คนงานหญิง,89,496,275,753,240,64,83,58,48,28
,สิงห์บุรี,จำนวนโรงงาน (โรงงาน),6,8,4,6,11,6,5,5,6,6
,,เงินทุน (ล้านบาท),294,307,101,454,249,265,105,80,182,145
,,คนงานรวม (คน),251,282,75,157,175,73,212,100,206,111
,,คนงานชาย,113,86,15,114,88,48,100,59,151,49
,,คนงานหญิง,138,196,60,43,87,25,112,41,55,62
,ชัยนาท,จำนวนโรงงาน (โรงงาน),17,53,30,34,8,21,13,8,14,14
,,เงินทุน (ล้านบาท),"1,881",804,"3,310","1,713",81,150,140,493,277,178
,,คนงานรวม (คน),277,412,605,296,28,85,61,66,94,54
,,คนงานชาย,215,306,332,233,22,76,43,47,73,51
,,คนงานหญิง,62,106,273,63,6,9,18,19,21,3
,สระบุรี,จำนวนโรงงาน (โรงงาน),66,84,62,68,58,79,51,56,56,63
,,เงินทุน (ล้านบาท),"8,636","25,116","11,874","13,404","5,384","8,411","7,046","82,614","3,358","5,522"
,,คนงานรวม (คน),"3,741","6,146","1,758","2,231",873,"2,500","1,101",954,"1,286","1,961"
,,คนงานชาย,"2,646","2,963","1,212","1,517",634,"1,434",603,679,961,"1,142"
,,คนงานหญิง,"1,095","3,183",546,714,239,"1,066",498,275,325,819
,ชลบุรี,จำนวนโรงงาน (โรงงาน),148,268,247,254,234,243,250,208,251,223
,,เงินทุน (ล้านบาท),"6,743","16,668","22,868","31,151","18,143","17,599","9,986","25,510","19,066","13,344"
,,คนงานรวม (คน),"4,509","6,911","9,108","10,949","11,518","8,746","6,320","5,585","10,109","8,669"
,,คนงานชาย,"2,814","4,639","5,700","5,819","6,521","5,269","3,702","3,813","6,202","5,520"
,,คนงานหญิง,"1,695","2,272","3,408","5,130","4,997","3,477","2,618","1,772","3,907","3,149"
,ระยอง,จำนวนโรงงาน (โรงงาน),71,103,69,235,142,121,139,120,90,92
,,เงินทุน (ล้านบาท),"21,859","28,216","32,111","47,488","18,651","78,061","26,417","28,015","9,987","57,476"
,,คนงานรวม (คน),"2,918","4,038","2,877","6,880","4,037","2,744","4,668","7,628","3,674","8,461"
,,คนงานชาย,"2,041","2,926","2,166","4,556","2,787","1,901","3,162","3,661","2,492","4,829"
,,คนงานหญิง,877,"1,112",711,"2,324","1,250",843,"1,506","3,967","1,182","3,632"
,จันทบุรี,จำนวนโรงงาน (โรงงาน),35,28,15,9,17,19,21,22,14,16
,,เงินทุน (ล้านบาท),368,375,129,517,464,347,"2,620",862,194,217
,,คนงานรวม (คน),243,292,135,417,226,340,619,512,300,289
,,คนงานชาย,176,206,82,243,135,158,331,275,169,164
,,คนงานหญิง,67,86,53,174,91,182,288,237,131,125
,ตราด,จำนวนโรงงาน (โรงงาน),20,21,13,32,52,33,22,14,10,8
,,เงินทุน (ล้านบาท),206,308,426,295,833,493,126,120,132,90
,,คนงานรวม (คน),144,239,110,258,483,524,200,148,102,59
,,คนงานชาย,109,163,87,225,310,438,121,91,78,49
,,คนงานหญิง,35,76,23,33,173,86,79,57,24,10
,ฉะเชิงเทรา,จำนวนโรงงาน (โรงงาน),68,96,102,70,80,100,94,81,112,83
,,เงินทุน (ล้านบาท),"8,207","12,636","26,868","9,220","10,763","7,842","6,194","4,135","16,795","8,681"
,,คนงานรวม (คน),"2,113","5,367","5,313","1,874","1,833","2,823","3,088","3,245","5,061","2,794"
,,คนงานชาย,"1,323","3,386","3,194","1,239","1,245","1,883","2,167","2,277","3,092","1,961"
,,คนงานหญิง,790,"1,981","2,119",635,588,940,921,968,"1,969",833
,ปราจีนบุรี,จำนวนโรงงาน (โรงงาน),44,68,52,48,54,54,72,55,35,50
,,เงินทุน (ล้านบาท),"9,261","35,778","13,669","12,267","20,444","2,810","10,312","19,264","1,832","10,150"
,,คนงานรวม (คน),"5,294","7,440","1,989","1,453","2,638","1,145","3,809","3,450","7,248","4,390"
,,คนงานชาย,"1,872","5,231","1,241",912,"1,504",726,"1,972","2,229","6,646","2,807"
,,คนงานหญิง,"3,422","2,209",748,541,"1,134",419,"1,837","1,221",602,"1,583"
,นครนายก,จำนวนโรงงาน (โรงงาน),10,20,32,4,7,4,12,1,2,1
,,เงินทุน (ล้านบาท),126,"1,596",335,31,386,55,72,21,794,1
,,คนงานรวม (คน),258,623,264,76,57,17,109,6,511,25
,,คนงานชาย,173,376,209,52,41,15,98,3,160,7
,,คนงานหญิง,85,247,55,24,16,2,11,3,351,18
,สระแก้ว,จำนวนโรงงาน (โรงงาน),28,42,58,25,78,39,17,21,5,17
,,เงินทุน (ล้านบาท),482,"2,014",293,257,"20,126","7,438","2,108","1,763",602,"1,559"
,,คนงานรวม (คน),710,774,336,263,860,"1,101",232,752,179,241
,,คนงานชาย,317,510,288,185,612,728,118,429,107,153
,,คนงานหญิง,393,264,48,78,248,373,114,323,72,88
,ราชบุรี,จำนวนโรงงาน (โรงงาน),77,63,37,24,95,82,86,73,34,29
,,เงินทุน (ล้านบาท),"1,529","2,475","4,518","1,874","10,746","10,792","2,796","3,147","1,766","33,261"
,,คนงานรวม (คน),"1,934","1,019","1,322",622,"1,422","1,987","2,365","1,661",948,803
,,คนงานชาย,"1,218",708,"1,024",376,"1,056","1,340","1,356","1,020",468,564
,,คนงานหญิง,716,311,298,246,366,647,"1,009",641,480,239
,กาญจนบุรี,จำนวนโรงงาน (โรงงาน),45,70,83,63,52,78,63,45,29,31
,,เงินทุน (ล้านบาท),"2,411","4,184","5,446","8,177","3,933","4,736","1,887","1,808","1,459","1,333"
,,คนงานรวม (คน),765,993,"1,395","1,092",783,"5,990","1,681","1,164",752,405
,,คนงานชาย,495,718,893,740,567,"2,247",920,526,436,325
,,คนงานหญิง,270,275,502,352,216,"3,743",761,638,316,80
,สุพรรณบุรี,จำนวนโรงงาน (โรงงาน),30,58,43,28,50,45,39,40,28,24
,,เงินทุน (ล้านบาท),539,"7,396","2,182","1,602","3,882","2,440",672,"5,420","1,808","1,980"
,,คนงานรวม (คน),360,728,"1,006",404,953,501,526,905,503,531
,,คนงานชาย,250,480,585,233,555,340,305,544,263,318
,,คนงานหญิง,110,248,421,171,398,161,221,361,240,213
,นครปฐม,จำนวนโรงงาน (โรงงาน),142,240,191,114,107,138,175,181,116,122
,,เงินทุน (ล้านบาท),"3,773","18,160","10,764","18,321","4,904","9,876","6,663","6,655","6,873","9,815"
,,คนงานรวม (คน),"3,147","6,764","4,696","3,966","2,866","3,608","5,050","5,088","3,526","6,136"
,,คนงานชาย,"1,849","3,818","2,847","2,194","1,707","2,287","2,709","3,238","2,087","3,379"
,,คนงานหญิง,"1,298","2,946","1,849","1,772","1,159","1,321","2,341","1,850","1,439","2,757"
,สมุทรสาคร,จำนวนโรงงาน (โรงงาน),169,191,205,312,408,451,450,361,288,233
,,เงินทุน (ล้านบาท),"7,727","8,215","9,753","32,047","17,827","12,831","22,838","15,039","14,880","8,141"
,,คนงานรวม (คน),"5,536","6,863","8,816","12,357","15,769","14,402","14,111","11,489","8,583","6,920"
,,คนงานชาย,"3,246","4,020","4,864","6,727","8,550","8,146","8,232","6,918","4,969","4,083"
,,คนงานหญิง,"2,290","2,843","3,952","5,630","7,219","6,256","5,879","4,571","3,614","2,837"
,สมุทรสงคราม,จำนวนโรงงาน (โรงงาน),4,8,10,13,29,17,18,8,2,7
,,เงินทุน (ล้านบาท),62,487,714,395,"1,625",282,251,281,77,351
,,คนงานรวม (คน),44,193,542,327,821,597,288,222,108,446
,,คนงานชาย,34,172,305,186,398,211,170,138,50,259
,,คนงานหญิง,10,21,237,141,423,386,118,84,58,187
,เพชรบุรี,จำนวนโรงงาน (โรงงาน),9,21,50,95,25,11,29,28,25,18
,,เงินทุน (ล้านบาท),245,769,"3,434","16,502","4,085",733,538,"2,303","1,223","1,820"
,,คนงานรวม (คน),116,634,"4,379","1,631",422,313,564,703,515,768
,,คนงานชาย,83,382,"2,339","1,334",268,185,413,475,394,526
,,คนงานหญิง,33,252,"2,040",297,154,128,151,228,121,242
,ประจวบคีรีขันธ์,จำนวนโรงงาน (โรงงาน),19,29,33,34,67,26,18,15,8,7
,,เงินทุน (ล้านบาท),748,"1,142",950,"4,814","9,265",150,497,714,80,204
,,คนงานรวม (คน),475,381,406,558,"1,141",414,435,222,101,119
,,คนงานชาย,272,302,242,392,958,286,275,145,76,84
,,คนงานหญิง,203,79,164,166,183,128,160,77,25,35
ภาคเหนือ,ภาคเหนือ,จำนวนโรงงาน (โรงงาน),945,846,794,659,537,529,573,420,302,287
,,เงินทุน (ล้านบาท),"17,897","32,047","27,360","37,337","41,631","13,732","16,139","17,628","17,539","10,271"
,,คนงานรวม (คน),"11,742","13,072","9,229","13,617","9,914","7,898","8,864","7,307","4,518","4,245"
,,คนงานชาย,"7,105","7,908","6,237","8,286","6,230","4,647","5,576","4,144","2,772","2,667"
,,คนงานหญิง,"4,637","5,164","2,992","5,331","3,684","3,251","3,288","3,163","1,746","1,578"
,เชียงใหม่,จำนวนโรงงาน (โรงงาน),65,79,82,63,68,64,74,40,39,40
,,เงินทุน (ล้านบาท),"1,301","3,061","2,875","1,485","1,811","1,458","5,441","1,678",771,"1,441"
,,คนงานรวม (คน),"1,383","1,528","1,444",554,"1,124","1,006","1,037",588,850,540
,,คนงานชาย,684,827,906,435,726,559,747,408,517,371
,,คนงานหญิง,699,701,538,119,398,447,290,180,333,169
,ลำพูน,จำนวนโรงงาน (โรงงาน),31,27,26,30,33,29,47,15,16,20
,,เงินทุน (ล้านบาท),751,"1,545","1,336","3,803","4,644",636,"2,004",492,399,611
,,คนงานรวม (คน),661,566,703,"4,948","1,610",640,"1,493",267,177,505
,,คนงานชาย,421,314,479,"2,722",989,394,852,202,122,288
,,คนงานหญิง,240,252,224,"2,226",621,246,641,65,55,217
,ลำปาง,จำนวนโรงงาน (โรงงาน),64,93,84,42,25,48,47,17,11,19
,,เงินทุน (ล้านบาท),643,"5,086","9,628","2,030",387,"1,005",647,115,733,303
,,คนงานรวม (คน),787,"1,922",725,834,260,810,613,199,102,122
,,คนงานชาย,540,"1,129",501,470,178,487,394,103,91,109
,,คนงานหญิง,247,793,224,364,82,323,219,96,11,13
,อุตรดิตถ์,จำนวนโรงงาน (โรงงาน),30,25,24,28,21,30,18,14,8,10
,,เงินทุน (ล้านบาท),460,265,213,"1,705",174,210,951,505,"1,879",238
,,คนงานรวม (คน),355,219,148,253,117,204,164,66,77,152
,,คนงานชาย,243,180,127,211,101,183,124,44,56,94
,,คนงานหญิง,112,39,21,42,16,21,40,22,21,58
,แพร่,จำนวนโรงงาน (โรงงาน),288,160,195,124,132,100,100,52,14,5
,,เงินทุน (ล้านบาท),350,366,"1,660",151,607,859,451,995,77,149
,,คนงานรวม (คน),"1,651",937,"1,468",805,696,696,585,"1,416",167,31
,,คนงานชาย,"1,449",824,"1,052",606,549,579,458,744,107,30
,,คนงานหญิง,202,113,416,199,147,117,127,672,60,1
,น่าน,จำนวนโรงงาน (โรงงาน),18,29,10,12,12,18,17,9,5,5
,,เงินทุน (ล้านบาท),204,294,47,132,85,110,118,38,129,87
,,คนงานรวม (คน),145,144,63,85,74,113,148,59,80,32
,,คนงานชาย,121,106,50,60,49,89,120,40,60,26
,,คนงานหญิง,24,38,13,25,25,24,28,19,20,6
,พะเยา,จำนวนโรงงาน (โรงงาน),17,22,10,9,6,9,15,19,17,19
,,เงินทุน (ล้านบาท),263,684,135,483,37,104,341,186,302,227
,,คนงานรวม (คน),105,304,69,251,57,89,79,109,161,151
,,คนงานชาย,89,191,58,191,49,81,77,98,129,140
,,คนงานหญิง,16,113,11,60,8,8,2,11,32,11
,เชียงราย,จำนวนโรงงาน (โรงงาน),80,61,46,38,37,23,44,53,37,29
,,เงินทุน (ล้านบาท),"2,628","3,366","1,034",679,"1,406",527,"1,177","2,576","1,016","1,141"
,,คนงานรวม (คน),"1,044",909,496,369,616,310,516,932,390,561
,,คนงานชาย,733,659,387,298,424,183,370,545,275,397
,,คนงานหญิง,311,250,109,71,192,127,146,387,115,164
,แม่ฮ่องสอน,จำนวนโรงงาน (โรงงาน),1,3,5,10,3,11,11,6,,1
,,เงินทุน (ล้านบาท),4,3,35,267,15,84,68,40,,16
,,คนงานรวม (คน),6,24,38,94,57,69,91,89,,12
,,คนงานชาย,4,12,34,73,29,61,65,38,,10
,,คนงานหญิง,2,12,4,21,28,8,26,51,,2
,นครสวรรค์,จำนวนโรงงาน (โรงงาน),65,63,71,57,18,13,14,23,30,26
,,เงินทุน (ล้านบาท),922,"4,611","1,941","2,295","12,655","4,648",435,"8,456","2,334",781
,,คนงานรวม (คน),413,"1,019",684,635,593,417,243,646,507,312
,,คนงานชาย,326,605,577,498,467,269,204,499,258,228
,,คนงานหญิง,87,414,107,137,126,148,39,147,249,84
,อุทัยธานี,จำนวนโรงงาน (โรงงาน),8,9,8,4,7,1,4,3,6,4
,,เงินทุน (ล้านบาท),"2,441",223,"1,619",24,131,1,321,55,110,65
,,คนงานรวม (คน),279,81,179,24,48,5,91,24,63,21
,,คนงานชาย,265,67,149,19,30,5,72,14,45,21
,,คนงานหญิง,14,14,30,5,18,0,19,10,18,0
,กำแพงเพชร,จำนวนโรงงาน (โรงงาน),45,36,57,53,31,30,24,39,32,24
,,เงินทุน (ล้านบาท),"4,224","1,485","3,383","2,902","11,746",743,615,645,"4,898",369
,,คนงานรวม (คน),456,765,588,503,767,247,196,418,515,304
,,คนงานชาย,365,532,437,367,585,178,155,264,372,218
,,คนงานหญิง,91,233,151,136,182,69,41,154,143,86
,ตาก,จำนวนโรงงาน (โรงงาน),55,47,52,49,53,48,42,28,14,4
,,เงินทุน (ล้านบาท),697,"2,184",803,815,"2,054",754,569,387,509,"1,427"
,,คนงานรวม (คน),"2,743","1,279","1,665","2,612","2,415","2,084","1,513","1,497",652,569
,,คนงานชาย,747,492,706,"1,046","1,019",892,657,496,253,141
,,คนงานหญิง,"1,996",787,959,"1,566","1,396","1,192",856,"1,001",399,428
,สุโขทัย,จำนวนโรงงาน (โรงงาน),17,38,36,33,14,10,8,19,13,22
,,เงินทุน (ล้านบาท),104,"1,131","1,117",375,787,132,46,112,168,"1,294"
,,คนงานรวม (คน),151,411,249,270,170,154,42,147,115,234
,,คนงานชาย,94,330,184,194,144,61,40,91,70,182
,,คนงานหญิง,57,81,65,76,26,93,2,56,45,52
,พิษณุโลก,จำนวนโรงงาน (โรงงาน),50,64,28,35,15,36,36,27,23,15
,,เงินทุน (ล้านบาท),"1,406","3,585",932,"9,300",589,726,902,558,296,210
,,คนงานรวม (คน),804,"2,271",361,439,257,470,"1,387",352,329,165
,,คนงานชาย,566,"1,135",316,300,151,267,739,220,172,80
,,คนงานหญิง,238,"1,136",45,139,106,203,648,132,157,85
,พิจิตร,จำนวนโรงงาน (โรงงาน),51,49,30,27,13,26,17,10,5,10
,,เงินทุน (ล้านบาท),"1,026","1,869",337,"3,799",214,938,209,149,"1,779","1,422"
,,คนงานรวม (คน),480,398,167,192,135,199,154,88,70,91
,,คนงานชาย,235,271,142,156,114,129,115,59,56,89
,,คนงานหญิง,245,127,25,36,21,70,39,29,14,2
,เพชรบูรณ์,จำนวนโรงงาน (โรงงาน),60,41,30,45,49,33,55,46,32,34
,,เงินทุน (ล้านบาท),473,"2,290",264,"7,092","4,289",797,"1,844",642,"2,140",490
,,คนงานรวม (คน),279,295,182,749,918,385,512,410,263,443
,,คนงานชาย,223,234,132,640,626,230,387,279,189,243
,,คนงานหญิง,56,61,50,109,292,155,125,131,74,200
ภาคตะวันออกเฉียงเหนือ,ภาคตะวันออกเฉียงเหนือ,จำนวนโรงงาน (โรงงาน),791,878,851,729,696,610,598,445,425,435
,,เงินทุน (ล้านบาท),"40,608","49,784","70,362","38,049","41,596","41,897","32,363","29,348","19,485","13,898"
,,คนงานรวม (คน),"14,153","13,620","13,496","13,534","10,164","9,213","8,671","8,903","9,964","7,936"
,,คนงานชาย,"8,652","9,309","8,939","9,104","6,859","6,386","5,874","5,275","5,997","4,316"
,,คนงานหญิง,"5,501","4,311","4,557","4,430","3,305","2,827","2,797","3,628","3,967","3,620"
,นครราชสีมา,จำนวนโรงงาน (โรงงาน),116,171,117,103,121,114,92,62,73,70
,,เงินทุน (ล้านบาท),"10,715","17,486","10,111","5,941","22,347","8,717","6,040","11,140","3,347","2,355"
,,คนงานรวม (คน),"3,115","5,426","2,983","3,046","2,104","2,859","1,368","2,510","2,403","2,350"
,,คนงานชาย,"1,743","3,314","1,417","1,658","1,389","1,829",870,"1,409","1,187",760
,,คนงานหญิง,"1,372","2,112","1,566","1,388",715,"1,030",498,"1,101","1,216","1,590"
,บุรีรัมย์,จำนวนโรงงาน (โรงงาน),48,31,19,36,28,34,21,25,19,11
,,เงินทุน (ล้านบาท),"1,400","3,799","5,483","2,951","1,216",679,930,"4,871","1,524",639
,,คนงานรวม (คน),"1,414",961,226,860,370,328,211,595,410,214
,,คนงานชาย,517,386,182,521,272,264,130,383,253,145
,,คนงานหญิง,897,575,44,339,98,64,81,212,157,69
,สุรินทร์,จำนวนโรงงาน (โรงงาน),27,19,29,17,27,22,20,17,17,21
,,เงินทุน (ล้านบาท),692,562,"2,199",290,437,397,721,302,381,"1,295"
,,คนงานรวม (คน),483,270,303,170,324,222,180,242,233,209
,,คนงานชาย,389,200,242,131,244,155,153,172,167,165
,,คนงานหญิง,94,70,61,39,80,67,27,70,66,44
,ศรีสะเกษ,จำนวนโรงงาน (โรงงาน),28,44,36,36,37,27,26,17,12,13
,,เงินทุน (ล้านบาท),811,716,620,"1,249",759,510,217,268,192,"1,568"
,,คนงานรวม (คน),231,461,361,362,268,367,198,144,114,252
,,คนงานชาย,204,274,274,293,227,248,120,115,85,209
,,คนงานหญิง,27,187,87,69,41,119,78,29,29,43
,อุบลราชธานี,จำนวนโรงงาน (โรงงาน),66,109,89,80,55,65,45,46,52,39
,,เงินทุน (ล้านบาท),"1,472","5,144","2,595","9,529","1,142","21,231",621,953,"6,635",642
,,คนงานรวม (คน),"1,421",932,"1,050","1,801",446,"1,079",331,543,"2,486",516
,,คนงานชาย,869,819,771,"1,101",381,765,286,411,"1,329",363
,,คนงานหญิง,552,113,279,700,65,314,45,132,"1,157",153
,ยโสธร,จำนวนโรงงาน (โรงงาน),22,19,14,17,25,20,22,11,17,15
,,เงินทุน (ล้านบาท),244,268,"1,015",419,301,94,322,68,220,146
,,คนงานรวม (คน),134,150,435,152,203,92,166,72,166,122
,,คนงานชาย,115,125,252,126,192,88,165,72,137,103
,,คนงานหญิง,19,25,183,26,11,4,1,0,29,19
,ชัยภูมิ,จำนวนโรงงาน (โรงงาน),35,54,82,33,21,29,33,30,11,12
,,เงินทุน (ล้านบาท),372,"5,413","6,454","6,553",998,279,374,243,153,335
,,คนงานรวม (คน),723,625,886,423,291,167,166,"1,237",264,57
,,คนงานชาย,267,427,681,330,183,135,133,211,151,51
,,คนงานหญิง,456,198,205,93,108,32,33,"1,026",113,6
,อำนาจเจริญ,จำนวนโรงงาน (โรงงาน),24,12,30,14,14,13,12,6,9,7
,,เงินทุน (ล้านบาท),290,378,227,134,103,755,"5,674","1,727",117,221
,,คนงานรวม (คน),208,212,198,103,112,222,291,97,114,56
,,คนงานชาย,163,179,165,90,99,149,266,82,101,46
,,คนงานหญิง,45,33,33,13,13,73,25,15,13,10
,บึงกาฬ,จำนวนโรงงาน (โรงงาน),20,16,9,20,22,9,37,11,18,17
,,เงินทุน (ล้านบาท),539,"1,805","1,521",769,311,244,527,200.5,254,398.96
,,คนงานรวม (คน),386,179,256,358,421,170,373,162,491,254
,,คนงานชาย,258,149,166,306,360,146,329,144,388,215
,,คนงานหญิง,128,30,90,52,61,24,44,18,103,39
,หนองบัวลำภู,จำนวนโรงงาน (โรงงาน),17,6,8,5,9,8,13,7,3,8
,,เงินทุน (ล้านบาท),"5,658",44,91,95,88,165,488,588,44,172
,,คนงานรวม (คน),895,99,91,50,108,123,292,103,27,45
,,คนงานชาย,854,75,78,40,100,95,202,80,24,43
,,คนงานหญิง,41,24,13,10,8,28,90,23,3,2
,ขอนแก่น,จำนวนโรงงาน (โรงงาน),78,73,77,58,39,60,51,48,50,50
,,เงินทุน (ล้านบาท),"8,308","3,524","19,441","2,751",837,"2,332","1,442","2,828","3,471","2,009"
,,คนงานรวม (คน),"1,926",912,"2,336","1,076",582,866,"1,770",953,"1,433","1,728"
,,คนงานชาย,"1,159",700,"1,355",774,436,592,859,640,843,697
,,คนงานหญิง,767,212,981,302,146,274,911,313,590,"1,031"
,อุดรธานี,จำนวนโรงงาน (โรงงาน),51,51,63,58,55,36,35,29,31,21
,,เงินทุน (ล้านบาท),"3,592","3,357",935,"1,785","3,110","1,194","7,415","1,035",664,369
,,คนงานรวม (คน),858,983,636,"2,224",788,515,595,376,389,267
,,คนงานชาย,581,762,583,"1,543",633,349,453,306,296,215
,,คนงานหญิง,277,221,53,681,155,166,142,70,93,52
,เลย,จำนวนโรงงาน (โรงงาน),29,27,48,27,25,23,17,11,4,16
,,เงินทุน (ล้านบาท),274,351,"14,654",825,554,716,296,96,172,215
,,คนงานรวม (คน),172,250,"1,568",535,175,156,279,108,86,181
,,คนงานชาย,143,190,"1,245",387,144,116,200,79,74,152
,,คนงานหญิง,29,60,323,148,31,40,79,29,12,29
,หนองคาย,จำนวนโรงงาน (โรงงาน),33,19,13,20,15,19,12,8,12,14
,,เงินทุน (ล้านบาท),601,"1,216",494,257,134,358,164,"1,837",191,162
,,คนงานรวม (คน),286,214,150,191,115,249,129,176,110,155
,,คนงานชาย,203,187,128,162,90,176,101,127,83,138
,,คนงานหญิง,83,27,22,29,25,73,28,49,27,17
,มหาสารคาม,จำนวนโรงงาน (โรงงาน),28,28,34,24,20,18,20,12,16,10
,,เงินทุน (ล้านบาท),293,549,"2,430",394,298,802,435,228,353,396
,,คนงานรวม (คน),242,256,463,222,260,381,286,379,154,155
,,คนงานชาย,141,172,320,156,123,224,157,220,126,94
,,คนงานหญิง,101,84,143,66,137,157,129,159,28,61
,ร้อยเอ็ด,จำนวนโรงงาน (โรงงาน),55,56,40,49,47,26,37,27,25,41
,,เงินทุน (ล้านบาท),918,834,809,"1,100","2,700",468,870,931,627,437
,,คนงานรวม (คน),462,353,398,481,"2,285",252,465,347,380,363
,,คนงานชาย,301,286,300,359,"1,008",162,291,244,280,275
,,คนงานหญิง,161,67,98,122,"1,277",90,174,103,100,88
,กาฬสินธุ์,จำนวนโรงงาน (โรงงาน),59,64,57,41,39,30,45,34,23,26
,,เงินทุน (ล้านบาท),"3,626","1,186",511,904,"4,801",822,443,272,451,622
,,คนงานรวม (คน),442,661,419,311,442,504,435,287,351,189
,,คนงานชาย,351,537,335,256,302,377,308,226,226,160
,,คนงานหญิง,91,124,84,55,140,127,127,61,125,29
,สกลนคร,จำนวนโรงงาน (โรงงาน),16,43,40,29,40,20,23,18,18,14
,,เงินทุน (ล้านบาท),313,"1,484",471,"1,146",640,780,"4,486","1,472",339,"1,231"
,,คนงานรวม (คน),93,330,399,594,325,208,835,241,139,304
,,คนงานชาย,81,255,184,434,268,154,642,170,99,192
,,คนงานหญิง,12,75,215,160,57,54,193,71,40,112
,นครพนม,จำนวนโรงงาน (โรงงาน),27,19,35,42,37,26,23,20,12,23
,,เงินทุน (ล้านบาท),148,"1,442",222,662,279,767,805,255,263,473
,,คนงานรวม (คน),436,167,273,458,362,173,191,286,180,379
,,คนงานชาย,112,135,210,333,263,140,135,143,126,192
,,คนงานหญิง,324,32,63,125,99,33,56,143,54,187
,มุกดาหาร,จำนวนโรงงาน (โรงงาน),12,17,11,20,20,11,14,6,3,7
,,เงินทุน (ล้านบาท),342,228,78,296,542,586,93,34,86,213
,,คนงานรวม (คน),226,179,65,117,183,280,110,45,34,140
,,คนงานชาย,201,137,51,104,145,222,74,41,22,101
,,คนงานหญิง,25,42,14,13,38,58,36,4,12,39
ภาคใต้,ภาคใต้,จำนวนโรงงาน (โรงงาน),410,560,463,478,485,432,484,319,310,293
,,เงินทุน (ล้านบาท),"7,354","18,385","15,710","22,555","15,634","23,231","24,307","9,812","13,314","20,411"
,,คนงานรวม (คน),"5,315","7,836","8,488","8,381","8,716","9,752","14,811","5,060","6,285","8,098"
,,คนงานชาย,"3,689","5,779","4,777","5,780","5,834","6,655","9,186","3,478","4,327","4,546"
,,คนงานหญิง,"1,626","2,057","3,711","2,601","2,882","3,097","3,113","1,582","1,958","3,552"
,นครศรีธรรมราช,จำนวนโรงงาน (โรงงาน),60,102,71,77,57,72,70,38,42,29
,,เงินทุน (ล้านบาท),"1,045","1,973","1,504","2,128","1,685","2,064","1,657",562,"1,057","1,063"
,,คนงานรวม (คน),"1,114",976,681,748,742,898,"1,557",489,348,217
,,คนงานชาย,762,713,531,555,469,632,"1,101",380,301,167
,,คนงานหญิง,352,263,150,193,273,266,456,109,47,50
,กระบี่,จำนวนโรงงาน (โรงงาน),30,30,24,29,32,14,27,21,24,11
,,เงินทุน (ล้านบาท),140,720,"1,878","1,849",863,974,"1,324","1,418","1,394","1,067"
,,คนงานรวม (คน),145,595,342,364,188,436,623,314,305,335
,,คนงานชาย,131,408,266,311,166,307,475,245,217,231
,,คนงานหญิง,14,187,76,53,22,129,148,69,88,104
,พังงา,จำนวนโรงงาน (โรงงาน),45,67,32,41,13,9,10,6,4,2
,,เงินทุน (ล้านบาท),434,"1,010",247,609,260,106,241,160,64,59
,,คนงานรวม (คน),355,577,188,232,105,113,232,189,25,16
,,คนงานชาย,303,480,155,214,77,83,166,138,16,13
,,คนงานหญิง,52,97,33,18,28,30,66,51,9,3
,ภูเก็ต,จำนวนโรงงาน (โรงงาน),10,21,24,16,14,17,9,4,14,7
,,เงินทุน (ล้านบาท),153,654,"1,155",805,705,451,118,365,909,180
,,คนงานรวม (คน),132,292,506,343,381,451,121,143,304,101
,,คนงานชาย,108,213,420,252,232,353,96,78,217,64
,,คนงานหญิง,24,79,86,91,149,98,25,65,87,37
,สุราษฎร์ธานี,จำนวนโรงงาน (โรงงาน),63,97,93,71,87,77,106,73,51,64
,,เงินทุน (ล้านบาท),"1,645","3,661","2,874","3,746","3,810","6,923","5,401","2,814","4,104","2,814"
,,คนงานรวม (คน),970,"1,977","1,699","1,284","1,776","2,723","3,693",818,"1,820",953
,,คนงานชาย,717,"1,442","1,091",814,"1,242","1,996","2,662",648,"1,163",620
,,คนงานหญิง,253,535,608,470,534,727,"1,031",170,657,333
,ระนอง,จำนวนโรงงาน (โรงงาน),15,7,12,16,18,14,21,10,15,3
,,เงินทุน (ล้านบาท),75,85,90,296,251,170,485,452,231,20
,,คนงานรวม (คน),78,92,120,208,292,183,260,269,197,18
,,คนงานชาย,67,70,94,123,133,90,160,166,158,18
,,คนงานหญิง,11,22,26,85,159,93,100,103,39,0
,ชุมพร,จำนวนโรงงาน (โรงงาน),21,36,39,48,69,34,51,29,41,31
,,เงินทุน (ล้านบาท),271,"1,270",342,"2,199","1,940","1,505","1,341",396,"1,470","7,957"
,,คนงานรวม (คน),294,987,309,649,"1,170",801,"1,498",601,739,"2,283"
,,คนงานชาย,179,695,208,457,741,512,"1,004",291,519,"1,109"
,,คนงานหญิง,115,292,101,192,429,289,494,310,220,"1,174"
,สงขลา,จำนวนโรงงาน (โรงงาน),76,97,70,73,79,79,75,79,44,53
,,เงินทุน (ล้านบาท),"1,774","6,726","3,914","3,936","3,561","5,788","6,644","1,866","2,332","5,602"
,,คนงานรวม (คน),"1,107","1,352","3,392","1,662","2,043","2,162","4,485","1,292","1,819","3,088"
,,คนงานชาย,686,"1,121","1,087","1,213","1,363","1,303","1,702",919,"1,214","1,546"
,,คนงานหญิง,421,231,"2,305",449,680,859,271,373,605,"1,542"
,สตูล,จำนวนโรงงาน (โรงงาน),6,12,16,20,15,17,20,4,10,15
,,เงินทุน (ล้านบาท),77,236,"1,057",362,645,618,71,15,236,230
,,คนงานรวม (คน),37,78,106,101,302,289,78,33,67,68
,,คนงานชาย,32,62,86,87,230,199,68,9,52,68
,,คนงานหญิง,5,16,20,14,72,90,10,24,15,0
,ตรัง,จำนวนโรงงาน (โรงงาน),25,28,18,34,52,56,53,24,27,12
,,เงินทุน (ล้านบาท),"1,320",261,320,"4,000",780,884,"4,178",225,370,130
,,คนงานรวม (คน),690,148,209,"2,047","1,212",952,"1,738",217,170,44
,,คนงานชาย,452,125,157,"1,209",874,687,"1,386",160,134,43
,,คนงานหญิง,238,23,52,838,338,265,352,57,36,1
,พัทลุง,จำนวนโรงงาน (โรงงาน),34,29,32,27,19,17,13,10,23,42
,,เงินทุน (ล้านบาท),218,827,992,"1,848",214,103,102,83,612,527
,,คนงานรวม (คน),214,447,319,376,186,180,81,107,296,401
,,คนงานชาย,102,237,195,281,124,121,57,79,190,299
,,คนงานหญิง,112,210,124,95,62,59,24,28,106,102
,ปัตตานี,จำนวนโรงงาน (โรงงาน),13,8,10,6,8,9,11,11,7,10
,,เงินทุน (ล้านบาท),188,268,"1,010",107,150,"2,838",176,"1,135",215,412
,,คนงานรวม (คน),123,86,110,155,179,216,73,373,73,184
,,คนงานชาย,94,48,91,117,70,142,56,239,59,134
,,คนงานหญิง,29,38,19,38,109,74,17,134,14,50
,ยะลา,จำนวนโรงงาน (โรงงาน),3,9,4,12,12,6,9,5,6,6
,,เงินทุน (ล้านบาท),5,572,89,198,612,578,"1,680",300,243,237
,,คนงานรวม (คน),15,126,167,122,83,99,204,170,83,241
,,คนงานชาย,15,70,146,83,57,72,137,91,58,140
,,คนงานหญิง,0,56,21,39,26,27,67,79,25,101
,นราธิวาส,จำนวนโรงงาน (โรงงาน),9,17,18,8,10,11,9,5,2,8
,,เงินทุน (ล้านบาท),9,122,238,472,157,228,889,23,77,112
,,คนงานรวม (คน),41,103,340,90,57,249,168,45,39,149
,,คนงานชาย,41,95,250,64,56,158,116,35,29,94
,,คนงานหญิง,0,8,90,26,1,91,52,10,10,55
,,,,,,,,,,,,
ที่มา: กรมโรงงานอุตสาหกรรม กระทรวงอุตสาหกรรม,,,,,,,,,,,,
