Station,Year,Month,PM2.5
80T,2020,Jan,13.0
80T,2020,Feb,12.0
80T,2020,Mar,13.0
80T,2020,Apr,9.0
80T,2020,May,9.0
80T,2020,Jun,11.0
80T,2020,Jul,9.0
80T,2020,Aug,12.0
80T,2020,Sep,7.0
80T,2020,Oct,6.0
80T,2020,Nov,9.0
80T,2020,Dec,10.0
78T,2020,Jan,12.0
78T,2020,Feb,11.0
78T,2020,Apr,8.0
78T,2020,May,7.0
78T,2020,Jul,5.0
78T,2020,Aug,10.0
78T,2020,Sep,6.0
78T,2020,Oct,5.0
78T,2020,Nov,4.0
78T,2020,Dec,5.0
42T,2020,Jan,21.0
42T,2020,Feb,19.0
42T,2020,Mar,19.0
42T,2020,Apr,14.0
42T,2020,May,13.0
42T,2020,Jun,13.0
42T,2020,Jul,14.0
42T,2020,Aug,13.0
42T,2020,Sep,10.0
42T,2020,Oct,9.0
42T,2020,Nov,14.0
42T,2020,Dec,17.0
71T,2020,Jan,46.0
71T,2020,Feb,42.0
71T,2020,Apr,18.0
71T,2020,May,11.0
71T,2020,Jul,7.0
71T,2020,Aug,8.0
71T,2020,Sep,7.0
71T,2020,Oct,12.0
71T,2020,Nov,19.0
71T,2020,Dec,19.0
77T,2020,Jan,50.0
77T,2020,Feb,56.0
77T,2020,Apr,25.0
77T,2020,May,19.0
77T,2020,Jul,13.0
77T,2020,Aug,14.0
77T,2020,Sep,14.0
77T,2020,Oct,16.0
77T,2020,Nov,22.0
77T,2020,Dec,26.0
74T,2020,Jan,37.0
74T,2020,Feb,42.0
74T,2020,Mar,19.0
74T,2020,Apr,18.0
74T,2020,May,14.0
74T,2020,Jun,11.0
74T,2020,Jul,11.0
74T,2020,Aug,11.0
74T,2020,Sep,9.0
74T,2020,Oct,16.0
74T,2020,Nov,22.0
74T,2020,Dec,23.0
31T,2020,Jan,34.0
31T,2020,Feb,37.0
31T,2020,Mar,16.0
31T,2020,Apr,15.0
31T,2020,May,11.0
31T,2020,Jun,7.0
31T,2020,Jul,8.0
31T,2020,Aug,9.0
31T,2020,Sep,7.0
31T,2020,Oct,15.0
31T,2020,Nov,20.0
31T,2020,Dec,22.0
30T,2020,Jan,30.0
30T,2020,Feb,36.0
30T,2020,Mar,18.0
30T,2020,Apr,19.0
30T,2020,May,20.0
30T,2020,Jun,10.0
30T,2020,Jul,7.0
30T,2020,Aug,9.0
30T,2020,Sep,7.0
30T,2020,Oct,16.0
30T,2020,Nov,20.0
30T,2020,Dec,22.0
29T,2020,Jan,32.0
29T,2020,Feb,36.0
29T,2020,Apr,15.0
29T,2020,May,10.0
29T,2020,Jul,9.0
29T,2020,Aug,8.0
29T,2020,Sep,8.0
29T,2020,Oct,15.0
29T,2020,Nov,21.0
29T,2020,Dec,21.0
28T,2020,Jan,39.0
28T,2020,Feb,43.0
28T,2020,Apr,21.0
28T,2020,May,15.0
28T,2020,Jul,13.0
28T,2020,Aug,13.0
28T,2020,Sep,12.0
28T,2020,Oct,17.0
28T,2020,Nov,22.0
28T,2020,Dec,24.0
33T,2020,Jan,43.0
33T,2020,Feb,44.0
33T,2020,Mar,21.0
33T,2020,Apr,20.0
33T,2020,May,18.0
33T,2020,Jun,15.0
33T,2020,Jul,15.0
33T,2020,Aug,15.0
33T,2020,Sep,16.0
33T,2020,Oct,17.0
33T,2020,Nov,20.0
33T,2020,Dec,23.0
34T,2020,Jan,35.0
34T,2020,Feb,39.0
34T,2020,Mar,18.0
34T,2020,Apr,17.0
34T,2020,May,12.0
34T,2020,Jun,8.0
34T,2020,Jul,9.0
34T,2020,Aug,10.0
34T,2020,Sep,9.0
34T,2020,Oct,14.0
34T,2020,Nov,22.0
34T,2020,Dec,25.0
32T,2020,Jan,36.0
32T,2020,Feb,32.0
32T,2020,Mar,15.0
32T,2020,Apr,14.0
32T,2020,May,9.0
32T,2020,Jun,7.0
32T,2020,Jul,9.0
32T,2020,Aug,10.0
32T,2020,Sep,10.0
32T,2020,Oct,14.0
32T,2020,Nov,20.0
32T,2020,Dec,24.0
60T,2020,Jan,37.0
60T,2020,Feb,40.0
60T,2020,Mar,22.0
60T,2020,Apr,19.0
60T,2020,May,13.0
60T,2020,Jun,8.0
60T,2020,Jul,11.0
60T,2020,Aug,11.0
60T,2020,Sep,10.0
60T,2020,Oct,14.0
60T,2020,Nov,19.0
60T,2020,Dec,22.0
82T,2020,Jan,
83T,2020,Jan,
72T,2020,Jan,40.0
72T,2020,Feb,46.0
72T,2020,Mar,48.0
72T,2020,Apr,33.0
72T,2020,May,20.0
72T,2020,Jun,10.0
72T,2020,Jul,10.0
72T,2020,Aug,9.0
72T,2020,Sep,9.0
72T,2020,Oct,10.0
72T,2020,Nov,17.0
72T,2020,Dec,23.0
47T,2020,Jan,48.0
47T,2020,Feb,50.0
47T,2020,Mar,43.0
47T,2020,Apr,30.0
47T,2020,May,21.0
47T,2020,Jun,13.0
47T,2020,Jul,14.0
47T,2020,Aug,15.0
47T,2020,Sep,15.0
47T,2020,Oct,18.0
47T,2020,Nov,26.0
47T,2020,Dec,31.0
46T,2020,Jan,43.0
46T,2020,Feb,45.0
46T,2020,Apr,38.0
46T,2020,May,26.0
46T,2020,Jul,16.0
46T,2020,Aug,16.0
46T,2020,Sep,17.0
46T,2020,Oct,19.0
46T,2020,Nov,28.0
46T,2020,Dec,37.0
59T,2020,Jan,36.0
59T,2020,Feb,36.0
59T,2020,Mar,20.0
59T,2020,Apr,20.0
59T,2020,May,14.0
59T,2020,Jun,10.0
59T,2020,Jul,11.0
59T,2020,Aug,9.0
59T,2020,Sep,8.0
59T,2020,Oct,14.0
59T,2020,Nov,22.0
59T,2020,Dec,28.0
61T,2020,Jan,41.0
61T,2020,Feb,41.0
61T,2020,Mar,23.0
61T,2020,Apr,23.0
61T,2020,May,17.0
61T,2020,Jun,13.0
61T,2020,Jul,13.0
61T,2020,Aug,14.0
61T,2020,Sep,14.0
61T,2020,Oct,16.0
61T,2020,Nov,17.0
61T,2020,Dec,27.0
54R,2020,Jan,52.0
54R,2020,Feb,50.0
54R,2020,Mar,32.0
54R,2020,Apr,30.0
54R,2020,May,26.0
54R,2020,Jun,21.0
54R,2020,Jul,21.0
54R,2020,Aug,20.0
54R,2020,Sep,22.0
54R,2020,Oct,28.0
54R,2020,Nov,37.0
54R,2020,Dec,47.0
53R,2020,Jan,40.0
53R,2020,Feb,40.0
53R,2020,Mar,20.0
53R,2020,Apr,20.0
53R,2020,May,14.0
53R,2020,Jun,10.0
53R,2020,Jul,11.0
53R,2020,Aug,11.0
53R,2020,Sep,11.0
53R,2020,Oct,21.0
53R,2020,Nov,32.0
53R,2020,Dec,37.0
52R,2020,Jan,41.0
52R,2020,Feb,38.0
52R,2020,Mar,19.0
52R,2020,Apr,18.0
52R,2020,May,13.0
52R,2020,Jun,13.0
52R,2020,Jul,14.0
52R,2020,Aug,16.0
52R,2020,Sep,15.0
52R,2020,Oct,21.0
52R,2020,Nov,29.0
52R,2020,Dec,37.0
50R,2020,Jan,42.0
50R,2020,Feb,44.0
50R,2020,Apr,23.0
50R,2020,May,17.0
50R,2020,Jul,16.0
50R,2020,Aug,18.0
50R,2020,Sep,17.0
50R,2020,Oct,22.0
50R,2020,Nov,28.0
50R,2020,Dec,36.0
12T,2020,Jan,36.0
12T,2020,Feb,38.0
12T,2020,Mar,19.0
12T,2020,Apr,17.0
12T,2020,May,14.0
12T,2020,Jun,12.0
12T,2020,Jul,13.0
12T,2020,Aug,13.0
12T,2020,Sep,13.0
12T,2020,Oct,19.0
12T,2020,Nov,27.0
12T,2020,Dec,33.0
11T,2020,Jan,39.0
11T,2020,Feb,39.0
11T,2020,Mar,21.0
11T,2020,Apr,19.0
11T,2020,May,15.0
11T,2020,Jun,10.0
11T,2020,Jul,11.0
11T,2020,Aug,12.0
11T,2020,Sep,12.0
11T,2020,Oct,17.0
11T,2020,Nov,25.0
11T,2020,Dec,30.0
10T,2020,Jan,32.0
10T,2020,Feb,37.0
10T,2020,Mar,20.0
10T,2020,Apr,18.0
10T,2020,May,16.0
10T,2020,Jun,13.0
10T,2020,Jul,12.0
10T,2020,Aug,12.0
10T,2020,Sep,11.0
10T,2020,Oct,15.0
10T,2020,Nov,23.0
10T,2020,Dec,30.0
05T,2020,Jan,40.0
05T,2020,Feb,38.0
05T,2020,Apr,18.0
05T,2020,Apr,18.0
05T,2020,May,12.0
05T,2020,Jun,9.0
05T,2020,Jul,10.0
05T,2020,Aug,10.0
05T,2020,Sep,11.0
05T,2020,Oct,16.0
05T,2020,Nov,23.0
05T,2020,Dec,28.0
03R,2020,Jan,47.0
03R,2020,Feb,44.0
03R,2020,Mar,29.0
03R,2020,Apr,26.0
03R,2020,May,24.0
03R,2020,Jun,20.0
03R,2020,Jul,20.0
03R,2020,Aug,21.0
03R,2020,Sep,21.0
03R,2020,Oct,25.0
03R,2020,Nov,37.0
03R,2020,Dec,46.0
81T,2020,Jan,42.0
81T,2020,Feb,41.0
81T,2020,Mar,22.0
81T,2020,Apr,19.0
81T,2020,May,14.0
81T,2020,Jun,7.0
81T,2020,Jul,8.0
81T,2020,Aug,8.0
81T,2020,Sep,8.0
81T,2020,Oct,14.0
81T,2020,Nov,28.0
81T,2020,Dec,34.0
02T,2020,Jan,41.0
02T,2020,Feb,40.0
02T,2020,Mar,22.0
02T,2020,Apr,21.0
02T,2020,May,16.0
02T,2020,Jun,12.0
02T,2020,Jul,13.0
02T,2020,Aug,14.0
02T,2020,Sep,14.0
02T,2020,Oct,21.0
02T,2020,Nov,31.0
02T,2020,Dec,40.0
19T,2020,Jan,32.0
19T,2020,Feb,36.0
19T,2020,Mar,21.0
19T,2020,Apr,20.0
19T,2020,May,15.0
19T,2020,Jun,12.0
19T,2020,Jul,13.0
19T,2020,Aug,14.0
19T,2020,Sep,14.0
19T,2020,Oct,20.0
19T,2020,Nov,24.0
19T,2020,Dec,28.0
27T,2020,Jan,40.0
27T,2020,Feb,37.0
27T,2020,Mar,16.0
27T,2020,Apr,16.0
27T,2020,May,12.0
27T,2020,Jun,9.0
27T,2020,Jul,11.0
27T,2020,Aug,11.0
27T,2020,Sep,11.0
27T,2020,Oct,24.0
27T,2020,Nov,44.0
27T,2020,Dec,48.0
14T,2020,Jan,48.0
14T,2020,Feb,48.0
14T,2020,Mar,25.0
14T,2020,Apr,22.0
14T,2020,May,19.0
14T,2020,Jun,16.0
14T,2020,Jul,16.0
14T,2020,Aug,18.0
14T,2020,Sep,15.0
14T,2020,Oct,20.0
14T,2020,Nov,33.0
14T,2020,Dec,42.0
18T,2020,Jan,51.0
18T,2020,Feb,64.0
18T,2020,Mar,32.0
18T,2020,Apr,32.0
18T,2020,May,25.0
18T,2020,Jun,22.0
18T,2020,Jul,22.0
18T,2020,Aug,21.0
18T,2020,Sep,22.0
18T,2020,Oct,28.0
18T,2020,Nov,39.0
18T,2020,Dec,45.0
16T,2020,Jan,36.0
16T,2020,Feb,36.0
16T,2020,Mar,16.0
16T,2020,Apr,16.0
16T,2020,May,12.0
16T,2020,Jun,8.0
16T,2020,Jul,9.0
16T,2020,Aug,12.0
16T,2020,Sep,10.0
16T,2020,Oct,17.0
16T,2020,Nov,25.0
16T,2020,Dec,30.0
17T,2020,Jan,35.0
17T,2020,Feb,36.0
17T,2020,Mar,18.0
17T,2020,Apr,16.0
17T,2020,May,12.0
17T,2020,Jun,8.0
17T,2020,Jul,9.0
17T,2020,Aug,10.0
17T,2020,Sep,9.0
17T,2020,Oct,15.0
17T,2020,Nov,22.0
17T,2020,Dec,27.0
20T,2020,Jan,41.0
20T,2020,Feb,42.0
20T,2020,Mar,23.0
20T,2020,Apr,23.0
20T,2020,May,17.0
20T,2020,Jun,12.0
20T,2020,Jul,11.0
20T,2020,Aug,13.0
20T,2020,Sep,12.0
20T,2020,Oct,15.0
20T,2020,Nov,24.0
20T,2020,Dec,30.0
08T,2020,Jan,49.0
08T,2020,Feb,44.0
08T,2020,Mar,23.0
08T,2020,Apr,22.0
08T,2020,May,16.0
08T,2020,Jun,12.0
08T,2020,Jul,13.0
08T,2020,Aug,14.0
08T,2020,Sep,14.0
08T,2020,Oct,20.0
08T,2020,Nov,27.0
08T,2020,Dec,34.0
22T,2020,Jan,42.0
22T,2020,Feb,44.0
22T,2020,Mar,21.0
22T,2020,Apr,17.0
22T,2020,May,11.0
22T,2020,Jun,8.0
22T,2020,Jul,8.0
22T,2020,Aug,9.0
22T,2020,Sep,8.0
22T,2020,Oct,13.0
22T,2020,Nov,23.0
22T,2020,Dec,28.0
76T,2020,Jan,53.0
76T,2020,Feb,60.0
76T,2020,Mar,63.0
76T,2020,Apr,48.0
76T,2020,May,18.0
76T,2020,Jun,8.0
76T,2020,Jul,6.0
76T,2020,Aug,7.0
76T,2020,Sep,6.0
76T,2020,Oct,9.0
76T,2020,Nov,18.0
76T,2020,Dec,32.0
13T,2020,Jan,42.0
13T,2020,Feb,41.0
13T,2020,Apr,21.0
13T,2020,May,15.0
13T,2020,Jul,11.0
13T,2020,Aug,12.0
13T,2020,Sep,11.0
13T,2020,Oct,17.0
13T,2020,Nov,26.0
13T,2020,Dec,35.0
68T,2020,Jan,46.0
68T,2020,Feb,39.0
68T,2020,Apr,41.0
68T,2020,May,17.0
68T,2020,Jul,17.0
68T,2020,Aug,19.0
68T,2020,Sep,19.0
68T,2020,Oct,20.0
68T,2020,Nov,29.0
68T,2020,Dec,24.0
40T,2020,Jan,96.0
40T,2020,Feb,47.0
40T,2020,Apr,46.0
40T,2020,May,22.0
40T,2020,Jul,11.0
40T,2020,Aug,10.0
40T,2020,Sep,13.0
40T,2020,Oct,14.0
40T,2020,Nov,20.0
40T,2020,Dec,27.0
39T,2020,Jan,74.0
39T,2020,Feb,51.0
39T,2020,Mar,57.0
39T,2020,Apr,46.0
39T,2020,May,19.0
39T,2020,Jun,6.0
39T,2020,Jul,6.0
39T,2020,Aug,6.0
39T,2020,Sep,7.0
39T,2020,Oct,6.0
39T,2020,Nov,10.0
39T,2020,Dec,15.0
38T,2020,Jan,66.0
38T,2020,Feb,51.0
38T,2020,Mar,57.0
38T,2020,Apr,46.0
38T,2020,May,21.0
38T,2020,Jun,8.0
38T,2020,Jul,8.0
38T,2020,Aug,6.0
38T,2020,Sep,7.0
38T,2020,Oct,7.0
38T,2020,Nov,13.0
38T,2020,Dec,22.0
37T,2020,Jan,76.0
37T,2020,Feb,57.0
37T,2020,Mar,65.0
37T,2020,Apr,53.0
37T,2020,May,20.0
37T,2020,Jun,7.0
37T,2020,Jul,8.0
37T,2020,Aug,6.0
37T,2020,Sep,8.0
37T,2020,Oct,10.0
37T,2020,Nov,18.0
37T,2020,Dec,29.0
69T,2020,Jan,78.0
69T,2020,Feb,64.0
69T,2020,Mar,62.0
69T,2020,Apr,45.0
69T,2020,May,23.0
69T,2020,Jun,9.0
69T,2020,Jul,10.0
69T,2020,Aug,9.0
69T,2020,Sep,11.0
69T,2020,Oct,11.0
69T,2020,Nov,22.0
69T,2020,Dec,27.0
58T,2020,Jan,29.0
58T,2020,Feb,86.0
58T,2020,Apr,73.0
58T,2020,May,18.0
58T,2020,Jul,4.0
58T,2020,Aug,5.0
58T,2020,Sep,5.0
58T,2020,Oct,7.0
58T,2020,Nov,11.0
58T,2020,Dec,18.0
70T,2020,Jan,55.0
70T,2020,Feb,61.0
70T,2020,Mar,94.0
70T,2020,Apr,56.0
70T,2020,May,21.0
70T,2020,Jun,8.0
70T,2020,Jul,8.0
70T,2020,Aug,7.0
70T,2020,Sep,10.0
70T,2020,Oct,11.0
70T,2020,Nov,20.0
70T,2020,Dec,35.0
75T,2020,Jan,35.0
75T,2020,Feb,44.0
75T,2020,Mar,86.0
75T,2020,Apr,76.0
75T,2020,May,19.0
75T,2020,Jun,7.0
75T,2020,Jul,7.0
75T,2020,Aug,6.0
75T,2020,Sep,8.0
75T,2020,Oct,8.0
75T,2020,Nov,13.0
75T,2020,Dec,17.0
67T,2020,Jan,49.0
67T,2020,Feb,57.0
67T,2020,Apr,54.0
67T,2020,May,24.0
67T,2020,Jul,10.0
67T,2020,Aug,9.0
67T,2020,Sep,10.0
67T,2020,Oct,13.0
67T,2020,Nov,21.0
67T,2020,Dec,29.0
36T,2020,Jan,43.0
36T,2020,Feb,54.0
36T,2020,Mar,81.0
36T,2020,Apr,60.0
36T,2020,May,19.0
36T,2020,Jun,7.0
36T,2020,Jul,7.0
36T,2020,Aug,9.0
36T,2020,Sep,10.0
36T,2020,Oct,9.0
36T,2020,Nov,17.0
36T,2020,Dec,24.0
73T,2020,Jan,38.0
73T,2020,Feb,63.0
73T,2020,Apr,87.0
73T,2020,May,24.0
73T,2020,Jul,10.0
73T,2020,Aug,9.0
73T,2020,Sep,11.0
73T,2020,Oct,11.0
73T,2020,Nov,17.0
73T,2020,Dec,27.0
41T,2020,Jan,50.0
41T,2020,Feb,45.0
41T,2020,Mar,39.0
41T,2020,Apr,30.0
41T,2020,May,18.0
41T,2020,Jun,13.0
41T,2020,Jul,15.0
41T,2020,Aug,12.0
41T,2020,Sep,13.0
41T,2020,Oct,14.0
41T,2020,Nov,26.0
41T,2020,Dec,30.0
84T,2020,Jan,
57T,2020,Jan,28.0
57T,2020,Feb,50.0
57T,2020,Mar,108.0
57T,2020,Apr,65.0
57T,2020,May,20.0
57T,2020,Jun,9.0
57T,2020,Jul,8.0
57T,2020,Aug,8.0
57T,2020,Sep,10.0
57T,2020,Oct,11.0
57T,2020,Nov,16.0
57T,2020,Dec,27.0
21T,2020,Jan,49.0
21T,2020,Feb,49.0
21T,2020,Mar,30.0
21T,2020,Apr,24.0
21T,2020,May,16.0
21T,2020,Jun,9.0
21T,2020,Jul,10.0
21T,2020,Aug,12.0
21T,2020,Sep,11.0
21T,2020,Oct,14.0
21T,2020,Nov,24.0
21T,2020,Dec,28.0
25T,2020,Jan,53.0
25T,2020,Feb,55.0
25T,2020,Mar,32.0
25T,2020,Apr,26.0
25T,2020,May,19.0
25T,2020,Jun,11.0
25T,2020,Jul,13.0
25T,2020,Aug,16.0
25T,2020,Sep,15.0
25T,2020,Oct,17.0
25T,2020,Nov,23.0
25T,2020,Dec,31.0
26T,2020,Jan,58.0
26T,2020,Feb,51.0
26T,2020,Apr,25.0
26T,2020,May,16.0
26T,2020,Jul,10.0
26T,2020,Aug,10.0
26T,2020,Sep,8.0
26T,2020,Oct,14.0
26T,2020,Nov,28.0
26T,2020,Dec,18.0
79T,2020,Jan,66.0
79T,2020,Feb,59.0
79T,2020,Mar,41.0
79T,2020,Apr,35.0
79T,2020,May,15.0
79T,2020,Jun,8.0
79T,2020,Jul,8.0
79T,2020,Aug,9.0
79T,2020,Sep,8.0
79T,2020,Oct,14.0
79T,2020,Nov,27.0
79T,2020,Dec,31.0
24T,2020,Jan,63.0
24T,2020,Feb,63.0
24T,2020,Mar,38.0
24T,2020,Apr,33.0
24T,2020,May,24.0
24T,2020,Jun,17.0
24T,2020,Jul,17.0
24T,2020,Aug,18.0
24T,2020,Sep,19.0
24T,2020,Oct,22.0
24T,2020,Nov,33.0
24T,2020,Dec,33.0
62T,2020,Jan,17.0
62T,2020,Feb,16.0
62T,2020,Mar,16.0
62T,2020,Apr,12.0
62T,2020,May,21.0
62T,2020,Jun,11.0
62T,2020,Jul,11.0
62T,2020,Aug,16.0
62T,2020,Sep,14.0
62T,2020,Oct,12.0
62T,2020,Nov,17.0
62T,2020,Dec,12.0
63T,2020,Jan,19.0
63T,2020,Feb,17.0
63T,2020,Mar,14.0
63T,2020,Apr,11.0
63T,2020,May,15.0
63T,2020,Jun,16.0
63T,2020,Jul,15.0
63T,2020,Aug,19.0
63T,2020,Sep,16.0
63T,2020,Oct,15.0
63T,2020,Nov,18.0
63T,2020,Dec,14.0
44T,2020,Jan,16.0
44T,2020,Feb,17.0
44T,2020,Apr,12.0
44T,2020,May,18.0
44T,2020,Jul,19.0
44T,2020,Aug,21.0
44T,2020,Sep,22.0
44T,2020,Oct,22.0
44T,2020,Nov,25.0
44T,2020,Dec,26.0
43T,2020,Jan,16.0
43T,2020,Feb,15.0
43T,2020,Mar,14.0
43T,2020,Apr,10.0
43T,2020,May,11.0
43T,2020,Jun,14.0
43T,2020,Jul,14.0
43T,2020,Aug,16.0
43T,2020,Sep,13.0
43T,2020,Oct,14.0
43T,2020,Nov,18.0
43T,2020,Dec,20.0
61T,2021,Jan,34.0
61T,2021,Feb,34.0
61T,2021,Mar,23.0
61T,2021,Apr,19.0
61T,2021,May,16.0
61T,2021,Jun,15.0
61T,2021,Jul,14.0
61T,2021,Aug,14.0
61T,2021,Sep,15.0
61T,2021,Oct,16.0
61T,2021,Nov,20.0
61T,2021,Dec,29.0
59T,2021,Jan,38.0
59T,2021,Feb,37.0
59T,2021,Mar,23.0
59T,2021,Apr,16.0
59T,2021,May,11.0
59T,2021,Jun,10.0
59T,2021,Jul,8.0
59T,2021,Aug,8.0
59T,2021,Sep,9.0
59T,2021,Oct,13.0
59T,2021,Nov,18.0
59T,2021,Dec,29.0
54R,2021,Jan,53.0
54R,2021,Feb,57.0
54R,2021,Mar,40.0
54R,2021,Apr,32.0
54R,2021,May,24.0
54R,2021,Jun,23.0
54R,2021,Jul,21.0
54R,2021,Aug,20.0
54R,2021,Sep,24.0
54R,2021,Oct,27.0
54R,2021,Nov,31.0
54R,2021,Dec,41.0
53R,2021,Jan,47.0
53R,2021,Feb,46.0
53R,2021,Mar,26.0
53R,2021,Apr,23.0
53R,2021,May,17.0
53R,2021,Jun,13.0
53R,2021,Jul,10.0
53R,2021,Aug,10.0
53R,2021,Sep,14.0
53R,2021,Oct,20.0
53R,2021,Nov,26.0
53R,2021,Dec,41.0
50R,2021,Jan,44.0
50R,2021,Feb,45.0
50R,2021,Mar,29.0
50R,2021,Apr,23.0
50R,2021,May,18.0
50R,2021,Jun,16.0
50R,2021,Jul,14.0
50R,2021,Aug,14.0
50R,2021,Sep,16.0
50R,2021,Oct,19.0
50R,2021,Nov,24.0
50R,2021,Dec,36.0
52R,2021,Jan,45.0
52R,2021,Feb,44.0
52R,2021,Mar,28.0
52R,2021,Apr,23.0
52R,2021,May,17.0
52R,2021,Jun,16.0
52R,2021,Jul,14.0
52R,2021,Aug,14.0
52R,2021,Sep,16.0
52R,2021,Oct,20.0
52R,2021,Nov,25.0
52R,2021,Dec,38.0
12T,2021,Jan,39.0
12T,2021,Feb,37.0
12T,2021,Mar,24.0
12T,2021,Apr,18.0
12T,2021,May,12.0
12T,2021,Jun,14.0
12T,2021,Jul,10.0
12T,2021,Aug,10.0
12T,2021,Sep,12.0
12T,2021,Oct,14.0
12T,2021,Nov,21.0
12T,2021,Dec,31.0
11T,2021,Jan,41.0
11T,2021,Feb,42.0
11T,2021,Mar,27.0
11T,2021,Apr,20.0
11T,2021,May,12.0
11T,2021,Jun,12.0
11T,2021,Jul,10.0
11T,2021,Aug,10.0
11T,2021,Sep,11.0
11T,2021,Oct,14.0
11T,2021,Nov,20.0
11T,2021,Dec,31.0
10T,2021,Jan,35.0
10T,2021,Feb,44.0
10T,2021,Mar,31.0
10T,2021,Apr,18.0
10T,2021,May,14.0
10T,2021,Jun,12.0
10T,2021,Jul,9.0
10T,2021,Aug,9.0
10T,2021,Sep,11.0
10T,2021,Oct,13.0
10T,2021,Nov,19.0
10T,2021,Dec,28.0
03R,2021,Jan,57.0
03R,2021,Feb,54.0
03R,2021,Mar,36.0
03R,2021,Apr,27.0
03R,2021,May,23.0
03R,2021,Jun,21.0
03R,2021,Jul,18.0
03R,2021,Aug,18.0
03R,2021,Sep,20.0
03R,2021,Oct,23.0
03R,2021,Nov,31.0
03R,2021,Dec,40.0
05T,2021,Jan,40.0
05T,2021,Feb,39.0
05T,2021,Mar,22.0
05T,2021,Apr,17.0
05T,2021,May,12.0
05T,2021,Jun,11.0
05T,2021,Jul,9.0
05T,2021,Aug,8.0
05T,2021,Sep,11.0
05T,2021,Oct,13.0
05T,2021,Nov,20.0
05T,2021,Dec,37.0
02T,2021,Jan,48.0
02T,2021,Feb,46.0
02T,2021,Mar,27.0
02T,2021,Apr,21.0
02T,2021,May,15.0
02T,2021,Jun,13.0
02T,2021,Jul,12.0
02T,2021,Aug,13.0
02T,2021,Sep,15.0
02T,2021,Oct,19.0
02T,2021,Nov,25.0
02T,2021,Dec,38.0
81T,2021,Jan,45.0
81T,2021,Feb,44.0
81T,2021,Mar,26.0
81T,2021,Apr,17.0
81T,2021,May,11.0
81T,2021,Jun,11.0
81T,2021,Jul,9.0
81T,2021,Aug,10.0
81T,2021,Sep,12.0
81T,2021,Oct,15.0
81T,2021,Nov,25.0
81T,2021,Dec,38.0
27T,2021,Jan,57.0
27T,2021,Feb,48.0
27T,2021,Mar,24.0
27T,2021,Apr,20.0
27T,2021,May,16.0
27T,2021,Jun,14.0
27T,2021,Jul,12.0
27T,2021,Aug,12.0
27T,2021,Sep,15.0
27T,2021,Oct,21.0
27T,2021,Nov,33.0
27T,2021,Dec,48.0
14T,2021,Jan,49.0
14T,2021,Feb,48.0
14T,2021,Mar,31.0
14T,2021,Apr,24.0
14T,2021,May,19.0
14T,2021,Jun,19.0
14T,2021,Jul,15.0
14T,2021,Aug,16.0
14T,2021,Sep,16.0
14T,2021,Oct,18.0
14T,2021,Nov,25.0
14T,2021,Dec,36.0
19T,2021,Jan,48.0
19T,2021,Feb,47.0
19T,2021,Mar,27.0
19T,2021,Apr,23.0
19T,2021,May,18.0
19T,2021,Jun,15.0
19T,2021,Jul,13.0
19T,2021,Aug,12.0
19T,2021,Sep,15.0
19T,2021,Oct,21.0
19T,2021,Nov,24.0
19T,2021,Dec,36.0
18T,2021,Jan,55.0
18T,2021,Feb,54.0
18T,2021,Mar,34.0
18T,2021,Apr,34.0
18T,2021,May,28.0
18T,2021,Jun,25.0
18T,2021,Jul,22.0
18T,2021,Aug,21.0
18T,2021,Sep,23.0
18T,2021,Oct,27.0
18T,2021,Nov,33.0
18T,2021,Dec,49.0
17T,2021,Jan,36.0
17T,2021,Feb,36.0
17T,2021,Mar,21.0
17T,2021,Apr,16.0
17T,2021,May,11.0
17T,2021,Jun,11.0
17T,2021,Jul,9.0
17T,2021,Aug,9.0
17T,2021,Sep,11.0
17T,2021,Oct,13.0
17T,2021,Nov,18.0
17T,2021,Dec,30.0
08T,2021,Jan,45.0
08T,2021,Feb,45.0
08T,2021,Mar,28.0
08T,2021,Apr,22.0
08T,2021,May,17.0
08T,2021,Jun,15.0
08T,2021,Jul,13.0
08T,2021,Aug,13.0
08T,2021,Sep,16.0
08T,2021,Oct,18.0
08T,2021,Nov,24.0
08T,2021,Dec,34.0
16T,2021,Jan,40.0
16T,2021,Feb,38.0
16T,2021,Mar,21.0
16T,2021,Apr,17.0
16T,2021,May,12.0
16T,2021,Jun,12.0
16T,2021,Jul,9.0
16T,2021,Aug,10.0
16T,2021,Sep,12.0
16T,2021,Oct,15.0
16T,2021,Nov,20.0
16T,2021,Dec,32.0
20T,2021,Jan,46.0
20T,2021,Feb,47.0
20T,2021,Mar,30.0
20T,2021,Apr,21.0
20T,2021,May,15.0
20T,2021,Jun,12.0
20T,2021,Jul,11.0
20T,2021,Aug,12.0
20T,2021,Sep,14.0
20T,2021,Oct,16.0
20T,2021,Nov,20.0
20T,2021,Dec,32.0
22T,2021,Jan,33.0
22T,2021,Feb,35.0
22T,2021,Mar,22.0
22T,2021,Apr,15.0
22T,2021,May,10.0
22T,2021,Jun,8.0
22T,2021,Jul,7.0
22T,2021,Aug,7.0
22T,2021,Sep,9.0
22T,2021,Oct,12.0
22T,2021,Nov,17.0
22T,2021,Dec,28.0
13T,2021,Jan,41.0
13T,2021,Feb,41.0
13T,2021,Mar,25.0
13T,2021,Apr,18.0
13T,2021,May,11.0
13T,2021,Jun,10.0
13T,2021,Jul,7.0
13T,2021,Aug,8.0
13T,2021,Sep,10.0
13T,2021,Oct,14.0
13T,2021,Nov,19.0
13T,2021,Dec,33.0
92T,2021,Jan,
92T,2021,Feb,
92T,2021,Mar,
92T,2021,Apr,
92T,2021,May,
92T,2021,Jun,12.0
92T,2021,Jul,9.0
92T,2021,Aug,13.0
92T,2021,Sep,9.0
92T,2021,Oct,11.0
92T,2021,Nov,19.0
92T,2021,Dec,30.0
76T,2021,Jan,52.0
76T,2021,Feb,64.0
76T,2021,Mar,69.0
76T,2021,Apr,22.0
76T,2021,May,13.0
76T,2021,Jun,8.0
76T,2021,Jul,6.0
76T,2021,Aug,7.0
76T,2021,Sep,7.0
76T,2021,Oct,9.0
76T,2021,Nov,16.0
76T,2021,Dec,33.0
68T,2021,Jan,34.0
68T,2021,Feb,46.0
68T,2021,Mar,62.0
68T,2021,Apr,27.0
68T,2021,May,13.0
68T,2021,Jun,9.0
68T,2021,Jul,7.0
68T,2021,Aug,9.0
68T,2021,Sep,7.0
68T,2021,Oct,11.0
68T,2021,Nov,18.0
68T,2021,Dec,32.0
40T,2021,Jan,47.0
40T,2021,Feb,55.0
40T,2021,Mar,56.0
40T,2021,Apr,31.0
40T,2021,May,18.0
40T,2021,Jun,13.0
40T,2021,Jul,10.0
40T,2021,Aug,11.0
40T,2021,Sep,10.0
40T,2021,Oct,12.0
40T,2021,Nov,16.0
40T,2021,Dec,28.0
39T,2021,Jan,42.0
39T,2021,Feb,64.0
39T,2021,Mar,65.0
39T,2021,Apr,25.0
39T,2021,May,9.0
39T,2021,Jun,8.0
39T,2021,Jul,5.0
39T,2021,Aug,6.0
39T,2021,Sep,5.0
39T,2021,Oct,6.0
39T,2021,Nov,9.0
39T,2021,Dec,19.0
38T,2021,Jan,45.0
38T,2021,Feb,55.0
38T,2021,Mar,45.0
38T,2021,Apr,24.0
38T,2021,May,15.0
38T,2021,Jun,9.0
38T,2021,Jul,6.0
38T,2021,Aug,7.0
38T,2021,Sep,5.0
38T,2021,Oct,7.0
38T,2021,Nov,11.0
38T,2021,Dec,22.0
37T,2021,Jan,55.0
37T,2021,Feb,61.0
37T,2021,Mar,70.0
37T,2021,Apr,30.0
37T,2021,May,15.0
37T,2021,Jun,12.0
37T,2021,Jul,11.0
37T,2021,Aug,12.0
37T,2021,Sep,10.0
37T,2021,Oct,13.0
37T,2021,Nov,21.0
37T,2021,Dec,32.0
58T,2021,Jan,34.0
58T,2021,Feb,44.0
58T,2021,Mar,146.0
58T,2021,Apr,50.0
58T,2021,May,13.0
58T,2021,Jun,7.0
58T,2021,Jul,5.0
58T,2021,Aug,5.0
58T,2021,Sep,5.0
58T,2021,Oct,9.0
58T,2021,Nov,13.0
58T,2021,Dec,20.0
69T,2021,Jan,44.0
69T,2021,Feb,48.0
69T,2021,Mar,59.0
69T,2021,Apr,28.0
69T,2021,May,19.0
69T,2021,Jun,12.0
69T,2021,Jul,9.0
69T,2021,Aug,11.0
69T,2021,Sep,8.0
69T,2021,Oct,11.0
69T,2021,Nov,19.0
69T,2021,Dec,32.0
86T,2021,Jan,56.0
86T,2021,Feb,56.0
86T,2021,Mar,48.0
86T,2021,Apr,25.0
86T,2021,May,13.0
86T,2021,Jun,10.0
86T,2021,Jul,9.0
86T,2021,Aug,15.0
86T,2021,Sep,6.0
86T,2021,Oct,10.0
86T,2021,Nov,20.0
86T,2021,Dec,37.0
70T,2021,Jan,52.0
70T,2021,Feb,44.0
70T,2021,Mar,67.0
70T,2021,Apr,31.0
70T,2021,May,15.0
70T,2021,Jun,11.0
70T,2021,Jul,8.0
70T,2021,Aug,9.0
70T,2021,Sep,8.0
70T,2021,Oct,11.0
70T,2021,Nov,16.0
70T,2021,Dec,31.0
75T,2021,Jan,27.0
75T,2021,Feb,32.0
75T,2021,Mar,53.0
75T,2021,Apr,28.0
75T,2021,May,13.0
75T,2021,Jun,9.0
75T,2021,Jul,6.0
75T,2021,Aug,9.0
75T,2021,Sep,7.0
75T,2021,Oct,9.0
75T,2021,Nov,11.0
75T,2021,Dec,21.0
67T,2021,Jan,39.0
67T,2021,Feb,44.0
67T,2021,Mar,57.0
67T,2021,Apr,32.0
67T,2021,May,23.0
67T,2021,Jun,13.0
67T,2021,Jul,13.0
67T,2021,Aug,19.0
67T,2021,Sep,13.0
67T,2021,Oct,12.0
67T,2021,Nov,17.0
67T,2021,Dec,30.0
41T,2021,Jan,39.0
41T,2021,Feb,40.0
41T,2021,Mar,36.0
41T,2021,Apr,25.0
41T,2021,May,19.0
41T,2021,Jun,14.0
41T,2021,Jul,12.0
41T,2021,Aug,16.0
41T,2021,Sep,13.0
41T,2021,Oct,13.0
41T,2021,Nov,22.0
41T,2021,Dec,34.0
36T,2021,Jan,42.0
36T,2021,Feb,39.0
36T,2021,Mar,78.0
36T,2021,Apr,34.0
36T,2021,May,16.0
36T,2021,Jun,11.0
36T,2021,Jul,8.0
36T,2021,Aug,9.0
36T,2021,Sep,8.0
36T,2021,Oct,9.0
36T,2021,Nov,14.0
36T,2021,Dec,24.0
35T,2021,Jan,44.0
35T,2021,Feb,47.0
35T,2021,Mar,78.0
35T,2021,Apr,38.0
35T,2021,May,21.0
35T,2021,Jun,16.0
35T,2021,Jul,14.0
35T,2021,Aug,15.0
35T,2021,Sep,13.0
35T,2021,Oct,15.0
35T,2021,Nov,20.0
35T,2021,Dec,28.0
73T,2021,Jan,60.0
73T,2021,Feb,49.0
73T,2021,Apr,81.0
73T,2021,May,24.0
73T,2021,Jul,10.0
73T,2021,Aug,11.0
73T,2021,Sep,11.0
73T,2021,Oct,13.0
73T,2021,Nov,15.0
73T,2021,Dec,29.0
84T,2021,Jan,34.0
84T,2021,Feb,30.0
84T,2021,Mar,15.0
84T,2021,Apr,9.0
84T,2021,May,7.0
84T,2021,Jun,8.0
84T,2021,Jul,6.0
84T,2021,Aug,7.0
84T,2021,Sep,6.0
84T,2021,Oct,10.0
84T,2021,Nov,19.0
84T,2021,Dec,37.0
57T,2021,Jan,37.0
57T,2021,Feb,33.0
57T,2021,Mar,71.0
57T,2021,Apr,44.0
57T,2021,May,18.0
57T,2021,Jun,11.0
57T,2021,Jul,7.0
57T,2021,Aug,8.0
57T,2021,Sep,7.0
57T,2021,Oct,10.0
57T,2021,Nov,13.0
57T,2021,Dec,27.0
21T,2021,Jan,40.0
21T,2021,Feb,45.0
21T,2021,Mar,32.0
21T,2021,Apr,21.0
21T,2021,May,13.0
21T,2021,Jun,11.0
21T,2021,Jul,9.0
21T,2021,Aug,11.0
21T,2021,Sep,10.0
21T,2021,Oct,12.0
21T,2021,Nov,19.0
21T,2021,Dec,28.0
85T,2021,Jan,43.0
85T,2021,Feb,45.0
85T,2021,Mar,34.0
85T,2021,Apr,22.0
85T,2021,May,11.0
85T,2021,Jun,8.0
85T,2021,Jul,7.0
85T,2021,Aug,12.0
85T,2021,Sep,7.0
85T,2021,Oct,11.0
85T,2021,Nov,22.0
85T,2021,Dec,34.0
25T,2021,Jan,61.0
25T,2021,Feb,41.0
25T,2021,Mar,30.0
25T,2021,Apr,20.0
25T,2021,May,15.0
25T,2021,Jun,12.0
25T,2021,Jul,10.0
25T,2021,Aug,12.0
25T,2021,Sep,11.0
25T,2021,Oct,12.0
25T,2021,Nov,18.0
25T,2021,Dec,28.0
24T,2021,Jan,48.0
24T,2021,Feb,49.0
24T,2021,Mar,39.0
24T,2021,Apr,28.0
24T,2021,May,22.0
24T,2021,Jun,16.0
24T,2021,Jul,14.0
24T,2021,Aug,18.0
24T,2021,Sep,19.0
24T,2021,Oct,22.0
24T,2021,Nov,34.0
24T,2021,Dec,40.0
26T,2021,Jan,36.0
26T,2021,Feb,51.0
26T,2021,Mar,31.0
26T,2021,Apr,18.0
26T,2021,May,13.0
26T,2021,Jun,11.0
26T,2021,Jul,9.0
26T,2021,Aug,10.0
26T,2021,Sep,10.0
26T,2021,Oct,15.0
26T,2021,Nov,25.0
26T,2021,Dec,40.0
79T,2021,Jan,42.0
79T,2021,Feb,46.0
79T,2021,Mar,26.0
79T,2021,Apr,11.0
79T,2021,May,9.0
79T,2021,Jun,10.0
79T,2021,Jul,5.0
79T,2021,Aug,7.0
79T,2021,Sep,6.0
79T,2021,Oct,9.0
79T,2021,Nov,13.0
79T,2021,Dec,26.0
71T,2021,Jan,33.0
71T,2021,Feb,41.0
71T,2021,Mar,28.0
71T,2021,Apr,11.0
71T,2021,May,7.0
71T,2021,Jun,9.0
71T,2021,Jul,8.0
71T,2021,Aug,8.0
71T,2021,Sep,7.0
71T,2021,Oct,9.0
71T,2021,Nov,14.0
71T,2021,Dec,24.0
77T,2021,Jan,44.0
77T,2021,Feb,50.0
77T,2021,Mar,36.0
77T,2021,Apr,23.0
77T,2021,May,19.0
77T,2021,Jun,18.0
77T,2021,Jul,15.0
77T,2021,Aug,16.0
77T,2021,Sep,15.0
77T,2021,Oct,17.0
77T,2021,Nov,21.0
77T,2021,Dec,32.0
74T,2021,Jan,36.0
74T,2021,Feb,39.0
74T,2021,Mar,19.0
74T,2021,Apr,15.0
74T,2021,May,11.0
74T,2021,Jun,9.0
74T,2021,Jul,8.0
74T,2021,Aug,9.0
74T,2021,Sep,9.0
74T,2021,Oct,13.0
74T,2021,Nov,17.0
74T,2021,Dec,27.0
31T,2021,Jan,34.0
31T,2021,Feb,40.0
31T,2021,Mar,19.0
31T,2021,Apr,15.0
31T,2021,May,10.0
31T,2021,Jun,8.0
31T,2021,Jul,7.0
31T,2021,Aug,7.0
31T,2021,Sep,10.0
31T,2021,Oct,16.0
31T,2021,Nov,19.0
31T,2021,Dec,27.0
30T,2021,Jan,34.0
30T,2021,Feb,37.0
30T,2021,Mar,18.0
30T,2021,Apr,14.0
30T,2021,May,11.0
30T,2021,Jun,12.0
30T,2021,Jul,9.0
30T,2021,Aug,7.0
30T,2021,Sep,8.0
30T,2021,Oct,11.0
30T,2021,Nov,15.0
30T,2021,Dec,23.0
29T,2021,Jan,33.0
29T,2021,Feb,36.0
29T,2021,Mar,18.0
29T,2021,Apr,15.0
29T,2021,May,15.0
29T,2021,Jun,13.0
29T,2021,Jul,12.0
29T,2021,Aug,12.0
29T,2021,Sep,13.0
29T,2021,Oct,18.0
29T,2021,Nov,21.0
29T,2021,Dec,29.0
28T,2021,Jan,40.0
28T,2021,Feb,48.0
28T,2021,Mar,29.0
28T,2021,Apr,20.0
28T,2021,May,13.0
28T,2021,Jun,11.0
28T,2021,Jul,9.0
28T,2021,Aug,10.0
28T,2021,Sep,10.0
28T,2021,Oct,13.0
28T,2021,Nov,16.0
28T,2021,Dec,24.0
87T,2021,Jan,27.0
87T,2021,Feb,40.0
87T,2021,Mar,20.0
87T,2021,Apr,12.0
87T,2021,May,9.0
87T,2021,Jun,8.0
87T,2021,Jul,7.0
87T,2021,Aug,9.0
87T,2021,Sep,9.0
87T,2021,Oct,10.0
87T,2021,Nov,13.0
87T,2021,Dec,18.0
33T,2021,Jan,37.0
33T,2021,Feb,36.0
33T,2021,Mar,15.0
33T,2021,Apr,16.0
33T,2021,May,13.0
33T,2021,Jun,10.0
33T,2021,Jul,8.0
33T,2021,Aug,9.0
33T,2021,Sep,9.0
33T,2021,Oct,12.0
33T,2021,Nov,15.0
33T,2021,Dec,23.0
34T,2021,Jan,37.0
34T,2021,Feb,40.0
34T,2021,Mar,22.0
34T,2021,Apr,16.0
34T,2021,May,11.0
34T,2021,Jun,9.0
34T,2021,Jul,7.0
34T,2021,Aug,8.0
34T,2021,Sep,9.0
34T,2021,Oct,13.0
34T,2021,Nov,18.0
34T,2021,Dec,30.0
32T,2021,Jan,35.0
32T,2021,Feb,38.0
32T,2021,Mar,22.0
32T,2021,Apr,17.0
32T,2021,May,14.0
32T,2021,Jun,12.0
32T,2021,Jul,11.0
32T,2021,Aug,12.0
32T,2021,Sep,11.0
32T,2021,Oct,13.0
32T,2021,Nov,18.0
32T,2021,Dec,28.0
60T,2021,Jan,44.0
60T,2021,Feb,49.0
60T,2021,Mar,32.0
60T,2021,Apr,20.0
60T,2021,May,17.0
60T,2021,Jun,14.0
60T,2021,Jul,12.0
60T,2021,Aug,13.0
60T,2021,Sep,12.0
60T,2021,Oct,16.0
60T,2021,Nov,19.0
60T,2021,Dec,28.0
90T,2021,Jan,
90T,2021,Feb,
90T,2021,Mar,
90T,2021,Apr,
90T,2021,May,
90T,2021,Jun,10.0
90T,2021,Jul,8.0
90T,2021,Aug,11.0
90T,2021,Sep,6.0
90T,2021,Oct,11.0
90T,2021,Nov,19.0
90T,2021,Dec,28.0
91T,2021,Jan,
91T,2021,Feb,
91T,2021,Mar,
91T,2021,Apr,
91T,2021,May,
91T,2021,Jun,9.0
91T,2021,Jul,7.0
91T,2021,Aug,10.0
91T,2021,Sep,6.0
91T,2021,Oct,11.0
91T,2021,Nov,16.0
91T,2021,Dec,30.0
83T,2021,Jan,31.0
83T,2021,Feb,55.0
83T,2021,Mar,87.0
83T,2021,Apr,33.0
83T,2021,May,20.0
83T,2021,Jun,12.0
83T,2021,Jul,12.0
83T,2021,Aug,12.0
83T,2021,Sep,10.0
83T,2021,Oct,11.0
83T,2021,Nov,15.0
83T,2021,Dec,19.0
82T,2021,Jan,60.0
82T,2021,Feb,52.0
82T,2021,Mar,51.0
82T,2021,Apr,10.0
82T,2021,May,5.0
82T,2021,Jun,7.0
82T,2021,Jul,7.0
82T,2021,Aug,8.0
82T,2021,Sep,8.0
82T,2021,Oct,7.0
82T,2021,Nov,6.0
82T,2021,Dec,15.0
72T,2021,Jan,
72T,2021,Feb,
72T,2021,Mar,
72T,2021,Apr,
72T,2021,May,
72T,2021,Jun,9.0
72T,2021,Jul,6.0
72T,2021,Aug,9.0
72T,2021,Sep,5.0
72T,2021,Oct,9.0
72T,2021,Nov,14.0
72T,2021,Dec,31.0
88T,2021,Jan,30.0
88T,2021,Feb,31.0
88T,2021,Mar,49.0
88T,2021,Apr,31.0
88T,2021,May,20.0
88T,2021,Jun,12.0
88T,2021,Jul,10.0
88T,2021,Aug,12.0
88T,2021,Sep,8.0
88T,2021,Oct,12.0
88T,2021,Nov,20.0
88T,2021,Dec,28.0
46T,2021,Jan,49.0
46T,2021,Feb,46.0
46T,2021,Mar,51.0
46T,2021,Apr,31.0
46T,2021,May,25.0
46T,2021,Jun,19.0
46T,2021,Jul,16.0
46T,2021,Aug,18.0
46T,2021,Sep,16.0
46T,2021,Oct,20.0
46T,2021,Nov,26.0
46T,2021,Dec,37.0
47T,2021,Jan,44.0
47T,2021,Feb,44.0
47T,2021,Mar,46.0
47T,2021,Apr,24.0
47T,2021,May,17.0
47T,2021,Jun,15.0
47T,2021,Jul,13.0
47T,2021,Aug,15.0
47T,2021,Sep,13.0
47T,2021,Oct,16.0
47T,2021,Nov,21.0
47T,2021,Dec,31.0
93T,2021,Jan,
93T,2021,Feb,
93T,2021,Mar,
93T,2021,Apr,
93T,2021,May,
93T,2021,Jun,11.0
93T,2021,Jul,11.0
93T,2021,Aug,9.0
93T,2021,Sep,9.0
93T,2021,Oct,9.0
93T,2021,Nov,7.0
93T,2021,Dec,12.0
80T,2021,Jan,14.0
80T,2021,Feb,17.0
80T,2021,Mar,13.0
80T,2021,Apr,11.0
80T,2021,May,9.0
80T,2021,Jun,11.0
80T,2021,Jul,17.0
80T,2021,Aug,13.0
80T,2021,Sep,13.0
80T,2021,Oct,14.0
80T,2021,Nov,7.0
80T,2021,Dec,9.0
78T,2021,Jan,8.0
78T,2021,Feb,12.0
78T,2021,Mar,11.0
78T,2021,Apr,11.0
78T,2021,May,10.0
78T,2021,Jun,11.0
78T,2021,Jul,13.0
78T,2021,Aug,10.0
78T,2021,Sep,11.0
78T,2021,Oct,10.0
78T,2021,Nov,9.0
78T,2021,Dec,10.0
42T,2021,Jan,22.0
42T,2021,Feb,24.0
42T,2021,Mar,26.0
42T,2021,Apr,20.0
42T,2021,May,20.0
42T,2021,Jun,20.0
42T,2021,Jul,14.0
42T,2021,Aug,13.0
42T,2021,Sep,14.0
42T,2021,Oct,15.0
42T,2021,Nov,9.0
42T,2021,Dec,17.0
44T,2021,Jan,17.0
44T,2021,Feb,20.0
44T,2021,Mar,15.0
44T,2021,Apr,18.0
44T,2021,May,16.0
44T,2021,Jun,20.0
44T,2021,Jul,19.0
44T,2021,Aug,15.0
44T,2021,Sep,17.0
44T,2021,Oct,16.0
44T,2021,Nov,12.0
44T,2021,Dec,16.0
63T,2021,Jan,18.0
63T,2021,Feb,19.0
63T,2021,Mar,16.0
63T,2021,Apr,14.0
63T,2021,May,12.0
63T,2021,Jun,13.0
63T,2021,Jul,16.0
63T,2021,Aug,11.0
63T,2021,Sep,12.0
63T,2021,Oct,12.0
63T,2021,Nov,10.0
63T,2021,Dec,16.0
43T,2021,Jan,26.0
43T,2021,Feb,27.0
43T,2021,Mar,23.0
43T,2021,Apr,17.0
43T,2021,May,15.0
43T,2021,Jun,14.0
43T,2021,Jul,14.0
43T,2021,Aug,13.0
43T,2021,Sep,14.0
43T,2021,Oct,15.0
43T,2021,Nov,10.0
43T,2021,Dec,17.0
89T,2021,Jan,21.0
89T,2021,Feb,26.0
89T,2021,Mar,18.0
89T,2021,Apr,12.0
89T,2021,May,12.0
89T,2021,Jun,13.0
89T,2021,Jul,11.0
89T,2021,Aug,11.0
89T,2021,Sep,13.0
89T,2021,Oct,10.0
89T,2021,Nov,8.0
89T,2021,Dec,16.0
62T,2021,Jan,20.0
62T,2021,Feb,23.0
62T,2021,Mar,17.0
62T,2021,Apr,13.0
62T,2021,May,10.0
62T,2021,Jun,12.0
62T,2021,Jul,14.0
62T,2021,Aug,10.0
62T,2021,Sep,11.0
62T,2021,Oct,10.0
62T,2021,Nov,9.0
62T,2021,Dec,16.0
61T,2022,Jan,26.0
61T,2022,Feb,27.0
61T,2022,Mar,21.0
61T,2022,Apr,26.0
61T,2022,May,16.0
61T,2022,Jun,14.0
61T,2022,Jul,14.0
61T,2022,Aug,14.0
61T,2022,Sep,14.0
61T,2022,Oct,19.0
61T,2022,Nov,22.0
61T,2022,Dec,24.0
59T,2022,Jan,23.0
59T,2022,Feb,25.0
59T,2022,Mar,18.0
59T,2022,Apr,25.0
59T,2022,May,12.0
59T,2022,Jun,10.0
59T,2022,Jul,10.0
59T,2022,Aug,8.0
59T,2022,Sep,10.0
59T,2022,Oct,18.0
59T,2022,Nov,18.0
59T,2022,Dec,21.0
54R,2022,Jan,37.0
54R,2022,Feb,39.0
54R,2022,Mar,34.0
54R,2022,Apr,39.0
54R,2022,May,25.0
54R,2022,Jun,23.0
54R,2022,Jul,21.0
54R,2022,Aug,23.0
54R,2022,Sep,26.0
54R,2022,Oct,33.0
54R,2022,Nov,36.0
54R,2022,Dec,34.0
53R,2022,Jan,33.0
53R,2022,Feb,32.0
53R,2022,Mar,23.0
53R,2022,Apr,31.0
53R,2022,May,17.0
53R,2022,Jun,14.0
53R,2022,Jul,11.0
53R,2022,Aug,12.0
53R,2022,Sep,15.0
53R,2022,Oct,24.0
53R,2022,Nov,26.0
53R,2022,Dec,26.0
52R,2022,Jan,30.0
52R,2022,Feb,30.0
52R,2022,Mar,21.0
52R,2022,Apr,30.0
52R,2022,May,18.0
52R,2022,Jun,13.0
52R,2022,Jul,12.0
52R,2022,Aug,13.0
52R,2022,Sep,15.0
52R,2022,Oct,24.0
52R,2022,Nov,25.0
52R,2022,Dec,30.0
50R,2022,Jan,31.0
50R,2022,Feb,32.0
50R,2022,Mar,25.0
50R,2022,Apr,33.0
50R,2022,May,21.0
50R,2022,Jun,18.0
50R,2022,Jul,17.0
50R,2022,Aug,18.0
50R,2022,Sep,20.0
50R,2022,Oct,29.0
50R,2022,Nov,31.0
50R,2022,Dec,34.0
12T,2022,Jan,28.0
12T,2022,Feb,27.0
12T,2022,Mar,21.0
12T,2022,Apr,26.0
12T,2022,May,20.0
12T,2022,Jun,18.0
12T,2022,Jul,16.0
12T,2022,Aug,19.0
12T,2022,Sep,17.0
12T,2022,Oct,26.0
12T,2022,Nov,23.0
12T,2022,Dec,26.0
11T,2022,Jan,27.0
11T,2022,Feb,27.0
11T,2022,Mar,22.0
11T,2022,Apr,29.0
11T,2022,May,16.0
11T,2022,Jun,12.0
11T,2022,Jul,12.0
11T,2022,Aug,13.0
11T,2022,Sep,15.0
11T,2022,Oct,22.0
11T,2022,Nov,24.0
11T,2022,Dec,28.0
10T,2022,Jan,26.0
10T,2022,Feb,26.0
10T,2022,Mar,20.0
10T,2022,Apr,25.0
10T,2022,May,12.0
10T,2022,Jun,15.0
10T,2022,Jul,11.0
10T,2022,Aug,11.0
10T,2022,Sep,13.0
10T,2022,Oct,21.0
10T,2022,Nov,24.0
10T,2022,Dec,26.0
05T,2022,Jan,31.0
05T,2022,Feb,31.0
05T,2022,Mar,23.0
05T,2022,Apr,32.0
05T,2022,May,19.0
05T,2022,Jun,14.0
05T,2022,Jul,14.0
05T,2022,Aug,15.0
05T,2022,Sep,17.0
05T,2022,Oct,26.0
05T,2022,Nov,26.0
05T,2022,Dec,31.0
03R,2022,Jan,37.0
03R,2022,Feb,35.0
03R,2022,Mar,29.0
03R,2022,Apr,37.0
03R,2022,May,23.0
03R,2022,Jun,21.0
03R,2022,Jul,20.0
03R,2022,Aug,21.0
03R,2022,Sep,23.0
03R,2022,Oct,30.0
03R,2022,Nov,32.0
03R,2022,Dec,35.0
02T,2022,Jan,29.0
02T,2022,Feb,31.0
02T,2022,Mar,22.0
02T,2022,Apr,32.0
02T,2022,May,19.0
02T,2022,Jun,15.0
02T,2022,Jul,14.0
02T,2022,Aug,16.0
02T,2022,Sep,17.0
02T,2022,Oct,27.0
02T,2022,Nov,28.0
02T,2022,Dec,31.0
81T,2022,Jan,33.0
81T,2022,Feb,28.0
81T,2022,Mar,20.0
81T,2022,Apr,31.0
81T,2022,May,13.0
81T,2022,Jun,10.0
81T,2022,Jul,10.0
81T,2022,Aug,10.0
81T,2022,Sep,10.0
81T,2022,Oct,23.0
81T,2022,Nov,26.0
81T,2022,Dec,32.0
14T,2022,Jan,33.0
14T,2022,Feb,31.0
14T,2022,Mar,23.0
14T,2022,Apr,33.0
14T,2022,May,20.0
14T,2022,Jun,17.0
14T,2022,Jul,17.0
14T,2022,Aug,18.0
14T,2022,Sep,18.0
14T,2022,Oct,28.0
14T,2022,Nov,31.0
14T,2022,Dec,34.0
27T,2022,Jan,31.0
27T,2022,Feb,28.0
27T,2022,Mar,17.0
27T,2022,Apr,29.0
27T,2022,May,17.0
27T,2022,Jun,12.0
27T,2022,Jul,11.0
27T,2022,Aug,12.0
27T,2022,Sep,14.0
27T,2022,Oct,27.0
27T,2022,Nov,29.0
27T,2022,Dec,34.0
19T,2022,Jan,29.0
19T,2022,Feb,29.0
19T,2022,Mar,22.0
19T,2022,Apr,31.0
19T,2022,May,18.0
19T,2022,Jun,17.0
19T,2022,Jul,17.0
19T,2022,Aug,19.0
19T,2022,Sep,19.0
19T,2022,Oct,26.0
19T,2022,Nov,27.0
19T,2022,Dec,28.0
17T,2022,Jan,25.0
17T,2022,Feb,24.0
17T,2022,Mar,17.0
17T,2022,Apr,24.0
17T,2022,May,13.0
17T,2022,Jun,11.0
17T,2022,Jul,10.0
17T,2022,Aug,11.0
17T,2022,Sep,11.0
17T,2022,Oct,20.0
17T,2022,Nov,21.0
17T,2022,Dec,23.0
18T,2022,Jan,37.0
18T,2022,Feb,37.0
18T,2022,Mar,28.0
18T,2022,Apr,37.0
18T,2022,May,23.0
18T,2022,Jun,19.0
18T,2022,Jul,19.0
18T,2022,Aug,20.0
18T,2022,Sep,22.0
18T,2022,Oct,31.0
18T,2022,Nov,32.0
18T,2022,Dec,35.0
16T,2022,Jan,29.0
16T,2022,Feb,28.0
16T,2022,Mar,19.0
16T,2022,Apr,27.0
16T,2022,May,14.0
16T,2022,Jun,13.0
16T,2022,Jul,11.0
16T,2022,Aug,12.0
16T,2022,Sep,13.0
16T,2022,Oct,23.0
16T,2022,Nov,22.0
16T,2022,Dec,21.0
08T,2022,Jan,32.0
08T,2022,Feb,31.0
08T,2022,Mar,23.0
08T,2022,Apr,32.0
08T,2022,May,19.0
08T,2022,Jun,16.0
08T,2022,Jul,16.0
08T,2022,Aug,18.0
08T,2022,Sep,18.0
08T,2022,Oct,27.0
08T,2022,Nov,
08T,2022,Dec,31.0
22T,2022,Jan,26.0
22T,2022,Feb,27.0
22T,2022,Mar,21.0
22T,2022,Apr,28.0
22T,2022,May,14.0
22T,2022,Jun,10.0
22T,2022,Jul,9.0
22T,2022,Aug,10.0
22T,2022,Sep,11.0
22T,2022,Oct,22.0
22T,2022,Nov,24.0
22T,2022,Dec,27.0
20T,2022,Jan,34.0
20T,2022,Feb,31.0
20T,2022,Mar,27.0
20T,2022,Apr,33.0
20T,2022,May,14.0
20T,2022,Jun,12.0
20T,2022,Jul,10.0
20T,2022,Aug,12.0
20T,2022,Sep,12.0
20T,2022,Oct,20.0
20T,2022,Nov,23.0
20T,2022,Dec,27.0
13T,2022,Jan,27.0
13T,2022,Feb,29.0
13T,2022,Mar,21.0
13T,2022,Apr,28.0
13T,2022,May,13.0
13T,2022,Jun,10.0
13T,2022,Jul,10.0
13T,2022,Aug,11.0
13T,2022,Sep,13.0
13T,2022,Oct,24.0
13T,2022,Nov,24.0
13T,2022,Dec,27.0
94T,2022,Jan,
94T,2022,Feb,
94T,2022,Mar,
94T,2022,Apr,
94T,2022,May,
94T,2022,Jun,
94T,2022,Jul,8.0
94T,2022,Aug,8.0
94T,2022,Sep,7.0
94T,2022,Oct,14.0
94T,2022,Nov,18.0
94T,2022,Dec,26.0
98T,2022,Jan,
98T,2022,Feb,
98T,2022,Mar,
98T,2022,Apr,
98T,2022,May,
98T,2022,Jun,
98T,2022,Jul,13.0
98T,2022,Aug,11.0
98T,2022,Sep,11.0
98T,2022,Oct,20.0
98T,2022,Nov,24.0
98T,2022,Dec,30.0
95T,2022,Jan,
95T,2022,Feb,
95T,2022,Mar,
95T,2022,Apr,
95T,2022,May,
95T,2022,Jun,
95T,2022,Jul,9.0
95T,2022,Aug,9.0
95T,2022,Sep,8.0
95T,2022,Oct,17.0
95T,2022,Nov,23.0
95T,2022,Dec,32.0
97T,2022,Jan,
97T,2022,Feb,
97T,2022,Mar,
97T,2022,Apr,
97T,2022,May,
97T,2022,Jun,
97T,2022,Jul,10.0
97T,2022,Aug,10.0
97T,2022,Sep,10.0
97T,2022,Oct,17.0
97T,2022,Nov,18.0
97T,2022,Dec,25.0
96T,2022,Jan,
96T,2022,Feb,
96T,2022,Mar,
96T,2022,Apr,
96T,2022,May,
96T,2022,Jun,7.0
96T,2022,Jul,9.0
96T,2022,Aug,8.0
96T,2022,Sep,8.0
96T,2022,Oct,16.0
96T,2022,Nov,24.0
96T,2022,Dec,36.0
92T,2022,Jan,37.0
92T,2022,Feb,31.0
92T,2022,Mar,39.0
92T,2022,Apr,44.0
92T,2022,May,17.0
92T,2022,Jun,11.0
92T,2022,Jul,11.0
92T,2022,Aug,11.0
92T,2022,Sep,12.0
92T,2022,Oct,18.0
92T,2022,Nov,21.0
92T,2022,Dec,32.0
76T,2022,Jan,33.0
76T,2022,Feb,32.0
76T,2022,Mar,32.0
76T,2022,Apr,33.0
76T,2022,May,14.0
76T,2022,Jun,10.0
76T,2022,Jul,8.0
76T,2022,Aug,8.0
76T,2022,Sep,8.0
76T,2022,Oct,15.0
76T,2022,Nov,21.0
76T,2022,Dec,29.0
40T,2022,Jan,25.0
40T,2022,Feb,29.0
40T,2022,Mar,34.0
40T,2022,Apr,40.0
40T,2022,May,15.0
40T,2022,Jun,11.0
40T,2022,Jul,10.0
40T,2022,Aug,8.0
40T,2022,Sep,10.0
40T,2022,Oct,14.0
40T,2022,Nov,15.0
40T,2022,Dec,21.0
68T,2022,Jan,30.0
68T,2022,Feb,33.0
68T,2022,Mar,38.0
68T,2022,Apr,33.0
68T,2022,May,14.0
68T,2022,Jun,10.0
68T,2022,Jul,9.0
68T,2022,Aug,9.0
68T,2022,Sep,10.0
68T,2022,Oct,17.0
68T,2022,Nov,23.0
68T,2022,Dec,35.0
39T,2022,Jan,20.0
39T,2022,Feb,27.0
39T,2022,Mar,33.0
39T,2022,Apr,40.0
39T,2022,May,13.0
39T,2022,Jun,8.0
39T,2022,Jul,6.0
39T,2022,Aug,6.0
39T,2022,Sep,6.0
39T,2022,Oct,11.0
39T,2022,Nov,11.0
39T,2022,Dec,15.0
37T,2022,Jan,29.0
37T,2022,Feb,33.0
37T,2022,Mar,39.0
37T,2022,Apr,42.0
37T,2022,May,22.0
37T,2022,Jun,14.0
37T,2022,Jul,12.0
37T,2022,Aug,11.0
37T,2022,Sep,12.0
37T,2022,Oct,18.0
37T,2022,Nov,17.0
37T,2022,Dec,28.0
69T,2022,Jan,33.0
69T,2022,Feb,32.0
69T,2022,Mar,40.0
69T,2022,Apr,44.0
69T,2022,May,16.0
69T,2022,Jun,11.0
69T,2022,Jul,10.0
69T,2022,Aug,9.0
69T,2022,Sep,11.0
69T,2022,Oct,22.0
69T,2022,Nov,21.0
69T,2022,Dec,28.0
58T,2022,Jan,18.0
58T,2022,Feb,36.0
58T,2022,Mar,83.0
58T,2022,Apr,50.0
58T,2022,May,13.0
58T,2022,Jun,7.0
58T,2022,Jul,5.0
58T,2022,Aug,9.0
58T,2022,Sep,8.0
58T,2022,Oct,11.0
58T,2022,Nov,12.0
58T,2022,Dec,16.0
86T,2022,Jan,36.0
86T,2022,Feb,27.0
86T,2022,Mar,34.0
86T,2022,Apr,42.0
86T,2022,May,12.0
86T,2022,Jun,8.0
86T,2022,Jul,10.0
86T,2022,Aug,10.0
86T,2022,Sep,10.0
86T,2022,Oct,20.0
86T,2022,Nov,26.0
86T,2022,Dec,37.0
70T,2022,Jan,29.0
70T,2022,Feb,29.0
70T,2022,Mar,38.0
70T,2022,Apr,38.0
70T,2022,May,16.0
70T,2022,Jun,10.0
70T,2022,Jul,8.0
70T,2022,Aug,8.0
70T,2022,Sep,10.0
70T,2022,Oct,15.0
70T,2022,Nov,17.0
70T,2022,Dec,27.0
75T,2022,Jan,19.0
75T,2022,Feb,24.0
75T,2022,Mar,31.0
75T,2022,Apr,42.0
75T,2022,May,16.0
75T,2022,Jun,10.0
75T,2022,Jul,8.0
75T,2022,Aug,8.0
75T,2022,Sep,10.0
75T,2022,Oct,14.0
75T,2022,Nov,13.0
75T,2022,Dec,22.0
67T,2022,Jan,30.0
67T,2022,Feb,35.0
67T,2022,Mar,37.0
67T,2022,Apr,49.0
67T,2022,May,19.0
67T,2022,Jun,15.0
67T,2022,Jul,12.0
67T,2022,Aug,17.0
67T,2022,Sep,19.0
67T,2022,Oct,26.0
67T,2022,Nov,26.0
67T,2022,Dec,37.0
41T,2022,Jan,33.0
41T,2022,Feb,27.0
41T,2022,Mar,30.0
41T,2022,Apr,32.0
41T,2022,May,14.0
41T,2022,Jun,11.0
41T,2022,Jul,12.0
41T,2022,Aug,11.0
41T,2022,Sep,10.0
41T,2022,Oct,17.0
41T,2022,Nov,20.0
41T,2022,Dec,27.0
36T,2022,Jan,19.0
36T,2022,Feb,23.0
36T,2022,Mar,36.0
36T,2022,Apr,39.0
36T,2022,May,16.0
36T,2022,Jun,10.0
36T,2022,Jul,8.0
36T,2022,Aug,9.0
36T,2022,Sep,9.0
36T,2022,Oct,16.0
36T,2022,Nov,19.0
36T,2022,Dec,27.0
35T,2022,Jan,24.0
35T,2022,Feb,30.0
35T,2022,Mar,43.0
35T,2022,Apr,41.0
35T,2022,May,19.0
35T,2022,Jun,14.0
35T,2022,Jul,12.0
35T,2022,Aug,12.0
35T,2022,Sep,14.0
35T,2022,Oct,18.0
35T,2022,Nov,22.0
35T,2022,Dec,31.0
73T,2022,Jan,24.0
73T,2022,Feb,27.0
73T,2022,Mar,43.0
73T,2022,Apr,51.0
73T,2022,May,21.0
73T,2022,Jun,14.0
73T,2022,Jul,11.0
73T,2022,Aug,11.0
73T,2022,Sep,14.0
73T,2022,Oct,19.0
73T,2022,Nov,22.0
73T,2022,Dec,32.0
57T,2022,Jan,20.0
57T,2022,Feb,24.0
57T,2022,Mar,39.0
57T,2022,Apr,38.0
57T,2022,May,18.0
57T,2022,Jun,10.0
57T,2022,Jul,8.0
57T,2022,Aug,8.0
57T,2022,Sep,10.0
57T,2022,Oct,10.0
57T,2022,Nov,21.0
57T,2022,Dec,29.0
99T,2022,Jan,
99T,2022,Feb,
99T,2022,Mar,
99T,2022,Apr,
99T,2022,May,
99T,2022,Jun,
99T,2022,Jul,10.0
99T,2022,Aug,10.0
99T,2022,Sep,12.0
99T,2022,Oct,19.0
99T,2022,Nov,22.0
99T,2022,Dec,23.0
103T,2022,Jan,
103T,2022,Feb,
103T,2022,Mar,
103T,2022,Apr,
103T,2022,May,
103T,2022,Jun,
103T,2022,Jul,6.0
103T,2022,Aug,8.0
103T,2022,Sep,9.0
103T,2022,Oct,21.0
103T,2022,Nov,30.0
103T,2022,Dec,35.0
84T,2022,Jan,25.0
84T,2022,Feb,21.0
84T,2022,Mar,14.0
84T,2022,Apr,25.0
84T,2022,May,11.0
84T,2022,Jun,8.0
84T,2022,Jul,7.0
84T,2022,Aug,7.0
84T,2022,Sep,8.0
84T,2022,Oct,21.0
84T,2022,Nov,23.0
84T,2022,Dec,35.0
85T,2022,Jan,33.0
85T,2022,Feb,28.0
85T,2022,Mar,25.0
85T,2022,Apr,36.0
85T,2022,May,13.0
85T,2022,Jun,9.0
85T,2022,Jul,10.0
85T,2022,Aug,10.0
85T,2022,Sep,9.0
85T,2022,Oct,19.0
85T,2022,Nov,23.0
85T,2022,Dec,30.0
25T,2022,Jan,31.0
25T,2022,Feb,28.0
25T,2022,Mar,23.0
25T,2022,Apr,29.0
25T,2022,May,17.0
25T,2022,Jun,14.0
25T,2022,Jul,14.0
25T,2022,Aug,15.0
25T,2022,Sep,17.0
25T,2022,Oct,21.0
25T,2022,Nov,21.0
25T,2022,Dec,26.0
21T,2022,Jan,31.0
21T,2022,Feb,27.0
21T,2022,Mar,25.0
21T,2022,Apr,32.0
21T,2022,May,14.0
21T,2022,Jun,12.0
21T,2022,Jul,11.0
21T,2022,Aug,11.0
21T,2022,Sep,12.0
21T,2022,Oct,19.0
21T,2022,Nov,22.0
21T,2022,Dec,26.0
24T,2022,Jan,48.0
24T,2022,Feb,45.0
24T,2022,Mar,45.0
24T,2022,Apr,42.0
24T,2022,May,30.0
24T,2022,Jun,25.0
24T,2022,Jul,26.0
24T,2022,Aug,26.0
24T,2022,Sep,30.0
24T,2022,Oct,33.0
24T,2022,Nov,37.0
24T,2022,Dec,36.0
26T,2022,Jan,35.0
26T,2022,Feb,30.0
26T,2022,Mar,25.0
26T,2022,Apr,34.0
26T,2022,May,15.0
26T,2022,Jun,10.0
26T,2022,Jul,12.0
26T,2022,Aug,14.0
26T,2022,Sep,13.0
26T,2022,Oct,28.0
26T,2022,Nov,31.0
26T,2022,Dec,37.0
79T,2022,Jan,35.0
79T,2022,Feb,29.0
79T,2022,Mar,24.0
79T,2022,Apr,22.0
79T,2022,May,10.0
79T,2022,Jun,7.0
79T,2022,Jul,9.0
79T,2022,Aug,7.0
79T,2022,Sep,6.0
79T,2022,Oct,11.0
79T,2022,Nov,12.0
79T,2022,Dec,16.0
71T,2022,Jan,30.0
71T,2022,Feb,28.0
71T,2022,Mar,25.0
71T,2022,Apr,25.0
71T,2022,May,11.0
71T,2022,Jun,11.0
71T,2022,Jul,9.0
71T,2022,Aug,8.0
71T,2022,Sep,9.0
71T,2022,Oct,17.0
71T,2022,Nov,17.0
71T,2022,Dec,24.0
77T,2022,Jan,35.0
77T,2022,Feb,35.0
77T,2022,Mar,32.0
77T,2022,Apr,32.0
77T,2022,May,17.0
77T,2022,Jun,18.0
77T,2022,Jul,16.0
77T,2022,Aug,14.0
77T,2022,Sep,16.0
77T,2022,Oct,19.0
77T,2022,Nov,22.0
77T,2022,Dec,25.0
100T,2022,Jan,
100T,2022,Feb,
100T,2022,Mar,
100T,2022,Apr,
100T,2022,May,
100T,2022,Jun,
100T,2022,Jul,8.0
100T,2022,Aug,7.0
100T,2022,Sep,8.0
100T,2022,Oct,13.0
100T,2022,Nov,13.0
100T,2022,Dec,16.0
74T,2022,Jan,27.0
74T,2022,Feb,23.0
74T,2022,Mar,17.0
74T,2022,Apr,23.0
74T,2022,May,13.0
74T,2022,Jun,11.0
74T,2022,Jul,11.0
74T,2022,Aug,10.0
74T,2022,Sep,11.0
74T,2022,Oct,18.0
74T,2022,Nov,20.0
74T,2022,Dec,23.0
31T,2022,Jan,26.0
31T,2022,Feb,24.0
31T,2022,Mar,19.0
31T,2022,Apr,26.0
31T,2022,May,15.0
31T,2022,Jun,12.0
31T,2022,Jul,12.0
31T,2022,Aug,12.0
31T,2022,Sep,13.0
31T,2022,Oct,22.0
31T,2022,Nov,22.0
31T,2022,Dec,24.0
29T,2022,Jan,30.0
29T,2022,Feb,25.0
29T,2022,Mar,19.0
29T,2022,Apr,25.0
29T,2022,May,15.0
29T,2022,Jun,14.0
29T,2022,Jul,12.0
29T,2022,Aug,12.0
29T,2022,Sep,14.0
29T,2022,Oct,24.0
29T,2022,Nov,23.0
29T,2022,Dec,27.0
30T,2022,Jan,23.0
30T,2022,Feb,20.0
30T,2022,Mar,14.0
30T,2022,Apr,21.0
30T,2022,May,11.0
30T,2022,Jun,12.0
30T,2022,Jul,17.0
30T,2022,Aug,16.0
30T,2022,Sep,14.0
30T,2022,Oct,24.0
30T,2022,Nov,25.0
30T,2022,Dec,34.0
28T,2022,Jan,27.0
28T,2022,Feb,26.0
28T,2022,Mar,22.0
28T,2022,Apr,27.0
28T,2022,May,13.0
28T,2022,Jun,11.0
28T,2022,Jul,9.0
28T,2022,Aug,9.0
28T,2022,Sep,11.0
28T,2022,Oct,14.0
28T,2022,Nov,16.0
28T,2022,Dec,19.0
34T,2022,Jan,29.0
34T,2022,Feb,25.0
34T,2022,Mar,19.0
34T,2022,Apr,27.0
34T,2022,May,12.0
34T,2022,Jun,10.0
34T,2022,Jul,9.0
34T,2022,Aug,9.0
34T,2022,Sep,10.0
34T,2022,Oct,10.0
34T,2022,Nov,
34T,2022,Dec,
87T,2022,Jan,18.0
87T,2022,Feb,17.0
87T,2022,Mar,15.0
87T,2022,Apr,19.0
87T,2022,May,8.0
87T,2022,Jun,7.0
87T,2022,Jul,5.0
87T,2022,Aug,5.0
87T,2022,Sep,5.0
87T,2022,Oct,12.0
87T,2022,Nov,11.0
87T,2022,Dec,14.0
33T,2022,Jan,23.0
33T,2022,Feb,22.0
33T,2022,Mar,17.0
33T,2022,Apr,23.0
33T,2022,May,11.0
33T,2022,Jun,10.0
33T,2022,Jul,9.0
33T,2022,Aug,10.0
33T,2022,Sep,13.0
33T,2022,Oct,
33T,2022,Nov,16.0
33T,2022,Dec,20.0
60T,2022,Jan,34.0
60T,2022,Feb,29.0
60T,2022,Mar,26.0
60T,2022,Apr,27.0
60T,2022,May,13.0
60T,2022,Jun,12.0
60T,2022,Jul,10.0
60T,2022,Aug,10.0
60T,2022,Sep,12.0
60T,2022,Oct,18.0
60T,2022,Nov,19.0
60T,2022,Dec,23.0
32T,2022,Jan,26.0
32T,2022,Feb,25.0
32T,2022,Mar,20.0
32T,2022,Apr,27.0
32T,2022,May,14.0
32T,2022,Jun,12.0
32T,2022,Jul,11.0
32T,2022,Aug,11.0
32T,2022,Sep,12.0
32T,2022,Oct,18.0
32T,2022,Nov,22.0
32T,2022,Dec,14.0
101T,2022,Jan,
101T,2022,Feb,
101T,2022,Mar,
101T,2022,Apr,
101T,2022,May,
101T,2022,Jun,
101T,2022,Jul,7.0
101T,2022,Aug,6.0
101T,2022,Sep,7.0
101T,2022,Oct,19.0
101T,2022,Nov,14.0
101T,2022,Dec,20.0
102T,2022,Jan,
102T,2022,Feb,
102T,2022,Mar,
102T,2022,Apr,
102T,2022,May,
102T,2022,Jun,
102T,2022,Jul,9.0
102T,2022,Aug,9.0
102T,2022,Sep,11.0
102T,2022,Oct,19.0
102T,2022,Nov,16.0
102T,2022,Dec,17.0
91T,2022,Jan,29.0
91T,2022,Feb,24.0
91T,2022,Mar,32.0
91T,2022,Apr,37.0
91T,2022,May,12.0
91T,2022,Jun,9.0
91T,2022,Jul,7.0
91T,2022,Aug,7.0
91T,2022,Sep,10.0
91T,2022,Oct,18.0
91T,2022,Nov,18.0
91T,2022,Dec,22.0
90T,2022,Jan,21.0
90T,2022,Feb,18.0
90T,2022,Mar,29.0
90T,2022,Apr,33.0
90T,2022,May,12.0
90T,2022,Jun,10.0
90T,2022,Jul,8.0
90T,2022,Aug,7.0
90T,2022,Sep,10.0
90T,2022,Oct,20.0
90T,2022,Nov,16.0
90T,2022,Dec,20.0
82T,2022,Jan,37.0
82T,2022,Feb,46.0
82T,2022,Mar,55.0
82T,2022,Apr,56.0
82T,2022,May,17.0
82T,2022,Jun,12.0
82T,2022,Jul,10.0
82T,2022,Aug,9.0
82T,2022,Sep,11.0
82T,2022,Oct,24.0
82T,2022,Nov,25.0
82T,2022,Dec,30.0
83T,2022,Jan,26.0
83T,2022,Feb,24.0
83T,2022,Mar,39.0
83T,2022,Apr,43.0
83T,2022,May,13.0
83T,2022,Jun,11.0
83T,2022,Jul,8.0
83T,2022,Aug,7.0
83T,2022,Sep,8.0
83T,2022,Oct,19.0
83T,2022,Nov,16.0
83T,2022,Dec,20.0
88T,2022,Jan,25.0
88T,2022,Feb,22.0
88T,2022,Mar,40.0
88T,2022,Apr,35.0
88T,2022,May,16.0
88T,2022,Jun,16.0
88T,2022,Jul,11.0
88T,2022,Aug,8.0
88T,2022,Sep,12.0
88T,2022,Oct,24.0
88T,2022,Nov,19.0
88T,2022,Dec,28.0
72T,2022,Jan,29.0
72T,2022,Feb,28.0
72T,2022,Mar,35.0
72T,2022,Apr,36.0
72T,2022,May,13.0
72T,2022,Jun,8.0
72T,2022,Jul,7.0
72T,2022,Aug,6.0
72T,2022,Sep,8.0
72T,2022,Oct,22.0
72T,2022,Nov,19.0
72T,2022,Dec,29.0
47T,2022,Jan,34.0
47T,2022,Feb,34.0
47T,2022,Mar,35.0
47T,2022,Apr,32.0
47T,2022,May,18.0
47T,2022,Jun,17.0
47T,2022,Jul,17.0
47T,2022,Aug,15.0
47T,2022,Sep,16.0
47T,2022,Oct,24.0
47T,2022,Nov,23.0
47T,2022,Dec,28.0
46T,2022,Jan,42.0
46T,2022,Feb,38.0
46T,2022,Mar,40.0
46T,2022,Apr,41.0
46T,2022,May,20.0
46T,2022,Jun,17.0
46T,2022,Jul,15.0
46T,2022,Aug,14.0
46T,2022,Sep,18.0
46T,2022,Oct,
46T,2022,Nov,
46T,2022,Dec,42.0
93T,2022,Jan,13.0
93T,2022,Feb,10.0
93T,2022,Mar,12.0
93T,2022,Apr,14.0
93T,2022,May,10.0
93T,2022,Jun,9.0
93T,2022,Jul,13.0
93T,2022,Aug,11.0
93T,2022,Sep,11.0
93T,2022,Oct,9.0
93T,2022,Nov,10.0
93T,2022,Dec,10.0
80T,2022,Jan,13.0
80T,2022,Feb,14.0
80T,2022,Mar,15.0
80T,2022,Apr,16.0
80T,2022,May,14.0
80T,2022,Jun,9.0
80T,2022,Jul,9.0
80T,2022,Aug,10.0
80T,2022,Sep,10.0
80T,2022,Oct,9.0
80T,2022,Nov,12.0
80T,2022,Dec,15.0
78T,2022,Jan,12.0
78T,2022,Feb,12.0
78T,2022,Mar,11.0
78T,2022,Apr,12.0
78T,2022,May,11.0
78T,2022,Jun,8.0
78T,2022,Jul,10.0
78T,2022,Aug,10.0
78T,2022,Sep,9.0
78T,2022,Oct,9.0
78T,2022,Nov,9.0
78T,2022,Dec,9.0
44T,2022,Jan,18.0
44T,2022,Feb,14.0
44T,2022,Mar,16.0
44T,2022,Apr,18.0
44T,2022,May,16.0
44T,2022,Jun,16.0
44T,2022,Jul,19.0
44T,2022,Aug,17.0
44T,2022,Sep,16.0
44T,2022,Oct,13.0
44T,2022,Nov,14.0
44T,2022,Dec,16.0
63T,2022,Jan,21.0
63T,2022,Feb,17.0
63T,2022,Mar,17.0
63T,2022,Apr,17.0
63T,2022,May,15.0
63T,2022,Jun,12.0
63T,2022,Jul,16.0
63T,2022,Aug,15.0
63T,2022,Sep,13.0
63T,2022,Oct,12.0
63T,2022,Nov,12.0
63T,2022,Dec,
42T,2022,Jan,17.0
42T,2022,Feb,13.0
42T,2022,Mar,15.0
42T,2022,Apr,17.0
42T,2022,May,12.0
42T,2022,Jun,11.0
42T,2022,Jul,10.0
42T,2022,Aug,10.0
42T,2022,Sep,10.0
42T,2022,Oct,10.0
42T,2022,Nov,11.0
42T,2022,Dec,16.0
62T,2022,Jan,21.0
62T,2022,Feb,16.0
62T,2022,Mar,15.0
62T,2022,Apr,15.0
62T,2022,May,13.0
62T,2022,Jun,12.0
62T,2022,Jul,15.0
62T,2022,Aug,13.0
62T,2022,Sep,13.0
62T,2022,Oct,11.0
62T,2022,Nov,12.0
62T,2022,Dec,
89T,2022,Jan,20.0
89T,2022,Feb,15.0
89T,2022,Mar,16.0
89T,2022,Apr,18.0
89T,2022,May,13.0
89T,2022,Jun,14.0
89T,2022,Jul,13.0
89T,2022,Aug,14.0
89T,2022,Sep,13.0
89T,2022,Oct,13.0
89T,2022,Nov,13.0
89T,2022,Dec,14.0
43T,2022,Jan,16.0
43T,2022,Feb,13.0
43T,2022,Mar,14.0
43T,2022,Apr,15.0
43T,2022,May,12.0
43T,2022,Jun,9.0
43T,2022,Jul,11.0
43T,2022,Aug,10.0
43T,2022,Sep,10.0
43T,2022,Oct,10.0
43T,2022,Nov,14.0
43T,2022,Dec,16.0
73T,2023,Jan,33.0
73T,2023,Feb,60.0
73T,2023,Mar,170.0
73T,2023,Apr,171.0
73T,2023,May,31.0
73T,2023,Jun,16.0
73T,2023,Jul,13.0
73T,2023,Aug,14.0
73T,2023,Sep,13.0
73T,2023,Oct,15.0
73T,2023,Nov,25.0
73T,2023,Dec,29.0
81T,2023,Jan,35.0
81T,2023,Feb,39.0
81T,2023,Mar,39.0
81T,2023,Apr,36.0
81T,2023,May,19.0
81T,2023,Jun,13.0
81T,2023,Jul,11.0
81T,2023,Aug,13.0
81T,2023,Sep,12.0
81T,2023,Oct,18.0
81T,2023,Nov,27.0
81T,2023,Dec,35.0
57T,2023,Jan,34.0
57T,2023,Feb,56.0
57T,2023,Mar,109.0
57T,2023,Apr,119.0
57T,2023,May,27.0
57T,2023,Jun,11.0
57T,2023,Jul,8.0
57T,2023,Aug,8.0
57T,2023,Sep,7.0
57T,2023,Oct,8.0
57T,2023,Nov,17.0
57T,2023,Dec,24.0
27T,2023,Jan,36.0
27T,2023,Feb,36.0
27T,2023,Mar,38.0
27T,2023,Apr,32.0
27T,2023,May,19.0
27T,2023,Jun,13.0
27T,2023,Jul,14.0
27T,2023,Aug,17.0
27T,2023,Sep,15.0
27T,2023,Oct,23.0
27T,2023,Nov,41.0
27T,2023,Dec,50.0
14T,2023,Jan,39.0
14T,2023,Feb,40.0
14T,2023,Mar,42.0
14T,2023,Apr,39.0
14T,2023,May,25.0
14T,2023,Jun,18.0
14T,2023,Jul,17.0
14T,2023,Aug,20.0
14T,2023,Sep,17.0
14T,2023,Oct,25.0
14T,2023,Nov,32.0
14T,2023,Dec,37.0
19T,2023,Jan,29.0
19T,2023,Feb,36.0
19T,2023,Mar,32.0
19T,2023,Apr,31.0
19T,2023,May,22.0
19T,2023,Jun,15.0
19T,2023,Jul,16.0
19T,2023,Aug,17.0
19T,2023,Sep,15.0
19T,2023,Oct,20.0
19T,2023,Nov,23.0
19T,2023,Dec,28.0
18T,2023,Jan,39.0
18T,2023,Feb,49.0
18T,2023,Mar,41.0
18T,2023,Apr,43.0
18T,2023,May,28.0
18T,2023,Jun,20.0
18T,2023,Jul,20.0
18T,2023,Aug,21.0
18T,2023,Sep,19.0
18T,2023,Oct,27.0
18T,2023,Nov,38.0
18T,2023,Dec,44.0
16T,2023,Jan,
16T,2023,Feb,32.0
16T,2023,Mar,28.0
16T,2023,Apr,38.0
16T,2023,May,20.0
16T,2023,Jun,12.0
16T,2023,Jul,12.0
16T,2023,Aug,14.0
16T,2023,Sep,12.0
16T,2023,Oct,18.0
16T,2023,Nov,22.0
16T,2023,Dec,27.0
08T,2023,Jan,33.0
08T,2023,Feb,39.0
08T,2023,Mar,38.0
08T,2023,Apr,38.0
08T,2023,May,23.0
08T,2023,Jun,16.0
08T,2023,Jul,18.0
08T,2023,Aug,20.0
08T,2023,Sep,16.0
08T,2023,Oct,24.0
08T,2023,Nov,29.0
08T,2023,Dec,36.0
22T,2023,Jan,33.0
22T,2023,Feb,51.0
22T,2023,Mar,48.0
22T,2023,Apr,35.0
22T,2023,May,21.0
22T,2023,Jun,13.0
22T,2023,Jul,11.0
22T,2023,Aug,14.0
22T,2023,Sep,11.0
22T,2023,Oct,21.0
22T,2023,Nov,32.0
22T,2023,Dec,42.0
20T,2023,Jan,35.0
20T,2023,Feb,43.0
20T,2023,Mar,42.0
20T,2023,Apr,36.0
20T,2023,May,24.0
20T,2023,Jun,14.0
20T,2023,Jul,13.0
20T,2023,Aug,15.0
20T,2023,Sep,13.0
20T,2023,Oct,19.0
20T,2023,Nov,25.0
20T,2023,Dec,31.0
61T,2023,Jan,28.0
61T,2023,Feb,31.0
61T,2023,Mar,32.0
61T,2023,Apr,31.0
61T,2023,May,20.0
61T,2023,Jun,13.0
61T,2023,Jul,13.0
61T,2023,Aug,14.0
61T,2023,Sep,13.0
61T,2023,Oct,17.0
61T,2023,Nov,21.0
61T,2023,Dec,25.0
13T,2023,Jan,30.0
13T,2023,Feb,35.0
13T,2023,Mar,35.0
13T,2023,Apr,33.0
13T,2023,May,19.0
13T,2023,Jun,10.0
13T,2023,Jul,9.0
13T,2023,Aug,12.0
13T,2023,Sep,9.0
13T,2023,Oct,17.0
13T,2023,Nov,23.0
13T,2023,Dec,29.0
59T,2023,Jan,24.0
59T,2023,Feb,27.0
59T,2023,Mar,29.0
59T,2023,Apr,30.0
59T,2023,May,18.0
59T,2023,Jun,10.0
59T,2023,Jul,10.0
59T,2023,Aug,11.0
59T,2023,Sep,9.0
59T,2023,Oct,14.0
59T,2023,Nov,17.0
59T,2023,Dec,21.0
54R,2023,Jan,38.0
54R,2023,Feb,43.0
54R,2023,Mar,45.0
54R,2023,Apr,47.0
54R,2023,May,32.0
54R,2023,Jun,22.0
54R,2023,Jul,24.0
54R,2023,Aug,21.0
54R,2023,Sep,22.0
54R,2023,Oct,31.0
54R,2023,Nov,33.0
54R,2023,Dec,37.0
53R,2023,Jan,38.0
53R,2023,Feb,40.0
53R,2023,Mar,39.0
53R,2023,Apr,34.0
53R,2023,May,22.0
53R,2023,Jun,13.0
53R,2023,Jul,13.0
53R,2023,Aug,14.0
53R,2023,Sep,15.0
53R,2023,Oct,22.0
53R,2023,Nov,29.0
53R,2023,Dec,34.0
52R,2023,Jan,34.0
52R,2023,Feb,38.0
52R,2023,Mar,37.0
52R,2023,Apr,38.0
52R,2023,May,24.0
52R,2023,Jun,15.0
52R,2023,Jul,14.0
52R,2023,Aug,16.0
52R,2023,Sep,16.0
52R,2023,Oct,24.0
52R,2023,Nov,30.0
52R,2023,Dec,34.0
50R,2023,Jan,
50R,2023,Feb,36.0
50R,2023,Mar,40.0
50R,2023,Apr,39.0
50R,2023,May,26.0
50R,2023,Jun,17.0
50R,2023,Jul,17.0
50R,2023,Aug,19.0
50R,2023,Sep,18.0
50R,2023,Oct,24.0
50R,2023,Nov,27.0
50R,2023,Dec,32.0
11T,2023,Jan,31.0
11T,2023,Feb,35.0
11T,2023,Mar,37.0
11T,2023,Apr,39.0
11T,2023,May,23.0
11T,2023,Jun,14.0
11T,2023,Jul,13.0
11T,2023,Aug,17.0
11T,2023,Sep,14.0
11T,2023,Oct,19.0
11T,2023,Nov,24.0
11T,2023,Dec,28.0
12T,2023,Jan,30.0
12T,2023,Feb,40.0
12T,2023,Mar,40.0
12T,2023,Apr,40.0
12T,2023,May,22.0
12T,2023,Jun,13.0
12T,2023,Jul,12.0
12T,2023,Aug,14.0
12T,2023,Sep,12.0
12T,2023,Oct,17.0
12T,2023,Nov,22.0
12T,2023,Dec,28.0
10T,2023,Jan,30.0
10T,2023,Feb,33.0
10T,2023,Mar,33.0
10T,2023,Apr,32.0
10T,2023,May,22.0
10T,2023,Jun,13.0
10T,2023,Jul,12.0
10T,2023,Aug,13.0
10T,2023,Sep,11.0
10T,2023,Oct,11.0
10T,2023,Nov,21.0
10T,2023,Dec,27.0
02T,2023,Jan,36.0
02T,2023,Feb,40.0
02T,2023,Mar,40.0
02T,2023,Apr,40.0
02T,2023,May,25.0
02T,2023,Jun,15.0
02T,2023,Jul,14.0
02T,2023,Aug,16.0
02T,2023,Sep,17.0
02T,2023,Oct,26.0
02T,2023,Nov,32.0
02T,2023,Dec,38.0
03R,2023,Jan,38.0
03R,2023,Feb,67.0
03R,2023,Mar,62.0
03R,2023,Apr,56.0
03R,2023,May,32.0
03R,2023,Jun,23.0
03R,2023,Jul,20.0
03R,2023,Aug,22.0
03R,2023,Sep,20.0
03R,2023,Oct,28.0
03R,2023,Nov,34.0
03R,2023,Dec,38.0
05T,2023,Jan,34.0
05T,2023,Feb,39.0
05T,2023,Mar,38.0
05T,2023,Apr,38.0
05T,2023,May,23.0
05T,2023,Jun,15.0
05T,2023,Jul,15.0
05T,2023,Aug,16.0
05T,2023,Sep,16.0
05T,2023,Oct,21.0
05T,2023,Nov,26.0
05T,2023,Dec,31.0
35T,2023,Jan,33.0
35T,2023,Feb,51.0
35T,2023,Mar,88.0
35T,2023,Apr,105.0
35T,2023,May,31.0
35T,2023,Jun,16.0
35T,2023,Jul,12.0
35T,2023,Aug,15.0
35T,2023,Sep,11.0
35T,2023,Oct,12.0
35T,2023,Nov,19.0
35T,2023,Dec,24.0
36T,2023,Jan,34.0
36T,2023,Feb,52.0
36T,2023,Mar,80.0
36T,2023,Apr,106.0
36T,2023,May,26.0
36T,2023,Jun,11.0
36T,2023,Jul,8.0
36T,2023,Aug,17.0
36T,2023,Sep,10.0
36T,2023,Oct,12.0
36T,2023,Nov,18.0
36T,2023,Dec,22.0
98T,2023,Jan,40.0
98T,2023,Feb,49.0
98T,2023,Mar,58.0
98T,2023,Apr,62.0
98T,2023,May,27.0
98T,2023,Jun,14.0
98T,2023,Jul,13.0
98T,2023,Aug,16.0
98T,2023,Sep,13.0
98T,2023,Oct,16.0
98T,2023,Nov,27.0
98T,2023,Dec,37.0
94T,2023,Jan,35.0
94T,2023,Feb,55.0
94T,2023,Mar,70.0
94T,2023,Apr,64.0
94T,2023,May,23.0
94T,2023,Jun,9.0
94T,2023,Jul,7.0
94T,2023,Aug,11.0
94T,2023,Sep,7.0
94T,2023,Oct,9.0
94T,2023,Nov,18.0
94T,2023,Dec,26.0
95T,2023,Jan,36.0
95T,2023,Feb,44.0
95T,2023,Mar,58.0
95T,2023,Apr,56.0
95T,2023,May,23.0
95T,2023,Jun,10.0
95T,2023,Jul,10.0
95T,2023,Aug,15.0
95T,2023,Sep,8.0
95T,2023,Oct,9.0
95T,2023,Nov,24.0
95T,2023,Dec,34.0
97T,2023,Jan,31.0
97T,2023,Feb,47.0
97T,2023,Mar,62.0
97T,2023,Apr,52.0
97T,2023,May,28.0
97T,2023,Jun,14.0
97T,2023,Jul,13.0
97T,2023,Aug,16.0
97T,2023,Sep,10.0
97T,2023,Oct,13.0
97T,2023,Nov,23.0
97T,2023,Dec,24.0
92T,2023,Jan,37.0
92T,2023,Feb,58.0
92T,2023,Mar,69.0
92T,2023,Apr,64.0
92T,2023,May,32.0
92T,2023,Jun,13.0
92T,2023,Jul,10.0
92T,2023,Aug,15.0
92T,2023,Sep,10.0
92T,2023,Oct,11.0
92T,2023,Nov,21.0
92T,2023,Dec,27.0
96T,2023,Jan,45.0
96T,2023,Feb,96.0
96T,2023,Mar,96.0
96T,2023,Apr,63.0
96T,2023,May,24.0
96T,2023,Jun,9.0
96T,2023,Jul,8.0
96T,2023,Aug,15.0
96T,2023,Sep,8.0
96T,2023,Oct,9.0
96T,2023,Nov,25.0
96T,2023,Dec,38.0
68T,2023,Jan,44.0
68T,2023,Feb,66.0
68T,2023,Mar,80.0
68T,2023,Apr,80.0
68T,2023,May,24.0
68T,2023,Jun,9.0
68T,2023,Jul,6.0
68T,2023,Aug,11.0
68T,2023,Sep,7.0
68T,2023,Oct,10.0
68T,2023,Nov,18.0
68T,2023,Dec,25.0
76T,2023,Jan,41.0
76T,2023,Feb,78.0
76T,2023,Mar,79.0
76T,2023,Apr,52.0
76T,2023,May,24.0
76T,2023,Jun,11.0
76T,2023,Jul,10.0
76T,2023,Aug,12.0
76T,2023,Sep,9.0
76T,2023,Oct,12.0
76T,2023,Nov,20.0
76T,2023,Dec,31.0
40T,2023,Jan,16.0
40T,2023,Feb,62.0
40T,2023,Mar,66.0
40T,2023,Apr,75.0
40T,2023,May,26.0
40T,2023,Jun,10.0
40T,2023,Jul,8.0
40T,2023,Aug,11.0
40T,2023,Sep,8.0
40T,2023,Oct,11.0
40T,2023,Nov,17.0
40T,2023,Dec,22.0
39T,2023,Jan,23.0
39T,2023,Feb,57.0
39T,2023,Mar,65.0
39T,2023,Apr,77.0
39T,2023,May,26.0
39T,2023,Jun,11.0
39T,2023,Jul,8.0
39T,2023,Aug,10.0
39T,2023,Sep,8.0
39T,2023,Oct,10.0
39T,2023,Nov,15.0
39T,2023,Dec,19.0
38T,2023,Jan,23.0
38T,2023,Feb,54.0
38T,2023,Mar,65.0
38T,2023,Apr,74.0
38T,2023,May,26.0
38T,2023,Jun,10.0
38T,2023,Jul,7.0
38T,2023,Aug,10.0
38T,2023,Sep,8.0
38T,2023,Oct,10.0
38T,2023,Nov,14.0
38T,2023,Dec,19.0
37T,2023,Jan,42.0
37T,2023,Feb,84.0
37T,2023,Mar,89.0
37T,2023,Apr,92.0
37T,2023,May,30.0
37T,2023,Jun,16.0
37T,2023,Jul,13.0
37T,2023,Aug,16.0
37T,2023,Sep,13.0
37T,2023,Oct,15.0
37T,2023,Nov,23.0
37T,2023,Dec,32.0
58T,2023,Jan,26.0
58T,2023,Feb,44.0
58T,2023,Mar,146.0
58T,2023,Apr,106.0
58T,2023,May,18.0
58T,2023,Jun,7.0
58T,2023,Jul,4.0
58T,2023,Aug,7.0
58T,2023,Sep,5.0
58T,2023,Oct,5.0
58T,2023,Nov,9.0
58T,2023,Dec,14.0
69T,2023,Jan,37.0
69T,2023,Feb,69.0
69T,2023,Mar,78.0
69T,2023,Apr,72.0
69T,2023,May,30.0
69T,2023,Jun,13.0
69T,2023,Jul,11.0
69T,2023,Aug,15.0
69T,2023,Sep,10.0
69T,2023,Oct,13.0
69T,2023,Nov,21.0
69T,2023,Dec,26.0
70T,2023,Jan,35.0
70T,2023,Feb,72.0
70T,2023,Mar,93.0
70T,2023,Apr,102.0
70T,2023,May,31.0
70T,2023,Jun,13.0
70T,2023,Jul,10.0
70T,2023,Aug,12.0
70T,2023,Sep,9.0
70T,2023,Oct,11.0
70T,2023,Nov,19.0
70T,2023,Dec,26.0
86T,2023,Jan,44.0
86T,2023,Feb,79.0
86T,2023,Mar,85.0
86T,2023,Apr,77.0
86T,2023,May,32.0
86T,2023,Jun,12.0
86T,2023,Jul,10.0
86T,2023,Aug,16.0
86T,2023,Sep,8.0
86T,2023,Oct,10.0
86T,2023,Nov,31.0
86T,2023,Dec,45.0
75T,2023,Jan,27.0
75T,2023,Feb,54.0
75T,2023,Mar,117.0
75T,2023,Apr,135.0
75T,2023,May,24.0
75T,2023,Jun,9.0
75T,2023,Jul,9.0
75T,2023,Aug,11.0
75T,2023,Sep,9.0
75T,2023,Oct,10.0
75T,2023,Nov,16.0
75T,2023,Dec,20.0
67T,2023,Jan,42.0
67T,2023,Feb,76.0
67T,2023,Mar,102.0
67T,2023,Apr,102.0
67T,2023,May,40.0
67T,2023,Jun,17.0
67T,2023,Jul,13.0
67T,2023,Aug,16.0
67T,2023,Sep,12.0
67T,2023,Oct,13.0
67T,2023,Nov,23.0
67T,2023,Dec,30.0
41T,2023,Jan,34.0
41T,2023,Feb,43.0
41T,2023,Mar,51.0
41T,2023,Apr,53.0
41T,2023,May,23.0
41T,2023,Jun,11.0
41T,2023,Jul,10.0
41T,2023,Aug,14.0
41T,2023,Sep,10.0
41T,2023,Oct,12.0
41T,2023,Nov,22.0
41T,2023,Dec,31.0
100T,2023,Jan,19.0
100T,2023,Feb,27.0
100T,2023,Mar,29.0
100T,2023,Apr,28.0
100T,2023,May,19.0
100T,2023,Jun,10.0
100T,2023,Jul,9.0
100T,2023,Aug,10.0
100T,2023,Sep,7.0
100T,2023,Oct,11.0
100T,2023,Nov,13.0
100T,2023,Dec,14.0
105T,2023,Jan,
105T,2023,Feb,
105T,2023,Mar,
105T,2023,Apr,
105T,2023,May,
105T,2023,Jun,
105T,2023,Jul,
105T,2023,Aug,
105T,2023,Sep,
105T,2023,Oct,
105T,2023,Nov,14.0
105T,2023,Dec,17.0
77T,2023,Jan,30.0
77T,2023,Feb,43.0
77T,2023,Mar,44.0
77T,2023,Apr,39.0
77T,2023,May,29.0
77T,2023,Jun,18.0
77T,2023,Jul,18.0
77T,2023,Aug,20.0
77T,2023,Sep,16.0
77T,2023,Oct,19.0
77T,2023,Nov,22.0
77T,2023,Dec,26.0
71T,2023,Jan,28.0
71T,2023,Feb,38.0
71T,2023,Mar,41.0
71T,2023,Apr,25.0
71T,2023,May,17.0
71T,2023,Jun,9.0
71T,2023,Jul,9.0
71T,2023,Aug,9.0
71T,2023,Sep,7.0
71T,2023,Oct,9.0
71T,2023,Nov,14.0
71T,2023,Dec,18.0
31T,2023,Jan,28.0
31T,2023,Feb,34.0
31T,2023,Mar,35.0
31T,2023,Apr,34.0
31T,2023,May,22.0
31T,2023,Jun,13.0
31T,2023,Jul,13.0
31T,2023,Aug,13.0
31T,2023,Sep,13.0
31T,2023,Oct,17.0
31T,2023,Nov,21.0
31T,2023,Dec,26.0
74T,2023,Jan,25.0
74T,2023,Feb,32.0
74T,2023,Mar,29.0
74T,2023,Apr,27.0
74T,2023,May,20.0
74T,2023,Jun,18.0
74T,2023,Jul,15.0
74T,2023,Aug,11.0
74T,2023,Sep,10.0
74T,2023,Oct,13.0
74T,2023,Nov,18.0
74T,2023,Dec,23.0
30T,2023,Jan,34.0
30T,2023,Feb,38.0
30T,2023,Mar,37.0
30T,2023,Apr,39.0
30T,2023,May,30.0
30T,2023,Jun,8.0
30T,2023,Jul,8.0
30T,2023,Aug,8.0
30T,2023,Sep,13.0
30T,2023,Oct,20.0
30T,2023,Nov,21.0
30T,2023,Dec,23.0
29T,2023,Jan,27.0
29T,2023,Feb,33.0
29T,2023,Mar,30.0
29T,2023,Apr,33.0
29T,2023,May,23.0
29T,2023,Jun,13.0
29T,2023,Jul,13.0
29T,2023,Aug,13.0
29T,2023,Sep,13.0
29T,2023,Oct,19.0
29T,2023,Nov,22.0
29T,2023,Dec,27.0
28T,2023,Jan,22.0
28T,2023,Feb,35.0
28T,2023,Mar,35.0
28T,2023,Apr,34.0
28T,2023,May,21.0
28T,2023,Jun,11.0
28T,2023,Jul,10.0
28T,2023,Aug,10.0
28T,2023,Sep,8.0
28T,2023,Oct,12.0
28T,2023,Nov,13.0
28T,2023,Dec,17.0
87T,2023,Jan,20.0
87T,2023,Feb,31.0
87T,2023,Mar,31.0
87T,2023,Apr,23.0
87T,2023,May,16.0
87T,2023,Jun,9.0
87T,2023,Jul,8.0
87T,2023,Aug,9.0
87T,2023,Sep,6.0
87T,2023,Oct,9.0
87T,2023,Nov,15.0
87T,2023,Dec,13.0
34T,2023,Jan,
34T,2023,Feb,35.0
34T,2023,Mar,35.0
34T,2023,Apr,32.0
34T,2023,May,21.0
34T,2023,Jun,10.0
34T,2023,Jul,8.0
34T,2023,Aug,9.0
34T,2023,Sep,8.0
34T,2023,Oct,13.0
34T,2023,Nov,18.0
34T,2023,Dec,23.0
33T,2023,Jan,26.0
33T,2023,Feb,32.0
33T,2023,Mar,32.0
33T,2023,Apr,31.0
33T,2023,May,21.0
33T,2023,Jun,10.0
33T,2023,Jul,10.0
33T,2023,Aug,11.0
33T,2023,Sep,9.0
33T,2023,Oct,14.0
33T,2023,Nov,15.0
33T,2023,Dec,20.0
32T,2023,Jan,33.0
32T,2023,Feb,36.0
32T,2023,Mar,34.0
32T,2023,Apr,33.0
32T,2023,May,21.0
32T,2023,Jun,12.0
32T,2023,Jul,12.0
32T,2023,Aug,13.0
32T,2023,Sep,10.0
32T,2023,Oct,15.0
32T,2023,Nov,15.0
32T,2023,Dec,21.0
104T,2023,Jan,
104T,2023,Feb,
104T,2023,Mar,
104T,2023,Apr,
104T,2023,May,
104T,2023,Jun,
104T,2023,Jul,
104T,2023,Aug,
104T,2023,Sep,
104T,2023,Oct,13.0
104T,2023,Nov,24.0
104T,2023,Dec,35.0
60T,2023,Jan,25.0
60T,2023,Feb,38.0
60T,2023,Mar,38.0
60T,2023,Apr,33.0
60T,2023,May,23.0
60T,2023,Jun,13.0
60T,2023,Jul,12.0
60T,2023,Aug,14.0
60T,2023,Sep,13.0
60T,2023,Oct,22.0
60T,2023,Nov,19.0
60T,2023,Dec,23.0
99T,2023,Jan,33.0
99T,2023,Feb,40.0
99T,2023,Mar,47.0
99T,2023,Apr,50.0
99T,2023,May,26.0
99T,2023,Jun,14.0
99T,2023,Jul,13.0
99T,2023,Aug,20.0
99T,2023,Sep,15.0
99T,2023,Oct,19.0
99T,2023,Nov,23.0
99T,2023,Dec,30.0
103T,2023,Jan,33.0
103T,2023,Feb,35.0
103T,2023,Mar,35.0
103T,2023,Apr,38.0
103T,2023,May,18.0
103T,2023,Jun,12.0
103T,2023,Jul,10.0
103T,2023,Aug,11.0
103T,2023,Sep,9.0
103T,2023,Oct,15.0
103T,2023,Nov,22.0
103T,2023,Dec,26.0
84T,2023,Jan,48.0
84T,2023,Feb,45.0
84T,2023,Mar,35.0
84T,2023,Apr,30.0
84T,2023,May,12.0
84T,2023,Jun,11.0
84T,2023,Jul,11.0
84T,2023,Aug,13.0
84T,2023,Sep,9.0
84T,2023,Oct,19.0
84T,2023,Nov,24.0
84T,2023,Dec,32.0
85T,2023,Jan,34.0
85T,2023,Feb,
85T,2023,Mar,45.0
85T,2023,Apr,54.0
85T,2023,May,27.0
85T,2023,Jun,8.0
85T,2023,Jul,7.0
85T,2023,Aug,11.0
85T,2023,Sep,9.0
85T,2023,Oct,12.0
85T,2023,Nov,25.0
85T,2023,Dec,32.0
21T,2023,Jan,32.0
21T,2023,Feb,38.0
21T,2023,Mar,40.0
21T,2023,Apr,43.0
21T,2023,May,23.0
21T,2023,Jun,12.0
21T,2023,Jul,11.0
21T,2023,Aug,15.0
21T,2023,Sep,14.0
21T,2023,Oct,17.0
21T,2023,Nov,22.0
21T,2023,Dec,31.0
24T,2023,Jan,43.0
24T,2023,Feb,54.0
24T,2023,Mar,53.0
24T,2023,Apr,46.0
24T,2023,May,33.0
24T,2023,Jun,20.0
24T,2023,Jul,21.0
24T,2023,Aug,25.0
24T,2023,Sep,24.0
24T,2023,Oct,27.0
24T,2023,Nov,26.0
24T,2023,Dec,28.0
25T,2023,Jan,30.0
25T,2023,Feb,31.0
25T,2023,Mar,37.0
25T,2023,Apr,35.0
25T,2023,May,23.0
25T,2023,Jun,13.0
25T,2023,Jul,12.0
25T,2023,Aug,17.0
25T,2023,Sep,13.0
25T,2023,Oct,18.0
25T,2023,Nov,21.0
25T,2023,Dec,26.0
26T,2023,Jan,47.0
26T,2023,Feb,52.0
26T,2023,Mar,50.0
26T,2023,Apr,44.0
26T,2023,May,22.0
26T,2023,Jun,16.0
26T,2023,Jul,16.0
26T,2023,Aug,17.0
26T,2023,Sep,11.0
26T,2023,Oct,17.0
26T,2023,Nov,28.0
26T,2023,Dec,38.0
79T,2023,Jan,20.0
79T,2023,Feb,31.0
79T,2023,Mar,42.0
79T,2023,Apr,36.0
79T,2023,May,18.0
79T,2023,Jun,18.0
79T,2023,Jul,17.0
79T,2023,Aug,18.0
79T,2023,Sep,17.0
79T,2023,Oct,19.0
79T,2023,Nov,24.0
79T,2023,Dec,37.0
112T,2023,Jan,
112T,2023,Feb,
112T,2023,Mar,
112T,2023,Apr,
112T,2023,May,
112T,2023,Jun,
112T,2023,Jul,
112T,2023,Aug,
112T,2023,Sep,
112T,2023,Oct,
112T,2023,Nov,11.0
112T,2023,Dec,13.0
111T,2023,Jan,
111T,2023,Feb,
111T,2023,Mar,
111T,2023,Apr,
111T,2023,May,
111T,2023,Jun,
111T,2023,Jul,
111T,2023,Aug,
111T,2023,Sep,
111T,2023,Oct,
111T,2023,Nov,18.0
111T,2023,Dec,18.0
110T,2023,Jan,
110T,2023,Feb,
110T,2023,Mar,
110T,2023,Apr,
110T,2023,May,
110T,2023,Jun,
110T,2023,Jul,
110T,2023,Aug,
110T,2023,Sep,
110T,2023,Oct,
110T,2023,Nov,16.0
110T,2023,Dec,17.0
109T,2023,Jan,
109T,2023,Feb,
109T,2023,Mar,
109T,2023,Apr,
109T,2023,May,
109T,2023,Jun,
109T,2023,Jul,
109T,2023,Aug,
109T,2023,Sep,
109T,2023,Oct,12.0
109T,2023,Nov,20.0
109T,2023,Dec,22.0
108T,2023,Jan,
108T,2023,Feb,
108T,2023,Mar,
108T,2023,Apr,
108T,2023,May,
108T,2023,Jun,
108T,2023,Jul,
108T,2023,Aug,
108T,2023,Sep,16.0
108T,2023,Oct,21.0
108T,2023,Nov,23.0
108T,2023,Dec,25.0
107T,2023,Jan,
107T,2023,Feb,
107T,2023,Mar,
107T,2023,Apr,
107T,2023,May,
107T,2023,Jun,
107T,2023,Jul,
107T,2023,Aug,
107T,2023,Sep,
107T,2023,Oct,
107T,2023,Nov,30.0
107T,2023,Dec,35.0
106T,2023,Jan,
106T,2023,Feb,
106T,2023,Mar,
106T,2023,Apr,
106T,2023,May,
106T,2023,Jun,
106T,2023,Jul,
106T,2023,Aug,
106T,2023,Sep,
106T,2023,Oct,8.0
106T,2023,Nov,13.0
106T,2023,Dec,16.0
102T,2023,Jan,26.0
102T,2023,Feb,37.0
102T,2023,Mar,46.0
102T,2023,Apr,43.0
102T,2023,May,30.0
102T,2023,Jun,17.0
102T,2023,Jul,15.0
102T,2023,Aug,19.0
102T,2023,Sep,13.0
102T,2023,Oct,18.0
102T,2023,Nov,20.0
102T,2023,Dec,19.0
101T,2023,Jan,25.0
101T,2023,Feb,36.0
101T,2023,Mar,46.0
101T,2023,Apr,31.0
101T,2023,May,20.0
101T,2023,Jun,10.0
101T,2023,Jul,8.0
101T,2023,Aug,11.0
101T,2023,Sep,7.0
101T,2023,Oct,11.0
101T,2023,Nov,15.0
101T,2023,Dec,17.0
91T,2023,Jan,25.0
91T,2023,Feb,36.0
91T,2023,Mar,49.0
91T,2023,Apr,48.0
91T,2023,May,27.0
91T,2023,Jun,14.0
91T,2023,Jul,11.0
91T,2023,Aug,16.0
91T,2023,Sep,12.0
91T,2023,Oct,16.0
91T,2023,Nov,20.0
91T,2023,Dec,21.0
90T,2023,Jan,22.0
90T,2023,Feb,34.0
90T,2023,Mar,39.0
90T,2023,Apr,37.0
90T,2023,May,22.0
90T,2023,Jun,10.0
90T,2023,Jul,7.0
90T,2023,Aug,11.0
90T,2023,Sep,7.0
90T,2023,Oct,12.0
90T,2023,Nov,15.0
90T,2023,Dec,15.0
72T,2023,Jan,31.0
72T,2023,Feb,52.0
72T,2023,Mar,81.0
72T,2023,Apr,75.0
72T,2023,May,26.0
72T,2023,Jun,12.0
72T,2023,Jul,9.0
72T,2023,Aug,15.0
72T,2023,Sep,6.0
72T,2023,Oct,8.0
72T,2023,Nov,20.0
72T,2023,Dec,25.0
82T,2023,Jan,30.0
82T,2023,Feb,46.0
82T,2023,Mar,70.0
82T,2023,Apr,77.0
82T,2023,May,33.0
82T,2023,Jun,15.0
82T,2023,Jul,11.0
82T,2023,Aug,16.0
82T,2023,Sep,11.0
82T,2023,Oct,19.0
82T,2023,Nov,27.0
82T,2023,Dec,45.0
83T,2023,Jan,25.0
83T,2023,Feb,53.0
83T,2023,Mar,55.0
83T,2023,Apr,51.0
83T,2023,May,33.0
83T,2023,Jun,13.0
83T,2023,Jul,11.0
83T,2023,Aug,14.0
83T,2023,Sep,10.0
83T,2023,Oct,15.0
83T,2023,Nov,17.0
83T,2023,Dec,20.0
88T,2023,Jan,40.0
88T,2023,Feb,56.0
88T,2023,Mar,87.0
88T,2023,Apr,49.0
88T,2023,May,29.0
88T,2023,Jun,14.0
88T,2023,Jul,10.0
88T,2023,Aug,16.0
88T,2023,Sep,10.0
88T,2023,Oct,16.0
88T,2023,Nov,19.0
88T,2023,Dec,24.0
46T,2023,Jan,41.0
46T,2023,Feb,48.0
46T,2023,Mar,50.0
46T,2023,Apr,41.0
46T,2023,May,24.0
46T,2023,Jun,12.0
46T,2023,Jul,9.0
46T,2023,Aug,13.0
46T,2023,Sep,8.0
46T,2023,Oct,13.0
46T,2023,Nov,20.0
46T,2023,Dec,25.0
47T,2023,Jan,32.0
47T,2023,Feb,41.0
47T,2023,Mar,48.0
47T,2023,Apr,39.0
47T,2023,May,28.0
47T,2023,Jun,18.0
47T,2023,Jul,17.0
47T,2023,Aug,19.0
47T,2023,Sep,14.0
47T,2023,Oct,18.0
47T,2023,Nov,25.0
47T,2023,Dec,28.0
93T,2023,Jan,14.0
93T,2023,Feb,17.0
93T,2023,Mar,16.0
93T,2023,Apr,22.0
93T,2023,May,11.0
93T,2023,Jun,11.0
93T,2023,Jul,12.0
93T,2023,Aug,9.0
93T,2023,Sep,11.0
93T,2023,Oct,9.0
93T,2023,Nov,8.0
93T,2023,Dec,11.0
80T,2023,Jan,18.0
80T,2023,Feb,20.0
80T,2023,Mar,15.0
80T,2023,Apr,20.0
80T,2023,May,10.0
80T,2023,Jun,16.0
80T,2023,Jul,14.0
80T,2023,Aug,10.0
80T,2023,Sep,15.0
80T,2023,Oct,13.0
80T,2023,Nov,12.0
80T,2023,Dec,16.0
78T,2023,Jan,10.0
78T,2023,Feb,12.0
78T,2023,Mar,14.0
78T,2023,Apr,16.0
78T,2023,May,16.0
78T,2023,Jun,12.0
78T,2023,Jul,10.0
78T,2023,Aug,10.0
78T,2023,Sep,14.0
78T,2023,Oct,14.0
78T,2023,Nov,11.0
78T,2023,Dec,9.0
44T,2023,Jan,16.0
44T,2023,Feb,16.0
44T,2023,Mar,20.0
44T,2023,Apr,26.0
44T,2023,May,15.0
44T,2023,Jun,18.0
44T,2023,Jul,15.0
44T,2023,Aug,15.0
44T,2023,Sep,18.0
44T,2023,Oct,15.0
44T,2023,Nov,12.0
44T,2023,Dec,14.0
42T,2023,Jan,21.0
42T,2023,Feb,20.0
42T,2023,Mar,23.0
42T,2023,Apr,26.0
42T,2023,May,14.0
42T,2023,Jun,11.0
42T,2023,Jul,11.0
42T,2023,Aug,10.0
42T,2023,Sep,11.0
42T,2023,Oct,11.0
42T,2023,Nov,11.0
42T,2023,Dec,13.0
63T,2023,Jan,
63T,2023,Feb,23.0
63T,2023,Mar,24.0
63T,2023,Apr,26.0
63T,2023,May,18.0
63T,2023,Jun,18.0
63T,2023,Jul,18.0
63T,2023,Aug,16.0
63T,2023,Sep,16.0
63T,2023,Oct,15.0
63T,2023,Nov,13.0
63T,2023,Dec,18.0
43T,2023,Jan,19.0
43T,2023,Feb,19.0
43T,2023,Mar,21.0
43T,2023,Apr,23.0
43T,2023,May,11.0
43T,2023,Jun,10.0
43T,2023,Jul,11.0
43T,2023,Aug,12.0
43T,2023,Sep,15.0
43T,2023,Oct,14.0
43T,2023,Nov,15.0
43T,2023,Dec,22.0
89T,2023,Jan,18.0
89T,2023,Feb,20.0
89T,2023,Mar,18.0
89T,2023,Apr,20.0
89T,2023,May,12.0
89T,2023,Jun,12.0
89T,2023,Jul,11.0
89T,2023,Aug,12.0
89T,2023,Sep,13.0
89T,2023,Oct,11.0
89T,2023,Nov,11.0
89T,2023,Dec,14.0
62T,2023,Jan,
62T,2023,Feb,20.0
62T,2023,Mar,21.0
62T,2023,Apr,22.0
62T,2023,May,13.0
62T,2023,Jun,14.0
62T,2023,Jul,16.0
62T,2023,Aug,13.0
62T,2023,Sep,14.0
62T,2023,Oct,13.0
62T,2023,Nov,11.0
62T,2023,Dec,14.0
112T,2024,Jan,20.0
112T,2024,Feb,42.0
112T,2024,Mar,41.0
112T,2024,Apr,36.0
112T,2024,May,23.0
112T,2024,Jun,8.0
112T,2024,Jul,7.0
112T,2024,Aug,8.0
112T,2024,Sep,7.0
112T,2024,Oct,14.0
112T,2024,Nov,15.0
112T,2024,Dec,18.0
111T,2024,Jan,27.0
111T,2024,Feb,45.0
111T,2024,Mar,37.0
111T,2024,Apr,31.0
111T,2024,May,17.0
111T,2024,Jun,8.0
111T,2024,Jul,7.0
111T,2024,Aug,7.0
111T,2024,Sep,8.0
111T,2024,Oct,15.0
111T,2024,Nov,16.0
111T,2024,Dec,18.0
110T,2024,Jan,17.0
110T,2024,Feb,41.0
110T,2024,Mar,41.0
110T,2024,Apr,50.0
110T,2024,May,25.0
110T,2024,Jun,11.0
110T,2024,Jul,7.0
110T,2024,Aug,15.0
110T,2024,Sep,13.0
110T,2024,Oct,20.0
110T,2024,Nov,21.0
110T,2024,Dec,23.0
109T,2024,Jan,24.0
109T,2024,Feb,49.0
109T,2024,Mar,48.0
109T,2024,Apr,50.0
109T,2024,May,22.0
109T,2024,Jun,15.0
109T,2024,Jul,9.0
109T,2024,Aug,13.0
109T,2024,Sep,15.0
109T,2024,Oct,23.0
109T,2024,Nov,27.0
109T,2024,Dec,30.0
108T,2024,Jan,26.0
108T,2024,Feb,45.0
108T,2024,Mar,36.0
108T,2024,Apr,41.0
108T,2024,May,18.0
108T,2024,Jun,11.0
108T,2024,Jul,9.0
108T,2024,Aug,11.0
108T,2024,Sep,10.0
108T,2024,Oct,17.0
108T,2024,Nov,19.0
108T,2024,Dec,25.0
106T,2024,Jan,14.0
106T,2024,Feb,29.0
106T,2024,Mar,37.0
106T,2024,Apr,58.0
106T,2024,May,24.0
106T,2024,Jun,11.0
106T,2024,Jul,9.0
106T,2024,Aug,9.0
106T,2024,Sep,10.0
106T,2024,Oct,16.0
106T,2024,Nov,16.0
106T,2024,Dec,18.0
107T,2024,Jan,28.0
107T,2024,Feb,51.0
107T,2024,Mar,55.0
107T,2024,Apr,65.0
107T,2024,May,29.0
107T,2024,Jun,17.0
107T,2024,Jul,16.0
107T,2024,Aug,18.0
107T,2024,Sep,15.0
107T,2024,Oct,25.0
107T,2024,Nov,28.0
107T,2024,Dec,31.0
102T,2024,Jan,23.0
102T,2024,Feb,52.0
102T,2024,Mar,54.0
102T,2024,Apr,60.0
102T,2024,May,35.0
102T,2024,Jun,24.0
102T,2024,Jul,14.0
102T,2024,Aug,18.0
102T,2024,Sep,15.0
102T,2024,Oct,21.0
102T,2024,Nov,23.0
102T,2024,Dec,25.0
101T,2024,Jan,24.0
101T,2024,Feb,40.0
101T,2024,Mar,32.0
101T,2024,Apr,28.0
101T,2024,May,14.0
101T,2024,Jun,6.0
101T,2024,Jul,7.0
101T,2024,Aug,8.0
101T,2024,Sep,7.0
101T,2024,Oct,13.0
101T,2024,Nov,14.0
101T,2024,Dec,21.0
91T,2024,Jan,19.0
91T,2024,Feb,37.0
91T,2024,Mar,42.0
91T,2024,Apr,50.0
91T,2024,May,21.0
91T,2024,Jun,10.0
91T,2024,Jul,9.0
91T,2024,Aug,9.0
91T,2024,Sep,9.0
91T,2024,Oct,19.0
91T,2024,Nov,21.0
91T,2024,Dec,22.0
90T,2024,Jan,13.0
90T,2024,Feb,30.0
90T,2024,Mar,36.0
90T,2024,Apr,45.0
90T,2024,May,20.0
90T,2024,Jun,10.0
90T,2024,Jul,7.0
90T,2024,Aug,8.0
90T,2024,Sep,8.0
90T,2024,Oct,18.0
90T,2024,Nov,19.0
90T,2024,Dec,21.0
83T,2024,Jan,26.0
83T,2024,Feb,52.0
83T,2024,Mar,49.0
83T,2024,Apr,73.0
83T,2024,May,36.0
83T,2024,Jun,12.0
83T,2024,Jul,7.0
83T,2024,Aug,8.0
83T,2024,Sep,10.0
83T,2024,Oct,19.0
83T,2024,Nov,25.0
83T,2024,Dec,17.0
82T,2024,Jan,33.0
82T,2024,Feb,52.0
82T,2024,Mar,40.0
82T,2024,Apr,39.0
82T,2024,May,26.0
82T,2024,Jun,16.0
82T,2024,Jul,18.0
82T,2024,Aug,14.0
82T,2024,Sep,8.0
82T,2024,Oct,21.0
82T,2024,Nov,25.0
82T,2024,Dec,32.0
72T,2024,Jan,27.0
72T,2024,Feb,45.0
72T,2024,Mar,60.0
72T,2024,Apr,55.0
72T,2024,May,21.0
72T,2024,Jun,8.0
72T,2024,Jul,6.0
72T,2024,Aug,6.0
72T,2024,Sep,5.0
72T,2024,Oct,
72T,2024,Nov,18.0
72T,2024,Dec,29.0
88T,2024,Jan,18.0
88T,2024,Feb,44.0
88T,2024,Mar,57.0
88T,2024,Apr,81.0
88T,2024,May,31.0
88T,2024,Jun,12.0
88T,2024,Jul,9.0
88T,2024,Aug,12.0
88T,2024,Sep,10.0
88T,2024,Oct,22.0
88T,2024,Nov,25.0
88T,2024,Dec,32.0
47T,2024,Jan,36.0
47T,2024,Feb,47.0
47T,2024,Mar,40.0
47T,2024,Apr,39.0
47T,2024,May,24.0
47T,2024,Jun,16.0
47T,2024,Jul,16.0
47T,2024,Aug,17.0
47T,2024,Sep,17.0
47T,2024,Oct,20.0
47T,2024,Nov,23.0
47T,2024,Dec,28.0
93T,2024,Jan,18.0
93T,2024,Feb,14.0
93T,2024,Mar,16.0
93T,2024,Apr,15.0
93T,2024,May,13.0
93T,2024,Jun,11.0
93T,2024,Jul,12.0
93T,2024,Aug,9.0
93T,2024,Sep,8.0
93T,2024,Oct,8.0
93T,2024,Nov,8.0
93T,2024,Dec,11.0
46T,2024,Jan,26.0
46T,2024,Feb,44.0
46T,2024,Mar,42.0
46T,2024,Apr,43.0
46T,2024,May,22.0
46T,2024,Jun,16.0
46T,2024,Jul,15.0
46T,2024,Aug,16.0
46T,2024,Sep,15.0
46T,2024,Oct,23.0
46T,2024,Nov,24.0
46T,2024,Dec,32.0
78T,2024,Jan,11.0
78T,2024,Feb,16.0
78T,2024,Mar,16.0
78T,2024,Apr,14.0
78T,2024,May,13.0
78T,2024,Jun,10.0
78T,2024,Jul,13.0
78T,2024,Aug,11.0
78T,2024,Sep,9.0
78T,2024,Oct,9.0
78T,2024,Nov,8.0
78T,2024,Dec,12.0
80T,2024,Jan,21.0
80T,2024,Feb,23.0
80T,2024,Mar,21.0
80T,2024,Apr,22.0
80T,2024,May,15.0
80T,2024,Jun,11.0
80T,2024,Jul,14.0
80T,2024,Aug,11.0
80T,2024,Sep,9.0
80T,2024,Oct,10.0
80T,2024,Nov,10.0
80T,2024,Dec,13.0
42T,2024,Jan,20.0
42T,2024,Feb,21.0
42T,2024,Mar,22.0
42T,2024,Apr,19.0
42T,2024,May,15.0
42T,2024,Jun,11.0
42T,2024,Jul,13.0
42T,2024,Aug,11.0
42T,2024,Sep,9.0
42T,2024,Oct,10.0
42T,2024,Nov,9.0
42T,2024,Dec,12.0
63T,2024,Jan,21.0
63T,2024,Feb,21.0
63T,2024,Mar,20.0
63T,2024,Apr,16.0
63T,2024,May,15.0
63T,2024,Jun,11.0
63T,2024,Jul,14.0
63T,2024,Aug,12.0
63T,2024,Sep,9.0
63T,2024,Oct,12.0
63T,2024,Nov,8.0
63T,2024,Dec,12.0
44T,2024,Jan,17.0
44T,2024,Feb,18.0
44T,2024,Mar,20.0
44T,2024,Apr,20.0
44T,2024,May,16.0
44T,2024,Jun,12.0
44T,2024,Jul,14.0
44T,2024,Aug,12.0
44T,2024,Sep,10.0
44T,2024,Oct,10.0
44T,2024,Nov,10.0
44T,2024,Dec,13.0
89T,2024,Jan,19.0
89T,2024,Feb,19.0
89T,2024,Mar,18.0
89T,2024,Apr,14.0
89T,2024,May,12.0
89T,2024,Jun,10.0
89T,2024,Jul,13.0
89T,2024,Aug,12.0
89T,2024,Sep,9.0
89T,2024,Oct,9.0
89T,2024,Nov,9.0
89T,2024,Dec,12.0
43T,2024,Jan,27.0
43T,2024,Feb,29.0
43T,2024,Mar,27.0
43T,2024,Apr,25.0
43T,2024,May,18.0
43T,2024,Jun,13.0
43T,2024,Jul,14.0
43T,2024,Aug,12.0
43T,2024,Sep,10.0
43T,2024,Oct,10.0
43T,2024,Nov,10.0
43T,2024,Dec,13.0
62T,2024,Jan,20.0
62T,2024,Feb,21.0
62T,2024,Mar,19.0
62T,2024,Apr,16.0
62T,2024,May,14.0
62T,2024,Jun,11.0
62T,2024,Jul,14.0
62T,2024,Aug,12.0
62T,2024,Sep,10.0
62T,2024,Oct,9.0
62T,2024,Nov,8.0
62T,2024,Dec,12.0
100T,2024,Jan,27.0
100T,2024,Feb,25.0
100T,2024,Mar,22.0
100T,2024,Apr,16.0
100T,2024,May,11.0
100T,2024,Jun,9.0
100T,2024,Jul,9.0
100T,2024,Aug,8.0
100T,2024,Sep,9.0
100T,2024,Oct,12.0
100T,2024,Nov,15.0
100T,2024,Dec,18.0
105T,2024,Jan,26.0
105T,2024,Feb,30.0
105T,2024,Mar,28.0
105T,2024,Apr,29.0
105T,2024,May,19.0
105T,2024,Jun,12.0
105T,2024,Jul,12.0
105T,2024,Aug,12.0
105T,2024,Sep,13.0
105T,2024,Oct,14.0
105T,2024,Nov,17.0
105T,2024,Dec,20.0
77T,2024,Jan,44.0
77T,2024,Feb,46.0
77T,2024,Mar,36.0
77T,2024,Apr,30.0
77T,2024,May,20.0
77T,2024,Jun,15.0
77T,2024,Jul,14.0
77T,2024,Aug,16.0
77T,2024,Sep,17.0
77T,2024,Oct,18.0
77T,2024,Nov,21.0
77T,2024,Dec,26.0
71T,2024,Jan,43.0
71T,2024,Feb,37.0
71T,2024,Mar,27.0
71T,2024,Apr,19.0
71T,2024,May,11.0
71T,2024,Jun,7.0
71T,2024,Jul,6.0
71T,2024,Aug,7.0
71T,2024,Sep,8.0
71T,2024,Oct,10.0
71T,2024,Nov,13.0
71T,2024,Dec,18.0
31T,2024,Jan,36.0
31T,2024,Feb,26.0
31T,2024,Mar,22.0
31T,2024,Apr,19.0
31T,2024,May,18.0
31T,2024,Jun,11.0
31T,2024,Jul,12.0
31T,2024,Aug,11.0
31T,2024,Sep,13.0
31T,2024,Oct,15.0
31T,2024,Nov,19.0
31T,2024,Dec,24.0
74T,2024,Jan,36.0
74T,2024,Feb,23.0
74T,2024,Mar,19.0
74T,2024,Apr,15.0
74T,2024,May,14.0
74T,2024,Jun,12.0
74T,2024,Jul,12.0
74T,2024,Aug,11.0
74T,2024,Sep,13.0
74T,2024,Oct,15.0
74T,2024,Nov,16.0
74T,2024,Dec,21.0
30T,2024,Jan,35.0
30T,2024,Feb,21.0
30T,2024,Mar,18.0
30T,2024,Apr,14.0
30T,2024,May,13.0
30T,2024,Jun,6.0
30T,2024,Jul,7.0
30T,2024,Aug,6.0
30T,2024,Sep,9.0
30T,2024,Oct,13.0
30T,2024,Nov,18.0
30T,2024,Dec,21.0
29T,2024,Jan,39.0
29T,2024,Feb,29.0
29T,2024,Mar,25.0
29T,2024,Apr,21.0
29T,2024,May,21.0
29T,2024,Jun,13.0
29T,2024,Jul,13.0
29T,2024,Aug,13.0
29T,2024,Sep,16.0
29T,2024,Oct,17.0
29T,2024,Nov,19.0
29T,2024,Dec,29.0
28T,2024,Jan,35.0
28T,2024,Feb,27.0
28T,2024,Mar,22.0
28T,2024,Apr,18.0
28T,2024,May,20.0
28T,2024,Jun,15.0
28T,2024,Jul,12.0
28T,2024,Aug,14.0
28T,2024,Sep,9.0
28T,2024,Oct,13.0
28T,2024,Nov,12.0
28T,2024,Dec,25.0
87T,2024,Jan,30.0
87T,2024,Feb,32.0
87T,2024,Mar,28.0
87T,2024,Apr,19.0
87T,2024,May,17.0
87T,2024,Jun,12.0
87T,2024,Jul,13.0
87T,2024,Aug,18.0
87T,2024,Sep,21.0
87T,2024,Oct,20.0
87T,2024,Nov,22.0
87T,2024,Dec,25.0
34T,2024,Jan,36.0
34T,2024,Feb,24.0
34T,2024,Mar,20.0
34T,2024,Apr,17.0
34T,2024,May,15.0
34T,2024,Jun,8.0
34T,2024,Jul,10.0
34T,2024,Aug,12.0
34T,2024,Sep,8.0
34T,2024,Oct,12.0
34T,2024,Nov,18.0
34T,2024,Dec,19.0
33T,2024,Jan,33.0
33T,2024,Feb,23.0
33T,2024,Mar,20.0
33T,2024,Apr,17.0
33T,2024,May,15.0
33T,2024,Jun,10.0
33T,2024,Jul,12.0
33T,2024,Aug,20.0
33T,2024,Sep,15.0
33T,2024,Oct,19.0
33T,2024,Nov,20.0
33T,2024,Dec,24.0
32T,2024,Jan,37.0
32T,2024,Feb,24.0
32T,2024,Mar,20.0
32T,2024,Apr,16.0
32T,2024,May,18.0
32T,2024,Jun,9.0
32T,2024,Jul,10.0
32T,2024,Aug,10.0
32T,2024,Sep,12.0
32T,2024,Oct,16.0
32T,2024,Nov,17.0
32T,2024,Dec,22.0
60T,2024,Jan,41.0
60T,2024,Feb,36.0
60T,2024,Mar,28.0
60T,2024,Apr,24.0
60T,2024,May,16.0
60T,2024,Jun,12.0
60T,2024,Jul,11.0
60T,2024,Aug,13.0
60T,2024,Sep,15.0
60T,2024,Oct,18.0
60T,2024,Nov,22.0
60T,2024,Dec,26.0
79T,2024,Jan,50.0
79T,2024,Feb,50.0
79T,2024,Mar,44.0
79T,2024,Apr,45.0
79T,2024,May,26.0
79T,2024,Jun,20.0
79T,2024,Jul,19.0
79T,2024,Aug,15.0
79T,2024,Sep,24.0
79T,2024,Oct,29.0
79T,2024,Nov,35.0
79T,2024,Dec,35.0
26T,2024,Jan,54.0
26T,2024,Feb,41.0
26T,2024,Mar,32.0
26T,2024,Apr,34.0
26T,2024,May,23.0
26T,2024,Jun,14.0
26T,2024,Jul,13.0
26T,2024,Aug,11.0
26T,2024,Sep,14.0
26T,2024,Oct,18.0
26T,2024,Nov,29.0
26T,2024,Dec,38.0
24T,2024,Jan,47.0
24T,2024,Feb,48.0
24T,2024,Mar,40.0
24T,2024,Apr,32.0
24T,2024,May,30.0
24T,2024,Jun,18.0
24T,2024,Jul,19.0
24T,2024,Aug,24.0
24T,2024,Sep,27.0
24T,2024,Oct,36.0
24T,2024,Nov,34.0
24T,2024,Dec,41.0
25T,2024,Jan,36.0
25T,2024,Feb,36.0
25T,2024,Mar,29.0
25T,2024,Apr,30.0
25T,2024,May,20.0
25T,2024,Jun,13.0
25T,2024,Jul,14.0
25T,2024,Aug,15.0
25T,2024,Sep,16.0
25T,2024,Oct,16.0
25T,2024,Nov,19.0
25T,2024,Dec,23.0
21T,2024,Jan,40.0
21T,2024,Feb,36.0
21T,2024,Mar,29.0
21T,2024,Apr,31.0
21T,2024,May,20.0
21T,2024,Jun,12.0
21T,2024,Jul,12.0
21T,2024,Aug,12.0
21T,2024,Sep,12.0
21T,2024,Oct,16.0
21T,2024,Nov,21.0
21T,2024,Dec,28.0
85T,2024,Jan,41.0
85T,2024,Feb,36.0
85T,2024,Mar,33.0
85T,2024,Apr,36.0
85T,2024,May,19.0
85T,2024,Jun,12.0
85T,2024,Jul,12.0
85T,2024,Aug,13.0
85T,2024,Sep,13.0
85T,2024,Oct,15.0
85T,2024,Nov,17.0
85T,2024,Dec,20.0
84T,2024,Jan,54.0
84T,2024,Feb,32.0
84T,2024,Mar,24.0
84T,2024,Apr,26.0
84T,2024,May,17.0
84T,2024,Jun,9.0
84T,2024,Jul,9.0
84T,2024,Aug,9.0
84T,2024,Sep,14.0
84T,2024,Oct,20.0
84T,2024,Nov,28.0
84T,2024,Dec,36.0
103T,2024,Jan,34.0
103T,2024,Feb,27.0
103T,2024,Mar,25.0
103T,2024,Apr,26.0
103T,2024,May,17.0
103T,2024,Jun,10.0
103T,2024,Jul,12.0
103T,2024,Aug,10.0
103T,2024,Sep,10.0
103T,2024,Oct,12.0
103T,2024,Nov,19.0
103T,2024,Dec,23.0
99T,2024,Jan,42.0
99T,2024,Feb,44.0
99T,2024,Mar,40.0
99T,2024,Apr,40.0
99T,2024,May,22.0
99T,2024,Jun,13.0
99T,2024,Jul,14.0
99T,2024,Aug,15.0
99T,2024,Sep,16.0
99T,2024,Oct,23.0
99T,2024,Nov,25.0
99T,2024,Dec,30.0
104T,2024,Jan,42.0
104T,2024,Feb,43.0
104T,2024,Mar,38.0
104T,2024,Apr,41.0
104T,2024,May,23.0
104T,2024,Jun,11.0
104T,2024,Jul,12.0
104T,2024,Aug,13.0
104T,2024,Sep,16.0
104T,2024,Oct,24.0
104T,2024,Nov,28.0
104T,2024,Dec,35.0
57T,2024,Jan,26.0
57T,2024,Feb,35.0
57T,2024,Mar,58.0
57T,2024,Apr,66.0
57T,2024,May,39.0
57T,2024,Jun,10.0
57T,2024,Jul,9.0
57T,2024,Aug,6.0
57T,2024,Sep,8.0
57T,2024,Oct,11.0
57T,2024,Nov,11.0
57T,2024,Dec,15.0
73T,2024,Jan,30.0
73T,2024,Feb,43.0
73T,2024,Mar,108.0
73T,2024,Apr,91.0
73T,2024,May,39.0
73T,2024,Jun,14.0
73T,2024,Jul,11.0
73T,2024,Aug,10.0
73T,2024,Sep,12.0
73T,2024,Oct,18.0
73T,2024,Nov,21.0
73T,2024,Dec,27.0
35T,2024,Jan,27.0
35T,2024,Feb,35.0
35T,2024,Mar,70.0
35T,2024,Apr,84.0
35T,2024,May,37.0
35T,2024,Jun,13.0
35T,2024,Jul,12.0
35T,2024,Aug,10.0
35T,2024,Sep,12.0
35T,2024,Oct,17.0
35T,2024,Nov,21.0
35T,2024,Dec,26.0
36T,2024,Jan,24.0
36T,2024,Feb,34.0
36T,2024,Mar,74.0
36T,2024,Apr,82.0
36T,2024,May,29.0
36T,2024,Jun,9.0
36T,2024,Jul,9.0
36T,2024,Aug,9.0
36T,2024,Sep,9.0
36T,2024,Oct,14.0
36T,2024,Nov,17.0
36T,2024,Dec,22.0
41T,2024,Jan,38.0
41T,2024,Feb,44.0
41T,2024,Mar,38.0
41T,2024,Apr,44.0
41T,2024,May,22.0
41T,2024,Jun,11.0
41T,2024,Jul,10.0
41T,2024,Aug,11.0
41T,2024,Sep,10.0
41T,2024,Oct,16.0
41T,2024,Nov,24.0
41T,2024,Dec,31.0
67T,2024,Jan,34.0
67T,2024,Feb,51.0
67T,2024,Mar,73.0
67T,2024,Apr,76.0
67T,2024,May,38.0
67T,2024,Jun,19.0
67T,2024,Jul,15.0
67T,2024,Aug,15.0
67T,2024,Sep,17.0
67T,2024,Oct,28.0
67T,2024,Nov,32.0
67T,2024,Dec,36.0
75T,2024,Jan,24.0
75T,2024,Feb,41.0
75T,2024,Mar,75.0
75T,2024,Apr,82.0
75T,2024,May,38.0
75T,2024,Jun,26.0
75T,2024,Jul,26.0
75T,2024,Aug,27.0
75T,2024,Sep,28.0
75T,2024,Oct,33.0
75T,2024,Nov,38.0
75T,2024,Dec,38.0
70T,2024,Jan,29.0
70T,2024,Feb,51.0
70T,2024,Mar,71.0
70T,2024,Apr,73.0
70T,2024,May,32.0
70T,2024,Jun,10.0
70T,2024,Jul,9.0
70T,2024,Aug,8.0
70T,2024,Sep,10.0
70T,2024,Oct,17.0
70T,2024,Nov,20.0
70T,2024,Dec,26.0
86T,2024,Jan,35.0
86T,2024,Feb,44.0
86T,2024,Mar,50.0
86T,2024,Apr,46.0
86T,2024,May,15.0
86T,2024,Jun,7.0
86T,2024,Jul,8.0
86T,2024,Aug,7.0
86T,2024,Sep,8.0
86T,2024,Oct,13.0
86T,2024,Nov,23.0
86T,2024,Dec,45.0
69T,2024,Jan,33.0
69T,2024,Feb,50.0
69T,2024,Mar,59.0
69T,2024,Apr,58.0
69T,2024,May,26.0
69T,2024,Jun,9.0
69T,2024,Jul,9.0
69T,2024,Aug,8.0
69T,2024,Sep,9.0
69T,2024,Oct,15.0
69T,2024,Nov,20.0
69T,2024,Dec,26.0
58T,2024,Jan,18.0
58T,2024,Feb,33.0
58T,2024,Mar,111.0
58T,2024,Apr,84.0
58T,2024,May,23.0
58T,2024,Jun,6.0
58T,2024,Jul,5.0
58T,2024,Aug,4.0
58T,2024,Sep,5.0
58T,2024,Oct,8.0
58T,2024,Nov,10.0
58T,2024,Dec,10.0
37T,2024,Jan,41.0
37T,2024,Feb,69.0
37T,2024,Mar,82.0
37T,2024,Apr,71.0
37T,2024,May,31.0
37T,2024,Jun,11.0
37T,2024,Jul,10.0
37T,2024,Aug,9.0
37T,2024,Sep,10.0
37T,2024,Oct,15.0
37T,2024,Nov,19.0
37T,2024,Dec,26.0
38T,2024,Jan,26.0
38T,2024,Feb,42.0
38T,2024,Mar,61.0
38T,2024,Apr,60.0
38T,2024,May,25.0
38T,2024,Jun,9.0
38T,2024,Jul,8.0
38T,2024,Aug,8.0
38T,2024,Sep,8.0
38T,2024,Oct,12.0
38T,2024,Nov,15.0
38T,2024,Dec,22.0
94T,2024,Jan,32.0
94T,2024,Feb,45.0
94T,2024,Mar,46.0
94T,2024,Apr,55.0
94T,2024,May,22.0
94T,2024,Jun,8.0
94T,2024,Jul,9.0
94T,2024,Aug,8.0
94T,2024,Sep,8.0
94T,2024,Oct,13.0
94T,2024,Nov,20.0
94T,2024,Dec,27.0
98T,2024,Jan,45.0
98T,2024,Feb,51.0
98T,2024,Mar,46.0
98T,2024,Apr,49.0
98T,2024,May,25.0
98T,2024,Jun,12.0
98T,2024,Jul,14.0
98T,2024,Aug,13.0
98T,2024,Sep,14.0
98T,2024,Oct,22.0
98T,2024,Nov,31.0
98T,2024,Dec,38.0
97T,2024,Jan,30.0
97T,2024,Feb,46.0
97T,2024,Mar,40.0
97T,2024,Apr,46.0
97T,2024,May,22.0
97T,2024,Jun,11.0
97T,2024,Jul,12.0
97T,2024,Aug,11.0
97T,2024,Sep,11.0
97T,2024,Oct,17.0
97T,2024,Nov,26.0
97T,2024,Dec,32.0
95T,2024,Jan,34.0
95T,2024,Feb,42.0
95T,2024,Mar,40.0
95T,2024,Apr,49.0
95T,2024,May,20.0
95T,2024,Jun,8.0
95T,2024,Jul,10.0
95T,2024,Aug,9.0
95T,2024,Sep,10.0
95T,2024,Oct,15.0
95T,2024,Nov,28.0
95T,2024,Dec,38.0
96T,2024,Jan,49.0
96T,2024,Feb,65.0
96T,2024,Mar,62.0
96T,2024,Apr,55.0
96T,2024,May,23.0
96T,2024,Jun,6.0
96T,2024,Jul,7.0
96T,2024,Aug,4.0
96T,2024,Sep,6.0
96T,2024,Oct,14.0
96T,2024,Nov,23.0
96T,2024,Dec,30.0
92T,2024,Jan,33.0
92T,2024,Feb,42.0
92T,2024,Mar,52.0
92T,2024,Apr,64.0
92T,2024,May,27.0
92T,2024,Jun,11.0
92T,2024,Jul,12.0
92T,2024,Aug,10.0
92T,2024,Sep,11.0
92T,2024,Oct,15.0
92T,2024,Nov,21.0
92T,2024,Dec,26.0
76T,2024,Jan,41.0
76T,2024,Feb,59.0
76T,2024,Mar,65.0
76T,2024,Apr,43.0
76T,2024,May,19.0
76T,2024,Jun,8.0
76T,2024,Jul,8.0
76T,2024,Aug,8.0
76T,2024,Sep,10.0
76T,2024,Oct,14.0
76T,2024,Nov,21.0
76T,2024,Dec,29.0
68T,2024,Jan,28.0
68T,2024,Feb,45.0
68T,2024,Mar,72.0
68T,2024,Apr,65.0
68T,2024,May,26.0
68T,2024,Jun,11.0
68T,2024,Jul,11.0
68T,2024,Aug,11.0
68T,2024,Sep,11.0
68T,2024,Oct,19.0
68T,2024,Nov,23.0
68T,2024,Dec,31.0
40T,2024,Jan,28.0
40T,2024,Feb,42.0
40T,2024,Mar,61.0
40T,2024,Apr,60.0
40T,2024,May,25.0
40T,2024,Jun,9.0
40T,2024,Jul,8.0
40T,2024,Aug,8.0
40T,2024,Sep,8.0
40T,2024,Oct,14.0
40T,2024,Nov,16.0
40T,2024,Dec,22.0
39T,2024,Jan,26.0
39T,2024,Feb,43.0
39T,2024,Mar,62.0
39T,2024,Apr,60.0
39T,2024,May,25.0
39T,2024,Jun,9.0
39T,2024,Jul,8.0
39T,2024,Aug,8.0
39T,2024,Sep,8.0
39T,2024,Oct,12.0
39T,2024,Nov,15.0
39T,2024,Dec,22.0
61T,2024,Jan,33.0
61T,2024,Feb,27.0
61T,2024,Mar,22.0
61T,2024,Apr,22.0
61T,2024,May,19.0
61T,2024,Jun,13.0
61T,2024,Jul,13.0
61T,2024,Aug,13.0
61T,2024,Sep,
61T,2024,Oct,18.0
61T,2024,Nov,22.0
61T,2024,Dec,29.0
59T,2024,Jan,29.0
59T,2024,Feb,23.0
59T,2024,Mar,20.0
59T,2024,Apr,22.0
59T,2024,May,16.0
59T,2024,Jun,8.0
59T,2024,Jul,9.0
59T,2024,Aug,8.0
59T,2024,Sep,11.0
59T,2024,Oct,13.0
59T,2024,Nov,17.0
59T,2024,Dec,21.0
54R,2024,Jan,48.0
54R,2024,Feb,39.0
54R,2024,Mar,32.0
54R,2024,Apr,35.0
54R,2024,May,31.0
54R,2024,Jun,20.0
54R,2024,Jul,20.0
54R,2024,Aug,20.0
54R,2024,Sep,23.0
54R,2024,Oct,28.0
54R,2024,Nov,29.0
54R,2024,Dec,36.0
53R,2024,Jan,40.0
53R,2024,Feb,29.0
53R,2024,Mar,24.0
53R,2024,Apr,25.0
53R,2024,May,19.0
53R,2024,Jun,11.0
53R,2024,Jul,13.0
53R,2024,Aug,14.0
53R,2024,Sep,17.0
53R,2024,Oct,23.0
53R,2024,Nov,28.0
53R,2024,Dec,35.0
52R,2024,Jan,41.0
52R,2024,Feb,30.0
52R,2024,Mar,25.0
52R,2024,Apr,27.0
52R,2024,May,23.0
52R,2024,Jun,16.0
52R,2024,Jul,15.0
52R,2024,Aug,14.0
52R,2024,Sep,18.0
52R,2024,Oct,21.0
52R,2024,Nov,26.0
52R,2024,Dec,37.0
50R,2024,Jan,41.0
50R,2024,Feb,32.0
50R,2024,Mar,28.0
50R,2024,Apr,29.0
50R,2024,May,24.0
50R,2024,Jun,15.0
50R,2024,Jul,16.0
50R,2024,Aug,15.0
50R,2024,Sep,19.0
50R,2024,Oct,24.0
50R,2024,Nov,27.0
50R,2024,Dec,35.0
12T,2024,Jan,37.0
12T,2024,Feb,28.0
12T,2024,Mar,23.0
12T,2024,Apr,22.0
12T,2024,May,17.0
12T,2024,Jun,10.0
12T,2024,Jul,11.0
12T,2024,Aug,12.0
12T,2024,Sep,14.0
12T,2024,Oct,18.0
12T,2024,Nov,22.0
12T,2024,Dec,30.0
11T,2024,Jan,36.0
11T,2024,Feb,29.0
11T,2024,Mar,24.0
11T,2024,Apr,26.0
11T,2024,May,20.0
11T,2024,Jun,11.0
11T,2024,Jul,12.0
11T,2024,Aug,13.0
11T,2024,Sep,14.0
11T,2024,Oct,
11T,2024,Nov,23.0
11T,2024,Dec,29.0
10T,2024,Jan,38.0
10T,2024,Feb,29.0
10T,2024,Mar,23.0
10T,2024,Apr,22.0
10T,2024,May,18.0
10T,2024,Jun,10.0
10T,2024,Jul,10.0
10T,2024,Aug,10.0
10T,2024,Sep,12.0
10T,2024,Oct,16.0
10T,2024,Nov,21.0
10T,2024,Dec,29.0
03R,2024,Jan,45.0
03R,2024,Feb,34.0
03R,2024,Mar,27.0
03R,2024,Apr,26.0
03R,2024,May,24.0
03R,2024,Jun,16.0
03R,2024,Jul,15.0
03R,2024,Aug,15.0
03R,2024,Sep,18.0
03R,2024,Oct,25.0
03R,2024,Nov,28.0
03R,2024,Dec,34.0
05T,2024,Jan,41.0
05T,2024,Feb,31.0
05T,2024,Mar,27.0
05T,2024,Apr,27.0
05T,2024,May,22.0
05T,2024,Jun,14.0
05T,2024,Jul,15.0
05T,2024,Aug,15.0
05T,2024,Sep,17.0
05T,2024,Oct,19.0
05T,2024,Nov,21.0
05T,2024,Dec,29.0
02T,2024,Jan,45.0
02T,2024,Feb,34.0
02T,2024,Mar,28.0
02T,2024,Apr,27.0
02T,2024,May,23.0
02T,2024,Jun,16.0
02T,2024,Jul,16.0
02T,2024,Aug,14.0
02T,2024,Sep,18.0
02T,2024,Oct,22.0
02T,2024,Nov,27.0
02T,2024,Dec,37.0
81T,2024,Jan,44.0
81T,2024,Feb,33.0
81T,2024,Mar,25.0
81T,2024,Apr,29.0
81T,2024,May,19.0
81T,2024,Jun,11.0
81T,2024,Jul,11.0
81T,2024,Aug,10.0
81T,2024,Sep,16.0
81T,2024,Oct,21.0
81T,2024,Nov,30.0
81T,2024,Dec,34.0
27T,2024,Jan,55.0
27T,2024,Feb,31.0
27T,2024,Mar,22.0
27T,2024,Apr,22.0
27T,2024,May,19.0
27T,2024,Jun,12.0
27T,2024,Jul,12.0
27T,2024,Aug,15.0
27T,2024,Sep,20.0
27T,2024,Oct,27.0
27T,2024,Nov,40.0
27T,2024,Dec,49.0
14T,2024,Jan,50.0
14T,2024,Feb,36.0
14T,2024,Mar,29.0
14T,2024,Apr,30.0
14T,2024,May,25.0
14T,2024,Jun,17.0
14T,2024,Jul,16.0
14T,2024,Aug,15.0
14T,2024,Sep,19.0
14T,2024,Oct,22.0
14T,2024,Nov,29.0
14T,2024,Dec,38.0
19T,2024,Jan,38.0
19T,2024,Feb,29.0
19T,2024,Mar,23.0
19T,2024,Apr,22.0
19T,2024,May,17.0
19T,2024,Jun,12.0
19T,2024,Jul,12.0
19T,2024,Aug,14.0
19T,2024,Sep,17.0
19T,2024,Oct,20.0
19T,2024,Nov,23.0
19T,2024,Dec,29.0
17T,2024,Jan,32.0
17T,2024,Feb,25.0
17T,2024,Mar,22.0
17T,2024,Apr,22.0
17T,2024,May,18.0
17T,2024,Jun,10.0
17T,2024,Jul,10.0
17T,2024,Aug,11.0
17T,2024,Sep,13.0
17T,2024,Oct,17.0
17T,2024,Nov,20.0
17T,2024,Dec,28.0
18T,2024,Jan,55.0
18T,2024,Feb,37.0
18T,2024,Mar,35.0
18T,2024,Apr,34.0
18T,2024,May,30.0
18T,2024,Jun,22.0
18T,2024,Jul,21.0
18T,2024,Aug,21.0
18T,2024,Sep,25.0
18T,2024,Oct,31.0
18T,2024,Nov,34.0
18T,2024,Dec,42.0
08T,2024,Jan,45.0
08T,2024,Feb,32.0
08T,2024,Mar,28.0
08T,2024,Apr,27.0
08T,2024,May,24.0
08T,2024,Jun,15.0
08T,2024,Jul,16.0
08T,2024,Aug,16.0
08T,2024,Sep,19.0
08T,2024,Oct,21.0
08T,2024,Nov,26.0
08T,2024,Dec,33.0
16T,2024,Jan,36.0
16T,2024,Feb,26.0
16T,2024,Mar,21.0
16T,2024,Apr,22.0
16T,2024,May,17.0
16T,2024,Jun,9.0
16T,2024,Jul,10.0
16T,2024,Aug,10.0
16T,2024,Sep,13.0
16T,2024,Oct,18.0
16T,2024,Nov,20.0
16T,2024,Dec,29.0
20T,2024,Jan,47.0
20T,2024,Feb,37.0
20T,2024,Mar,29.0
20T,2024,Apr,29.0
20T,2024,May,21.0
20T,2024,Jun,10.0
20T,2024,Jul,10.0
20T,2024,Aug,12.0
20T,2024,Sep,18.0
20T,2024,Oct,21.0
20T,2024,Nov,30.0
20T,2024,Dec,33.0
22T,2024,Jan,52.0
22T,2024,Feb,32.0
22T,2024,Mar,26.0
22T,2024,Apr,29.0
22T,2024,May,22.0
22T,2024,Jun,11.0
22T,2024,Jul,11.0
22T,2024,Aug,11.0
22T,2024,Sep,17.0
22T,2024,Oct,24.0
22T,2024,Nov,34.0
22T,2024,Dec,48.0
13T,2024,Jan,38.0
13T,2024,Feb,27.0
13T,2024,Mar,23.0
13T,2024,Apr,25.0
13T,2024,May,18.0
13T,2024,Jun,10.0
13T,2024,Jul,9.0
13T,2024,Aug,9.0
13T,2024,Sep,10.0
13T,2024,Oct,13.0
13T,2024,Nov,20.0
13T,2024,Dec,31.0
