Year,Month,Province,New_Factories
2020,Jan,กระบี่,24
2020,Feb,กระบี่,24
2020,Mar,กระบี่,24
2020,Apr,กระบี่,24
2020,May,กระบี่,24
2020,Jun,กระบี่,24
2020,Jul,กระบี่,24
2020,Aug,กระบี่,24
2020,Sep,กระบี่,24
2020,Oct,กระบี่,24
2020,Nov,กระบี่,24
2020,Dec,กระบี่,24
2021,Jan,กระบี่,11
2021,Feb,กระบี่,11
2021,Mar,กระบี่,11
2021,Apr,กระบี่,11
2021,May,กระบี่,11
2021,Jun,กระบี่,11
2021,Jul,กระบี่,11
2021,Aug,กระบี่,11
2021,Sep,กระบี่,11
2021,Oct,กระบี่,11
2021,Nov,กระบี่,11
2021,Dec,กระบี่,11
2022,Jan,กระบี่,9
2022,Feb,กระบี่,9
2022,Mar,กระบี่,9
2022,Apr,กระบี่,9
2022,May,กระบี่,9
2022,Jun,กระบี่,9
2022,Jul,กระบี่,9
2022,Aug,กระบี่,9
2022,Sep,กระบี่,9
2022,Oct,กระบี่,9
2022,Nov,กระบี่,9
2022,Dec,กระบี่,9
2023,Jan,กระบี่,2
2023,Feb,กระบี่,2
2023,Mar,กระบี่,2
2023,Apr,กระบี่,2
2023,May,กระบี่,2
2023,Jun,กระบี่,2
2023,Jul,กระบี่,2
2023,Aug,กระบี่,2
2023,Sep,กระบี่,2
2023,Oct,กระบี่,2
2023,Nov,กระบี่,2
2023,Dec,กระบี่,2
2024,Jan,กระบี่,5
2024,Feb,กระบี่,5
2024,Mar,กระบี่,5
2024,Apr,กระบี่,5
2024,May,กระบี่,5
2024,Jun,กระบี่,5
2024,Jul,กระบี่,5
2024,Aug,กระบี่,5
2024,Sep,กระบี่,5
2024,Oct,กระบี่,5
2024,Nov,กระบี่,5
2024,Dec,กระบี่,5
2020,Jan,กรุงเทพมหานคร,64
2020,Feb,กรุงเทพมหานคร,64
2020,Mar,กรุงเทพมหานคร,64
2020,Apr,กรุงเทพมหานคร,64
2020,May,กรุงเทพมหานคร,64
2020,Jun,กรุงเทพมหานคร,64
2020,Jul,กรุงเทพมหานคร,64
2020,Aug,กรุงเทพมหานคร,64
2020,Sep,กรุงเทพมหานคร,64
2020,Oct,กรุงเทพมหานคร,64
2020,Nov,กรุงเทพมหานคร,64
2020,Dec,กรุงเทพมหานคร,64
2021,Jan,กรุงเทพมหานคร,185
2021,Feb,กรุงเทพมหานคร,185
2021,Mar,กรุงเทพมหานคร,185
2021,Apr,กรุงเทพมหานคร,185
2021,May,กรุงเทพมหานคร,185
2021,Jun,กรุงเทพมหานคร,185
2021,Jul,กรุงเทพมหานคร,185
2021,Aug,กรุงเทพมหานคร,185
2021,Sep,กรุงเทพมหานคร,185
2021,Oct,กรุงเทพมหานคร,185
2021,Nov,กรุงเทพมหานคร,185
2021,Dec,กรุงเทพมหานคร,185
2022,Jan,กรุงเทพมหานคร,55
2022,Feb,กรุงเทพมหานคร,55
2022,Mar,กรุงเทพมหานคร,55
2022,Apr,กรุงเทพมหานคร,55
2022,May,กรุงเทพมหานคร,55
2022,Jun,กรุงเทพมหานคร,55
2022,Jul,กรุงเทพมหานคร,55
2022,Aug,กรุงเทพมหานคร,55
2022,Sep,กรุงเทพมหานคร,55
2022,Oct,กรุงเทพมหานคร,55
2022,Nov,กรุงเทพมหานคร,55
2022,Dec,กรุงเทพมหานคร,55
2023,Jan,กรุงเทพมหานคร,50
2023,Feb,กรุงเทพมหานคร,50
2023,Mar,กรุงเทพมหานคร,50
2023,Apr,กรุงเทพมหานคร,50
2023,May,กรุงเทพมหานคร,50
2023,Jun,กรุงเทพมหานคร,50
2023,Jul,กรุงเทพมหานคร,50
2023,Aug,กรุงเทพมหานคร,50
2023,Sep,กรุงเทพมหานคร,50
2023,Oct,กรุงเทพมหานคร,50
2023,Nov,กรุงเทพมหานคร,50
2023,Dec,กรุงเทพมหานคร,50
2024,Jan,กรุงเทพมหานคร,40
2024,Feb,กรุงเทพมหานคร,40
2024,Mar,กรุงเทพมหานคร,40
2024,Apr,กรุงเทพมหานคร,40
2024,May,กรุงเทพมหานคร,40
2024,Jun,กรุงเทพมหานคร,40
2024,Jul,กรุงเทพมหานคร,40
2024,Aug,กรุงเทพมหานคร,40
2024,Sep,กรุงเทพมหานคร,40
2024,Oct,กรุงเทพมหานคร,40
2024,Nov,กรุงเทพมหานคร,40
2024,Dec,กรุงเทพมหานคร,40
2020,Jan,กาญจนบุรี,29
2020,Feb,กาญจนบุรี,29
2020,Mar,กาญจนบุรี,29
2020,Apr,กาญจนบุรี,29
2020,May,กาญจนบุรี,29
2020,Jun,กาญจนบุรี,29
2020,Jul,กาญจนบุรี,29
2020,Aug,กาญจนบุรี,29
2020,Sep,กาญจนบุรี,29
2020,Oct,กาญจนบุรี,29
2020,Nov,กาญจนบุรี,29
2020,Dec,กาญจนบุรี,29
2021,Jan,กาญจนบุรี,31
2021,Feb,กาญจนบุรี,31
2021,Mar,กาญจนบุรี,31
2021,Apr,กาญจนบุรี,31
2021,May,กาญจนบุรี,31
2021,Jun,กาญจนบุรี,31
2021,Jul,กาญจนบุรี,31
2021,Aug,กาญจนบุรี,31
2021,Sep,กาญจนบุรี,31
2021,Oct,กาญจนบุรี,31
2021,Nov,กาญจนบุรี,31
2021,Dec,กาญจนบุรี,31
2022,Jan,กาญจนบุรี,43
2022,Feb,กาญจนบุรี,43
2022,Mar,กาญจนบุรี,43
2022,Apr,กาญจนบุรี,43
2022,May,กาญจนบุรี,43
2022,Jun,กาญจนบุรี,43
2022,Jul,กาญจนบุรี,43
2022,Aug,กาญจนบุรี,43
2022,Sep,กาญจนบุรี,43
2022,Oct,กาญจนบุรี,43
2022,Nov,กาญจนบุรี,43
2022,Dec,กาญจนบุรี,43
2023,Jan,กาญจนบุรี,28
2023,Feb,กาญจนบุรี,28
2023,Mar,กาญจนบุรี,28
2023,Apr,กาญจนบุรี,28
2023,May,กาญจนบุรี,28
2023,Jun,กาญจนบุรี,28
2023,Jul,กาญจนบุรี,28
2023,Aug,กาญจนบุรี,28
2023,Sep,กาญจนบุรี,28
2023,Oct,กาญจนบุรี,28
2023,Nov,กาญจนบุรี,28
2023,Dec,กาญจนบุรี,28
2024,Jan,กาญจนบุรี,23
2024,Feb,กาญจนบุรี,23
2024,Mar,กาญจนบุรี,23
2024,Apr,กาญจนบุรี,23
2024,May,กาญจนบุรี,23
2024,Jun,กาญจนบุรี,23
2024,Jul,กาญจนบุรี,23
2024,Aug,กาญจนบุรี,23
2024,Sep,กาญจนบุรี,23
2024,Oct,กาญจนบุรี,23
2024,Nov,กาญจนบุรี,23
2024,Dec,กาญจนบุรี,23
2020,Jan,กาฬสินธุ์,23
2020,Feb,กาฬสินธุ์,23
2020,Mar,กาฬสินธุ์,23
2020,Apr,กาฬสินธุ์,23
2020,May,กาฬสินธุ์,23
2020,Jun,กาฬสินธุ์,23
2020,Jul,กาฬสินธุ์,23
2020,Aug,กาฬสินธุ์,23
2020,Sep,กาฬสินธุ์,23
2020,Oct,กาฬสินธุ์,23
2020,Nov,กาฬสินธุ์,23
2020,Dec,กาฬสินธุ์,23
2021,Jan,กาฬสินธุ์,26
2021,Feb,กาฬสินธุ์,26
2021,Mar,กาฬสินธุ์,26
2021,Apr,กาฬสินธุ์,26
2021,May,กาฬสินธุ์,26
2021,Jun,กาฬสินธุ์,26
2021,Jul,กาฬสินธุ์,26
2021,Aug,กาฬสินธุ์,26
2021,Sep,กาฬสินธุ์,26
2021,Oct,กาฬสินธุ์,26
2021,Nov,กาฬสินธุ์,26
2021,Dec,กาฬสินธุ์,26
2022,Jan,กาฬสินธุ์,24
2022,Feb,กาฬสินธุ์,24
2022,Mar,กาฬสินธุ์,24
2022,Apr,กาฬสินธุ์,24
2022,May,กาฬสินธุ์,24
2022,Jun,กาฬสินธุ์,24
2022,Jul,กาฬสินธุ์,24
2022,Aug,กาฬสินธุ์,24
2022,Sep,กาฬสินธุ์,24
2022,Oct,กาฬสินธุ์,24
2022,Nov,กาฬสินธุ์,24
2022,Dec,กาฬสินธุ์,24
2023,Jan,กาฬสินธุ์,11
2023,Feb,กาฬสินธุ์,11
2023,Mar,กาฬสินธุ์,11
2023,Apr,กาฬสินธุ์,11
2023,May,กาฬสินธุ์,11
2023,Jun,กาฬสินธุ์,11
2023,Jul,กาฬสินธุ์,11
2023,Aug,กาฬสินธุ์,11
2023,Sep,กาฬสินธุ์,11
2023,Oct,กาฬสินธุ์,11
2023,Nov,กาฬสินธุ์,11
2023,Dec,กาฬสินธุ์,11
2024,Jan,กาฬสินธุ์,14
2024,Feb,กาฬสินธุ์,14
2024,Mar,กาฬสินธุ์,14
2024,Apr,กาฬสินธุ์,14
2024,May,กาฬสินธุ์,14
2024,Jun,กาฬสินธุ์,14
2024,Jul,กาฬสินธุ์,14
2024,Aug,กาฬสินธุ์,14
2024,Sep,กาฬสินธุ์,14
2024,Oct,กาฬสินธุ์,14
2024,Nov,กาฬสินธุ์,14
2024,Dec,กาฬสินธุ์,14
2020,Jan,กำแพงเพชร,32
2020,Feb,กำแพงเพชร,32
2020,Mar,กำแพงเพชร,32
2020,Apr,กำแพงเพชร,32
2020,May,กำแพงเพชร,32
2020,Jun,กำแพงเพชร,32
2020,Jul,กำแพงเพชร,32
2020,Aug,กำแพงเพชร,32
2020,Sep,กำแพงเพชร,32
2020,Oct,กำแพงเพชร,32
2020,Nov,กำแพงเพชร,32
2020,Dec,กำแพงเพชร,32
2021,Jan,กำแพงเพชร,24
2021,Feb,กำแพงเพชร,24
2021,Mar,กำแพงเพชร,24
2021,Apr,กำแพงเพชร,24
2021,May,กำแพงเพชร,24
2021,Jun,กำแพงเพชร,24
2021,Jul,กำแพงเพชร,24
2021,Aug,กำแพงเพชร,24
2021,Sep,กำแพงเพชร,24
2021,Oct,กำแพงเพชร,24
2021,Nov,กำแพงเพชร,24
2021,Dec,กำแพงเพชร,24
2022,Jan,กำแพงเพชร,9
2022,Feb,กำแพงเพชร,9
2022,Mar,กำแพงเพชร,9
2022,Apr,กำแพงเพชร,9
2022,May,กำแพงเพชร,9
2022,Jun,กำแพงเพชร,9
2022,Jul,กำแพงเพชร,9
2022,Aug,กำแพงเพชร,9
2022,Sep,กำแพงเพชร,9
2022,Oct,กำแพงเพชร,9
2022,Nov,กำแพงเพชร,9
2022,Dec,กำแพงเพชร,9
2023,Jan,กำแพงเพชร,21
2023,Feb,กำแพงเพชร,21
2023,Mar,กำแพงเพชร,21
2023,Apr,กำแพงเพชร,21
2023,May,กำแพงเพชร,21
2023,Jun,กำแพงเพชร,21
2023,Jul,กำแพงเพชร,21
2023,Aug,กำแพงเพชร,21
2023,Sep,กำแพงเพชร,21
2023,Oct,กำแพงเพชร,21
2023,Nov,กำแพงเพชร,21
2023,Dec,กำแพงเพชร,21
2024,Jan,กำแพงเพชร,17
2024,Feb,กำแพงเพชร,17
2024,Mar,กำแพงเพชร,17
2024,Apr,กำแพงเพชร,17
2024,May,กำแพงเพชร,17
2024,Jun,กำแพงเพชร,17
2024,Jul,กำแพงเพชร,17
2024,Aug,กำแพงเพชร,17
2024,Sep,กำแพงเพชร,17
2024,Oct,กำแพงเพชร,17
2024,Nov,กำแพงเพชร,17
2024,Dec,กำแพงเพชร,17
2020,Jan,ขอนแก่น,50
2020,Feb,ขอนแก่น,50
2020,Mar,ขอนแก่น,50
2020,Apr,ขอนแก่น,50
2020,May,ขอนแก่น,50
2020,Jun,ขอนแก่น,50
2020,Jul,ขอนแก่น,50
2020,Aug,ขอนแก่น,50
2020,Sep,ขอนแก่น,50
2020,Oct,ขอนแก่น,50
2020,Nov,ขอนแก่น,50
2020,Dec,ขอนแก่น,50
2021,Jan,ขอนแก่น,50
2021,Feb,ขอนแก่น,50
2021,Mar,ขอนแก่น,50
2021,Apr,ขอนแก่น,50
2021,May,ขอนแก่น,50
2021,Jun,ขอนแก่น,50
2021,Jul,ขอนแก่น,50
2021,Aug,ขอนแก่น,50
2021,Sep,ขอนแก่น,50
2021,Oct,ขอนแก่น,50
2021,Nov,ขอนแก่น,50
2021,Dec,ขอนแก่น,50
2022,Jan,ขอนแก่น,33
2022,Feb,ขอนแก่น,33
2022,Mar,ขอนแก่น,33
2022,Apr,ขอนแก่น,33
2022,May,ขอนแก่น,33
2022,Jun,ขอนแก่น,33
2022,Jul,ขอนแก่น,33
2022,Aug,ขอนแก่น,33
2022,Sep,ขอนแก่น,33
2022,Oct,ขอนแก่น,33
2022,Nov,ขอนแก่น,33
2022,Dec,ขอนแก่น,33
2023,Jan,ขอนแก่น,28
2023,Feb,ขอนแก่น,28
2023,Mar,ขอนแก่น,28
2023,Apr,ขอนแก่น,28
2023,May,ขอนแก่น,28
2023,Jun,ขอนแก่น,28
2023,Jul,ขอนแก่น,28
2023,Aug,ขอนแก่น,28
2023,Sep,ขอนแก่น,28
2023,Oct,ขอนแก่น,28
2023,Nov,ขอนแก่น,28
2023,Dec,ขอนแก่น,28
2024,Jan,ขอนแก่น,33
2024,Feb,ขอนแก่น,33
2024,Mar,ขอนแก่น,33
2024,Apr,ขอนแก่น,33
2024,May,ขอนแก่น,33
2024,Jun,ขอนแก่น,33
2024,Jul,ขอนแก่น,33
2024,Aug,ขอนแก่น,33
2024,Sep,ขอนแก่น,33
2024,Oct,ขอนแก่น,33
2024,Nov,ขอนแก่น,33
2024,Dec,ขอนแก่น,33
2020,Jan,จันทบุรี,14
2020,Feb,จันทบุรี,14
2020,Mar,จันทบุรี,14
2020,Apr,จันทบุรี,14
2020,May,จันทบุรี,14
2020,Jun,จันทบุรี,14
2020,Jul,จันทบุรี,14
2020,Aug,จันทบุรี,14
2020,Sep,จันทบุรี,14
2020,Oct,จันทบุรี,14
2020,Nov,จันทบุรี,14
2020,Dec,จันทบุรี,14
2021,Jan,จันทบุรี,16
2021,Feb,จันทบุรี,16
2021,Mar,จันทบุรี,16
2021,Apr,จันทบุรี,16
2021,May,จันทบุรี,16
2021,Jun,จันทบุรี,16
2021,Jul,จันทบุรี,16
2021,Aug,จันทบุรี,16
2021,Sep,จันทบุรี,16
2021,Oct,จันทบุรี,16
2021,Nov,จันทบุรี,16
2021,Dec,จันทบุรี,16
2022,Jan,จันทบุรี,15
2022,Feb,จันทบุรี,15
2022,Mar,จันทบุรี,15
2022,Apr,จันทบุรี,15
2022,May,จันทบุรี,15
2022,Jun,จันทบุรี,15
2022,Jul,จันทบุรี,15
2022,Aug,จันทบุรี,15
2022,Sep,จันทบุรี,15
2022,Oct,จันทบุรี,15
2022,Nov,จันทบุรี,15
2022,Dec,จันทบุรี,15
2023,Jan,จันทบุรี,14
2023,Feb,จันทบุรี,14
2023,Mar,จันทบุรี,14
2023,Apr,จันทบุรี,14
2023,May,จันทบุรี,14
2023,Jun,จันทบุรี,14
2023,Jul,จันทบุรี,14
2023,Aug,จันทบุรี,14
2023,Sep,จันทบุรี,14
2023,Oct,จันทบุรี,14
2023,Nov,จันทบุรี,14
2023,Dec,จันทบุรี,14
2024,Jan,จันทบุรี,10
2024,Feb,จันทบุรี,10
2024,Mar,จันทบุรี,10
2024,Apr,จันทบุรี,10
2024,May,จันทบุรี,10
2024,Jun,จันทบุรี,10
2024,Jul,จันทบุรี,10
2024,Aug,จันทบุรี,10
2024,Sep,จันทบุรี,10
2024,Oct,จันทบุรี,10
2024,Nov,จันทบุรี,10
2024,Dec,จันทบุรี,10
2020,Jan,ฉะเชิงเทรา,112
2020,Feb,ฉะเชิงเทรา,112
2020,Mar,ฉะเชิงเทรา,112
2020,Apr,ฉะเชิงเทรา,112
2020,May,ฉะเชิงเทรา,112
2020,Jun,ฉะเชิงเทรา,112
2020,Jul,ฉะเชิงเทรา,112
2020,Aug,ฉะเชิงเทรา,112
2020,Sep,ฉะเชิงเทรา,112
2020,Oct,ฉะเชิงเทรา,112
2020,Nov,ฉะเชิงเทรา,112
2020,Dec,ฉะเชิงเทรา,112
2021,Jan,ฉะเชิงเทรา,83
2021,Feb,ฉะเชิงเทรา,83
2021,Mar,ฉะเชิงเทรา,83
2021,Apr,ฉะเชิงเทรา,83
2021,May,ฉะเชิงเทรา,83
2021,Jun,ฉะเชิงเทรา,83
2021,Jul,ฉะเชิงเทรา,83
2021,Aug,ฉะเชิงเทรา,83
2021,Sep,ฉะเชิงเทรา,83
2021,Oct,ฉะเชิงเทรา,83
2021,Nov,ฉะเชิงเทรา,83
2021,Dec,ฉะเชิงเทรา,83
2022,Jan,ฉะเชิงเทรา,64
2022,Feb,ฉะเชิงเทรา,64
2022,Mar,ฉะเชิงเทรา,64
2022,Apr,ฉะเชิงเทรา,64
2022,May,ฉะเชิงเทรา,64
2022,Jun,ฉะเชิงเทรา,64
2022,Jul,ฉะเชิงเทรา,64
2022,Aug,ฉะเชิงเทรา,64
2022,Sep,ฉะเชิงเทรา,64
2022,Oct,ฉะเชิงเทรา,64
2022,Nov,ฉะเชิงเทรา,64
2022,Dec,ฉะเชิงเทรา,64
2023,Jan,ฉะเชิงเทรา,66
2023,Feb,ฉะเชิงเทรา,66
2023,Mar,ฉะเชิงเทรา,66
2023,Apr,ฉะเชิงเทรา,66
2023,May,ฉะเชิงเทรา,66
2023,Jun,ฉะเชิงเทรา,66
2023,Jul,ฉะเชิงเทรา,66
2023,Aug,ฉะเชิงเทรา,66
2023,Sep,ฉะเชิงเทรา,66
2023,Oct,ฉะเชิงเทรา,66
2023,Nov,ฉะเชิงเทรา,66
2023,Dec,ฉะเชิงเทรา,66
2024,Jan,ฉะเชิงเทรา,71
2024,Feb,ฉะเชิงเทรา,71
2024,Mar,ฉะเชิงเทรา,71
2024,Apr,ฉะเชิงเทรา,71
2024,May,ฉะเชิงเทรา,71
2024,Jun,ฉะเชิงเทรา,71
2024,Jul,ฉะเชิงเทรา,71
2024,Aug,ฉะเชิงเทรา,71
2024,Sep,ฉะเชิงเทรา,71
2024,Oct,ฉะเชิงเทรา,71
2024,Nov,ฉะเชิงเทรา,71
2024,Dec,ฉะเชิงเทรา,71
2020,Jan,ชลบุรี,251
2020,Feb,ชลบุรี,251
2020,Mar,ชลบุรี,251
2020,Apr,ชลบุรี,251
2020,May,ชลบุรี,251
2020,Jun,ชลบุรี,251
2020,Jul,ชลบุรี,251
2020,Aug,ชลบุรี,251
2020,Sep,ชลบุรี,251
2020,Oct,ชลบุรี,251
2020,Nov,ชลบุรี,251
2020,Dec,ชลบุรี,251
2021,Jan,ชลบุรี,223
2021,Feb,ชลบุรี,223
2021,Mar,ชลบุรี,223
2021,Apr,ชลบุรี,223
2021,May,ชลบุรี,223
2021,Jun,ชลบุรี,223
2021,Jul,ชลบุรี,223
2021,Aug,ชลบุรี,223
2021,Sep,ชลบุรี,223
2021,Oct,ชลบุรี,223
2021,Nov,ชลบุรี,223
2021,Dec,ชลบุรี,223
2022,Jan,ชลบุรี,179
2022,Feb,ชลบุรี,179
2022,Mar,ชลบุรี,179
2022,Apr,ชลบุรี,179
2022,May,ชลบุรี,179
2022,Jun,ชลบุรี,179
2022,Jul,ชลบุรี,179
2022,Aug,ชลบุรี,179
2022,Sep,ชลบุรี,179
2022,Oct,ชลบุรี,179
2022,Nov,ชลบุรี,179
2022,Dec,ชลบุรี,179
2023,Jan,ชลบุรี,200
2023,Feb,ชลบุรี,200
2023,Mar,ชลบุรี,200
2023,Apr,ชลบุรี,200
2023,May,ชลบุรี,200
2023,Jun,ชลบุรี,200
2023,Jul,ชลบุรี,200
2023,Aug,ชลบุรี,200
2023,Sep,ชลบุรี,200
2023,Oct,ชลบุรี,200
2023,Nov,ชลบุรี,200
2023,Dec,ชลบุรี,200
2024,Jan,ชลบุรี,243
2024,Feb,ชลบุรี,243
2024,Mar,ชลบุรี,243
2024,Apr,ชลบุรี,243
2024,May,ชลบุรี,243
2024,Jun,ชลบุรี,243
2024,Jul,ชลบุรี,243
2024,Aug,ชลบุรี,243
2024,Sep,ชลบุรี,243
2024,Oct,ชลบุรี,243
2024,Nov,ชลบุรี,243
2024,Dec,ชลบุรี,243
2020,Jan,ชัยนาท,14
2020,Feb,ชัยนาท,14
2020,Mar,ชัยนาท,14
2020,Apr,ชัยนาท,14
2020,May,ชัยนาท,14
2020,Jun,ชัยนาท,14
2020,Jul,ชัยนาท,14
2020,Aug,ชัยนาท,14
2020,Sep,ชัยนาท,14
2020,Oct,ชัยนาท,14
2020,Nov,ชัยนาท,14
2020,Dec,ชัยนาท,14
2021,Jan,ชัยนาท,14
2021,Feb,ชัยนาท,14
2021,Mar,ชัยนาท,14
2021,Apr,ชัยนาท,14
2021,May,ชัยนาท,14
2021,Jun,ชัยนาท,14
2021,Jul,ชัยนาท,14
2021,Aug,ชัยนาท,14
2021,Sep,ชัยนาท,14
2021,Oct,ชัยนาท,14
2021,Nov,ชัยนาท,14
2021,Dec,ชัยนาท,14
2022,Jan,ชัยนาท,14
2022,Feb,ชัยนาท,14
2022,Mar,ชัยนาท,14
2022,Apr,ชัยนาท,14
2022,May,ชัยนาท,14
2022,Jun,ชัยนาท,14
2022,Jul,ชัยนาท,14
2022,Aug,ชัยนาท,14
2022,Sep,ชัยนาท,14
2022,Oct,ชัยนาท,14
2022,Nov,ชัยนาท,14
2022,Dec,ชัยนาท,14
2023,Jan,ชัยนาท,9
2023,Feb,ชัยนาท,9
2023,Mar,ชัยนาท,9
2023,Apr,ชัยนาท,9
2023,May,ชัยนาท,9
2023,Jun,ชัยนาท,9
2023,Jul,ชัยนาท,9
2023,Aug,ชัยนาท,9
2023,Sep,ชัยนาท,9
2023,Oct,ชัยนาท,9
2023,Nov,ชัยนาท,9
2023,Dec,ชัยนาท,9
2024,Jan,ชัยนาท,10
2024,Feb,ชัยนาท,10
2024,Mar,ชัยนาท,10
2024,Apr,ชัยนาท,10
2024,May,ชัยนาท,10
2024,Jun,ชัยนาท,10
2024,Jul,ชัยนาท,10
2024,Aug,ชัยนาท,10
2024,Sep,ชัยนาท,10
2024,Oct,ชัยนาท,10
2024,Nov,ชัยนาท,10
2024,Dec,ชัยนาท,10
2020,Jan,ชัยภูมิ,11
2020,Feb,ชัยภูมิ,11
2020,Mar,ชัยภูมิ,11
2020,Apr,ชัยภูมิ,11
2020,May,ชัยภูมิ,11
2020,Jun,ชัยภูมิ,11
2020,Jul,ชัยภูมิ,11
2020,Aug,ชัยภูมิ,11
2020,Sep,ชัยภูมิ,11
2020,Oct,ชัยภูมิ,11
2020,Nov,ชัยภูมิ,11
2020,Dec,ชัยภูมิ,11
2021,Jan,ชัยภูมิ,12
2021,Feb,ชัยภูมิ,12
2021,Mar,ชัยภูมิ,12
2021,Apr,ชัยภูมิ,12
2021,May,ชัยภูมิ,12
2021,Jun,ชัยภูมิ,12
2021,Jul,ชัยภูมิ,12
2021,Aug,ชัยภูมิ,12
2021,Sep,ชัยภูมิ,12
2021,Oct,ชัยภูมิ,12
2021,Nov,ชัยภูมิ,12
2021,Dec,ชัยภูมิ,12
2022,Jan,ชัยภูมิ,12
2022,Feb,ชัยภูมิ,12
2022,Mar,ชัยภูมิ,12
2022,Apr,ชัยภูมิ,12
2022,May,ชัยภูมิ,12
2022,Jun,ชัยภูมิ,12
2022,Jul,ชัยภูมิ,12
2022,Aug,ชัยภูมิ,12
2022,Sep,ชัยภูมิ,12
2022,Oct,ชัยภูมิ,12
2022,Nov,ชัยภูมิ,12
2022,Dec,ชัยภูมิ,12
2023,Jan,ชัยภูมิ,16
2023,Feb,ชัยภูมิ,16
2023,Mar,ชัยภูมิ,16
2023,Apr,ชัยภูมิ,16
2023,May,ชัยภูมิ,16
2023,Jun,ชัยภูมิ,16
2023,Jul,ชัยภูมิ,16
2023,Aug,ชัยภูมิ,16
2023,Sep,ชัยภูมิ,16
2023,Oct,ชัยภูมิ,16
2023,Nov,ชัยภูมิ,16
2023,Dec,ชัยภูมิ,16
2024,Jan,ชัยภูมิ,4
2024,Feb,ชัยภูมิ,4
2024,Mar,ชัยภูมิ,4
2024,Apr,ชัยภูมิ,4
2024,May,ชัยภูมิ,4
2024,Jun,ชัยภูมิ,4
2024,Jul,ชัยภูมิ,4
2024,Aug,ชัยภูมิ,4
2024,Sep,ชัยภูมิ,4
2024,Oct,ชัยภูมิ,4
2024,Nov,ชัยภูมิ,4
2024,Dec,ชัยภูมิ,4
2020,Jan,ชุมพร,41
2020,Feb,ชุมพร,41
2020,Mar,ชุมพร,41
2020,Apr,ชุมพร,41
2020,May,ชุมพร,41
2020,Jun,ชุมพร,41
2020,Jul,ชุมพร,41
2020,Aug,ชุมพร,41
2020,Sep,ชุมพร,41
2020,Oct,ชุมพร,41
2020,Nov,ชุมพร,41
2020,Dec,ชุมพร,41
2021,Jan,ชุมพร,31
2021,Feb,ชุมพร,31
2021,Mar,ชุมพร,31
2021,Apr,ชุมพร,31
2021,May,ชุมพร,31
2021,Jun,ชุมพร,31
2021,Jul,ชุมพร,31
2021,Aug,ชุมพร,31
2021,Sep,ชุมพร,31
2021,Oct,ชุมพร,31
2021,Nov,ชุมพร,31
2021,Dec,ชุมพร,31
2022,Jan,ชุมพร,36
2022,Feb,ชุมพร,36
2022,Mar,ชุมพร,36
2022,Apr,ชุมพร,36
2022,May,ชุมพร,36
2022,Jun,ชุมพร,36
2022,Jul,ชุมพร,36
2022,Aug,ชุมพร,36
2022,Sep,ชุมพร,36
2022,Oct,ชุมพร,36
2022,Nov,ชุมพร,36
2022,Dec,ชุมพร,36
2023,Jan,ชุมพร,33
2023,Feb,ชุมพร,33
2023,Mar,ชุมพร,33
2023,Apr,ชุมพร,33
2023,May,ชุมพร,33
2023,Jun,ชุมพร,33
2023,Jul,ชุมพร,33
2023,Aug,ชุมพร,33
2023,Sep,ชุมพร,33
2023,Oct,ชุมพร,33
2023,Nov,ชุมพร,33
2023,Dec,ชุมพร,33
2024,Jan,ชุมพร,24
2024,Feb,ชุมพร,24
2024,Mar,ชุมพร,24
2024,Apr,ชุมพร,24
2024,May,ชุมพร,24
2024,Jun,ชุมพร,24
2024,Jul,ชุมพร,24
2024,Aug,ชุมพร,24
2024,Sep,ชุมพร,24
2024,Oct,ชุมพร,24
2024,Nov,ชุมพร,24
2024,Dec,ชุมพร,24
2020,Jan,ตรัง,27
2020,Feb,ตรัง,27
2020,Mar,ตรัง,27
2020,Apr,ตรัง,27
2020,May,ตรัง,27
2020,Jun,ตรัง,27
2020,Jul,ตรัง,27
2020,Aug,ตรัง,27
2020,Sep,ตรัง,27
2020,Oct,ตรัง,27
2020,Nov,ตรัง,27
2020,Dec,ตรัง,27
2021,Jan,ตรัง,12
2021,Feb,ตรัง,12
2021,Mar,ตรัง,12
2021,Apr,ตรัง,12
2021,May,ตรัง,12
2021,Jun,ตรัง,12
2021,Jul,ตรัง,12
2021,Aug,ตรัง,12
2021,Sep,ตรัง,12
2021,Oct,ตรัง,12
2021,Nov,ตรัง,12
2021,Dec,ตรัง,12
2022,Jan,ตรัง,20
2022,Feb,ตรัง,20
2022,Mar,ตรัง,20
2022,Apr,ตรัง,20
2022,May,ตรัง,20
2022,Jun,ตรัง,20
2022,Jul,ตรัง,20
2022,Aug,ตรัง,20
2022,Sep,ตรัง,20
2022,Oct,ตรัง,20
2022,Nov,ตรัง,20
2022,Dec,ตรัง,20
2023,Jan,ตรัง,21
2023,Feb,ตรัง,21
2023,Mar,ตรัง,21
2023,Apr,ตรัง,21
2023,May,ตรัง,21
2023,Jun,ตรัง,21
2023,Jul,ตรัง,21
2023,Aug,ตรัง,21
2023,Sep,ตรัง,21
2023,Oct,ตรัง,21
2023,Nov,ตรัง,21
2023,Dec,ตรัง,21
2024,Jan,ตรัง,13
2024,Feb,ตรัง,13
2024,Mar,ตรัง,13
2024,Apr,ตรัง,13
2024,May,ตรัง,13
2024,Jun,ตรัง,13
2024,Jul,ตรัง,13
2024,Aug,ตรัง,13
2024,Sep,ตรัง,13
2024,Oct,ตรัง,13
2024,Nov,ตรัง,13
2024,Dec,ตรัง,13
2020,Jan,ตราด,10
2020,Feb,ตราด,10
2020,Mar,ตราด,10
2020,Apr,ตราด,10
2020,May,ตราด,10
2020,Jun,ตราด,10
2020,Jul,ตราด,10
2020,Aug,ตราด,10
2020,Sep,ตราด,10
2020,Oct,ตราด,10
2020,Nov,ตราด,10
2020,Dec,ตราด,10
2021,Jan,ตราด,8
2021,Feb,ตราด,8
2021,Mar,ตราด,8
2021,Apr,ตราด,8
2021,May,ตราด,8
2021,Jun,ตราด,8
2021,Jul,ตราด,8
2021,Aug,ตราด,8
2021,Sep,ตราด,8
2021,Oct,ตราด,8
2021,Nov,ตราด,8
2021,Dec,ตราด,8
2022,Jan,ตราด,17
2022,Feb,ตราด,17
2022,Mar,ตราด,17
2022,Apr,ตราด,17
2022,May,ตราด,17
2022,Jun,ตราด,17
2022,Jul,ตราด,17
2022,Aug,ตราด,17
2022,Sep,ตราด,17
2022,Oct,ตราด,17
2022,Nov,ตราด,17
2022,Dec,ตราด,17
2023,Jan,ตราด,4
2023,Feb,ตราด,4
2023,Mar,ตราด,4
2023,Apr,ตราด,4
2023,May,ตราด,4
2023,Jun,ตราด,4
2023,Jul,ตราด,4
2023,Aug,ตราด,4
2023,Sep,ตราด,4
2023,Oct,ตราด,4
2023,Nov,ตราด,4
2023,Dec,ตราด,4
2024,Jan,ตราด,3
2024,Feb,ตราด,3
2024,Mar,ตราด,3
2024,Apr,ตราด,3
2024,May,ตราด,3
2024,Jun,ตราด,3
2024,Jul,ตราด,3
2024,Aug,ตราด,3
2024,Sep,ตราด,3
2024,Oct,ตราด,3
2024,Nov,ตราด,3
2024,Dec,ตราด,3
2020,Jan,ตาก,14
2020,Feb,ตาก,14
2020,Mar,ตาก,14
2020,Apr,ตาก,14
2020,May,ตาก,14
2020,Jun,ตาก,14
2020,Jul,ตาก,14
2020,Aug,ตาก,14
2020,Sep,ตาก,14
2020,Oct,ตาก,14
2020,Nov,ตาก,14
2020,Dec,ตาก,14
2021,Jan,ตาก,4
2021,Feb,ตาก,4
2021,Mar,ตาก,4
2021,Apr,ตาก,4
2021,May,ตาก,4
2021,Jun,ตาก,4
2021,Jul,ตาก,4
2021,Aug,ตาก,4
2021,Sep,ตาก,4
2021,Oct,ตาก,4
2021,Nov,ตาก,4
2021,Dec,ตาก,4
2022,Jan,ตาก,6
2022,Feb,ตาก,6
2022,Mar,ตาก,6
2022,Apr,ตาก,6
2022,May,ตาก,6
2022,Jun,ตาก,6
2022,Jul,ตาก,6
2022,Aug,ตาก,6
2022,Sep,ตาก,6
2022,Oct,ตาก,6
2022,Nov,ตาก,6
2022,Dec,ตาก,6
2023,Jan,ตาก,10
2023,Feb,ตาก,10
2023,Mar,ตาก,10
2023,Apr,ตาก,10
2023,May,ตาก,10
2023,Jun,ตาก,10
2023,Jul,ตาก,10
2023,Aug,ตาก,10
2023,Sep,ตาก,10
2023,Oct,ตาก,10
2023,Nov,ตาก,10
2023,Dec,ตาก,10
2024,Jan,ตาก,8
2024,Feb,ตาก,8
2024,Mar,ตาก,8
2024,Apr,ตาก,8
2024,May,ตาก,8
2024,Jun,ตาก,8
2024,Jul,ตาก,8
2024,Aug,ตาก,8
2024,Sep,ตาก,8
2024,Oct,ตาก,8
2024,Nov,ตาก,8
2024,Dec,ตาก,8
2020,Jan,นครนายก,2
2020,Feb,นครนายก,2
2020,Mar,นครนายก,2
2020,Apr,นครนายก,2
2020,May,นครนายก,2
2020,Jun,นครนายก,2
2020,Jul,นครนายก,2
2020,Aug,นครนายก,2
2020,Sep,นครนายก,2
2020,Oct,นครนายก,2
2020,Nov,นครนายก,2
2020,Dec,นครนายก,2
2021,Jan,นครนายก,1
2021,Feb,นครนายก,1
2021,Mar,นครนายก,1
2021,Apr,นครนายก,1
2021,May,นครนายก,1
2021,Jun,นครนายก,1
2021,Jul,นครนายก,1
2021,Aug,นครนายก,1
2021,Sep,นครนายก,1
2021,Oct,นครนายก,1
2021,Nov,นครนายก,1
2021,Dec,นครนายก,1
2022,Jan,นครนายก,0
2022,Feb,นครนายก,0
2022,Mar,นครนายก,0
2022,Apr,นครนายก,0
2022,May,นครนายก,0
2022,Jun,นครนายก,0
2022,Jul,นครนายก,0
2022,Aug,นครนายก,0
2022,Sep,นครนายก,0
2022,Oct,นครนายก,0
2022,Nov,นครนายก,0
2022,Dec,นครนายก,0
2023,Jan,นครนายก,2
2023,Feb,นครนายก,2
2023,Mar,นครนายก,2
2023,Apr,นครนายก,2
2023,May,นครนายก,2
2023,Jun,นครนายก,2
2023,Jul,นครนายก,2
2023,Aug,นครนายก,2
2023,Sep,นครนายก,2
2023,Oct,นครนายก,2
2023,Nov,นครนายก,2
2023,Dec,นครนายก,2
2024,Jan,นครนายก,4
2024,Feb,นครนายก,4
2024,Mar,นครนายก,4
2024,Apr,นครนายก,4
2024,May,นครนายก,4
2024,Jun,นครนายก,4
2024,Jul,นครนายก,4
2024,Aug,นครนายก,4
2024,Sep,นครนายก,4
2024,Oct,นครนายก,4
2024,Nov,นครนายก,4
2024,Dec,นครนายก,4
2020,Jan,นครปฐม,116
2020,Feb,นครปฐม,116
2020,Mar,นครปฐม,116
2020,Apr,นครปฐม,116
2020,May,นครปฐม,116
2020,Jun,นครปฐม,116
2020,Jul,นครปฐม,116
2020,Aug,นครปฐม,116
2020,Sep,นครปฐม,116
2020,Oct,นครปฐม,116
2020,Nov,นครปฐม,116
2020,Dec,นครปฐม,116
2021,Jan,นครปฐม,122
2021,Feb,นครปฐม,122
2021,Mar,นครปฐม,122
2021,Apr,นครปฐม,122
2021,May,นครปฐม,122
2021,Jun,นครปฐม,122
2021,Jul,นครปฐม,122
2021,Aug,นครปฐม,122
2021,Sep,นครปฐม,122
2021,Oct,นครปฐม,122
2021,Nov,นครปฐม,122
2021,Dec,นครปฐม,122
2022,Jan,นครปฐม,69
2022,Feb,นครปฐม,69
2022,Mar,นครปฐม,69
2022,Apr,นครปฐม,69
2022,May,นครปฐม,69
2022,Jun,นครปฐม,69
2022,Jul,นครปฐม,69
2022,Aug,นครปฐม,69
2022,Sep,นครปฐม,69
2022,Oct,นครปฐม,69
2022,Nov,นครปฐม,69
2022,Dec,นครปฐม,69
2023,Jan,นครปฐม,75
2023,Feb,นครปฐม,75
2023,Mar,นครปฐม,75
2023,Apr,นครปฐม,75
2023,May,นครปฐม,75
2023,Jun,นครปฐม,75
2023,Jul,นครปฐม,75
2023,Aug,นครปฐม,75
2023,Sep,นครปฐม,75
2023,Oct,นครปฐม,75
2023,Nov,นครปฐม,75
2023,Dec,นครปฐม,75
2024,Jan,นครปฐม,86
2024,Feb,นครปฐม,86
2024,Mar,นครปฐม,86
2024,Apr,นครปฐม,86
2024,May,นครปฐม,86
2024,Jun,นครปฐม,86
2024,Jul,นครปฐม,86
2024,Aug,นครปฐม,86
2024,Sep,นครปฐม,86
2024,Oct,นครปฐม,86
2024,Nov,นครปฐม,86
2024,Dec,นครปฐม,86
2020,Jan,นครพนม,12
2020,Feb,นครพนม,12
2020,Mar,นครพนม,12
2020,Apr,นครพนม,12
2020,May,นครพนม,12
2020,Jun,นครพนม,12
2020,Jul,นครพนม,12
2020,Aug,นครพนม,12
2020,Sep,นครพนม,12
2020,Oct,นครพนม,12
2020,Nov,นครพนม,12
2020,Dec,นครพนม,12
2021,Jan,นครพนม,23
2021,Feb,นครพนม,23
2021,Mar,นครพนม,23
2021,Apr,นครพนม,23
2021,May,นครพนม,23
2021,Jun,นครพนม,23
2021,Jul,นครพนม,23
2021,Aug,นครพนม,23
2021,Sep,นครพนม,23
2021,Oct,นครพนม,23
2021,Nov,นครพนม,23
2021,Dec,นครพนม,23
2022,Jan,นครพนม,7
2022,Feb,นครพนม,7
2022,Mar,นครพนม,7
2022,Apr,นครพนม,7
2022,May,นครพนม,7
2022,Jun,นครพนม,7
2022,Jul,นครพนม,7
2022,Aug,นครพนม,7
2022,Sep,นครพนม,7
2022,Oct,นครพนม,7
2022,Nov,นครพนม,7
2022,Dec,นครพนม,7
2023,Jan,นครพนม,7
2023,Feb,นครพนม,7
2023,Mar,นครพนม,7
2023,Apr,นครพนม,7
2023,May,นครพนม,7
2023,Jun,นครพนม,7
2023,Jul,นครพนม,7
2023,Aug,นครพนม,7
2023,Sep,นครพนม,7
2023,Oct,นครพนม,7
2023,Nov,นครพนม,7
2023,Dec,นครพนม,7
2024,Jan,นครพนม,11
2024,Feb,นครพนม,11
2024,Mar,นครพนม,11
2024,Apr,นครพนม,11
2024,May,นครพนม,11
2024,Jun,นครพนม,11
2024,Jul,นครพนม,11
2024,Aug,นครพนม,11
2024,Sep,นครพนม,11
2024,Oct,นครพนม,11
2024,Nov,นครพนม,11
2024,Dec,นครพนม,11
2020,Jan,นครราชสีมา,73
2020,Feb,นครราชสีมา,73
2020,Mar,นครราชสีมา,73
2020,Apr,นครราชสีมา,73
2020,May,นครราชสีมา,73
2020,Jun,นครราชสีมา,73
2020,Jul,นครราชสีมา,73
2020,Aug,นครราชสีมา,73
2020,Sep,นครราชสีมา,73
2020,Oct,นครราชสีมา,73
2020,Nov,นครราชสีมา,73
2020,Dec,นครราชสีมา,73
2021,Jan,นครราชสีมา,70
2021,Feb,นครราชสีมา,70
2021,Mar,นครราชสีมา,70
2021,Apr,นครราชสีมา,70
2021,May,นครราชสีมา,70
2021,Jun,นครราชสีมา,70
2021,Jul,นครราชสีมา,70
2021,Aug,นครราชสีมา,70
2021,Sep,นครราชสีมา,70
2021,Oct,นครราชสีมา,70
2021,Nov,นครราชสีมา,70
2021,Dec,นครราชสีมา,70
2022,Jan,นครราชสีมา,56
2022,Feb,นครราชสีมา,56
2022,Mar,นครราชสีมา,56
2022,Apr,นครราชสีมา,56
2022,May,นครราชสีมา,56
2022,Jun,นครราชสีมา,56
2022,Jul,นครราชสีมา,56
2022,Aug,นครราชสีมา,56
2022,Sep,นครราชสีมา,56
2022,Oct,นครราชสีมา,56
2022,Nov,นครราชสีมา,56
2022,Dec,นครราชสีมา,56
2023,Jan,นครราชสีมา,32
2023,Feb,นครราชสีมา,32
2023,Mar,นครราชสีมา,32
2023,Apr,นครราชสีมา,32
2023,May,นครราชสีมา,32
2023,Jun,นครราชสีมา,32
2023,Jul,นครราชสีมา,32
2023,Aug,นครราชสีมา,32
2023,Sep,นครราชสีมา,32
2023,Oct,นครราชสีมา,32
2023,Nov,นครราชสีมา,32
2023,Dec,นครราชสีมา,32
2024,Jan,นครราชสีมา,40
2024,Feb,นครราชสีมา,40
2024,Mar,นครราชสีมา,40
2024,Apr,นครราชสีมา,40
2024,May,นครราชสีมา,40
2024,Jun,นครราชสีมา,40
2024,Jul,นครราชสีมา,40
2024,Aug,นครราชสีมา,40
2024,Sep,นครราชสีมา,40
2024,Oct,นครราชสีมา,40
2024,Nov,นครราชสีมา,40
2024,Dec,นครราชสีมา,40
2020,Jan,นครศรีธรรมราช,42
2020,Feb,นครศรีธรรมราช,42
2020,Mar,นครศรีธรรมราช,42
2020,Apr,นครศรีธรรมราช,42
2020,May,นครศรีธรรมราช,42
2020,Jun,นครศรีธรรมราช,42
2020,Jul,นครศรีธรรมราช,42
2020,Aug,นครศรีธรรมราช,42
2020,Sep,นครศรีธรรมราช,42
2020,Oct,นครศรีธรรมราช,42
2020,Nov,นครศรีธรรมราช,42
2020,Dec,นครศรีธรรมราช,42
2021,Jan,นครศรีธรรมราช,29
2021,Feb,นครศรีธรรมราช,29
2021,Mar,นครศรีธรรมราช,29
2021,Apr,นครศรีธรรมราช,29
2021,May,นครศรีธรรมราช,29
2021,Jun,นครศรีธรรมราช,29
2021,Jul,นครศรีธรรมราช,29
2021,Aug,นครศรีธรรมราช,29
2021,Sep,นครศรีธรรมราช,29
2021,Oct,นครศรีธรรมราช,29
2021,Nov,นครศรีธรรมราช,29
2021,Dec,นครศรีธรรมราช,29
2022,Jan,นครศรีธรรมราช,23
2022,Feb,นครศรีธรรมราช,23
2022,Mar,นครศรีธรรมราช,23
2022,Apr,นครศรีธรรมราช,23
2022,May,นครศรีธรรมราช,23
2022,Jun,นครศรีธรรมราช,23
2022,Jul,นครศรีธรรมราช,23
2022,Aug,นครศรีธรรมราช,23
2022,Sep,นครศรีธรรมราช,23
2022,Oct,นครศรีธรรมราช,23
2022,Nov,นครศรีธรรมราช,23
2022,Dec,นครศรีธรรมราช,23
2023,Jan,นครศรีธรรมราช,24
2023,Feb,นครศรีธรรมราช,24
2023,Mar,นครศรีธรรมราช,24
2023,Apr,นครศรีธรรมราช,24
2023,May,นครศรีธรรมราช,24
2023,Jun,นครศรีธรรมราช,24
2023,Jul,นครศรีธรรมราช,24
2023,Aug,นครศรีธรรมราช,24
2023,Sep,นครศรีธรรมราช,24
2023,Oct,นครศรีธรรมราช,24
2023,Nov,นครศรีธรรมราช,24
2023,Dec,นครศรีธรรมราช,24
2024,Jan,นครศรีธรรมราช,29
2024,Feb,นครศรีธรรมราช,29
2024,Mar,นครศรีธรรมราช,29
2024,Apr,นครศรีธรรมราช,29
2024,May,นครศรีธรรมราช,29
2024,Jun,นครศรีธรรมราช,29
2024,Jul,นครศรีธรรมราช,29
2024,Aug,นครศรีธรรมราช,29
2024,Sep,นครศรีธรรมราช,29
2024,Oct,นครศรีธรรมราช,29
2024,Nov,นครศรีธรรมราช,29
2024,Dec,นครศรีธรรมราช,29
2020,Jan,นครสวรรค์,30
2020,Feb,นครสวรรค์,30
2020,Mar,นครสวรรค์,30
2020,Apr,นครสวรรค์,30
2020,May,นครสวรรค์,30
2020,Jun,นครสวรรค์,30
2020,Jul,นครสวรรค์,30
2020,Aug,นครสวรรค์,30
2020,Sep,นครสวรรค์,30
2020,Oct,นครสวรรค์,30
2020,Nov,นครสวรรค์,30
2020,Dec,นครสวรรค์,30
2021,Jan,นครสวรรค์,26
2021,Feb,นครสวรรค์,26
2021,Mar,นครสวรรค์,26
2021,Apr,นครสวรรค์,26
2021,May,นครสวรรค์,26
2021,Jun,นครสวรรค์,26
2021,Jul,นครสวรรค์,26
2021,Aug,นครสวรรค์,26
2021,Sep,นครสวรรค์,26
2021,Oct,นครสวรรค์,26
2021,Nov,นครสวรรค์,26
2021,Dec,นครสวรรค์,26
2022,Jan,นครสวรรค์,28
2022,Feb,นครสวรรค์,28
2022,Mar,นครสวรรค์,28
2022,Apr,นครสวรรค์,28
2022,May,นครสวรรค์,28
2022,Jun,นครสวรรค์,28
2022,Jul,นครสวรรค์,28
2022,Aug,นครสวรรค์,28
2022,Sep,นครสวรรค์,28
2022,Oct,นครสวรรค์,28
2022,Nov,นครสวรรค์,28
2022,Dec,นครสวรรค์,28
2023,Jan,นครสวรรค์,22
2023,Feb,นครสวรรค์,22
2023,Mar,นครสวรรค์,22
2023,Apr,นครสวรรค์,22
2023,May,นครสวรรค์,22
2023,Jun,นครสวรรค์,22
2023,Jul,นครสวรรค์,22
2023,Aug,นครสวรรค์,22
2023,Sep,นครสวรรค์,22
2023,Oct,นครสวรรค์,22
2023,Nov,นครสวรรค์,22
2023,Dec,นครสวรรค์,22
2024,Jan,นครสวรรค์,10
2024,Feb,นครสวรรค์,10
2024,Mar,นครสวรรค์,10
2024,Apr,นครสวรรค์,10
2024,May,นครสวรรค์,10
2024,Jun,นครสวรรค์,10
2024,Jul,นครสวรรค์,10
2024,Aug,นครสวรรค์,10
2024,Sep,นครสวรรค์,10
2024,Oct,นครสวรรค์,10
2024,Nov,นครสวรรค์,10
2024,Dec,นครสวรรค์,10
2020,Jan,นนทบุรี,35
2020,Feb,นนทบุรี,35
2020,Mar,นนทบุรี,35
2020,Apr,นนทบุรี,35
2020,May,นนทบุรี,35
2020,Jun,นนทบุรี,35
2020,Jul,นนทบุรี,35
2020,Aug,นนทบุรี,35
2020,Sep,นนทบุรี,35
2020,Oct,นนทบุรี,35
2020,Nov,นนทบุรี,35
2020,Dec,นนทบุรี,35
2021,Jan,นนทบุรี,54
2021,Feb,นนทบุรี,54
2021,Mar,นนทบุรี,54
2021,Apr,นนทบุรี,54
2021,May,นนทบุรี,54
2021,Jun,นนทบุรี,54
2021,Jul,นนทบุรี,54
2021,Aug,นนทบุรี,54
2021,Sep,นนทบุรี,54
2021,Oct,นนทบุรี,54
2021,Nov,นนทบุรี,54
2021,Dec,นนทบุรี,54
2022,Jan,นนทบุรี,37
2022,Feb,นนทบุรี,37
2022,Mar,นนทบุรี,37
2022,Apr,นนทบุรี,37
2022,May,นนทบุรี,37
2022,Jun,นนทบุรี,37
2022,Jul,นนทบุรี,37
2022,Aug,นนทบุรี,37
2022,Sep,นนทบุรี,37
2022,Oct,นนทบุรี,37
2022,Nov,นนทบุรี,37
2022,Dec,นนทบุรี,37
2023,Jan,นนทบุรี,55
2023,Feb,นนทบุรี,55
2023,Mar,นนทบุรี,55
2023,Apr,นนทบุรี,55
2023,May,นนทบุรี,55
2023,Jun,นนทบุรี,55
2023,Jul,นนทบุรี,55
2023,Aug,นนทบุรี,55
2023,Sep,นนทบุรี,55
2023,Oct,นนทบุรี,55
2023,Nov,นนทบุรี,55
2023,Dec,นนทบุรี,55
2024,Jan,นนทบุรี,31
2024,Feb,นนทบุรี,31
2024,Mar,นนทบุรี,31
2024,Apr,นนทบุรี,31
2024,May,นนทบุรี,31
2024,Jun,นนทบุรี,31
2024,Jul,นนทบุรี,31
2024,Aug,นนทบุรี,31
2024,Sep,นนทบุรี,31
2024,Oct,นนทบุรี,31
2024,Nov,นนทบุรี,31
2024,Dec,นนทบุรี,31
2020,Jan,นราธิวาส,2
2020,Feb,นราธิวาส,2
2020,Mar,นราธิวาส,2
2020,Apr,นราธิวาส,2
2020,May,นราธิวาส,2
2020,Jun,นราธิวาส,2
2020,Jul,นราธิวาส,2
2020,Aug,นราธิวาส,2
2020,Sep,นราธิวาส,2
2020,Oct,นราธิวาส,2
2020,Nov,นราธิวาส,2
2020,Dec,นราธิวาส,2
2021,Jan,นราธิวาส,8
2021,Feb,นราธิวาส,8
2021,Mar,นราธิวาส,8
2021,Apr,นราธิวาส,8
2021,May,นราธิวาส,8
2021,Jun,นราธิวาส,8
2021,Jul,นราธิวาส,8
2021,Aug,นราธิวาส,8
2021,Sep,นราธิวาส,8
2021,Oct,นราธิวาส,8
2021,Nov,นราธิวาส,8
2021,Dec,นราธิวาส,8
2022,Jan,นราธิวาส,11
2022,Feb,นราธิวาส,11
2022,Mar,นราธิวาส,11
2022,Apr,นราธิวาส,11
2022,May,นราธิวาส,11
2022,Jun,นราธิวาส,11
2022,Jul,นราธิวาส,11
2022,Aug,นราธิวาส,11
2022,Sep,นราธิวาส,11
2022,Oct,นราธิวาส,11
2022,Nov,นราธิวาส,11
2022,Dec,นราธิวาส,11
2023,Jan,นราธิวาส,4
2023,Feb,นราธิวาส,4
2023,Mar,นราธิวาส,4
2023,Apr,นราธิวาส,4
2023,May,นราธิวาส,4
2023,Jun,นราธิวาส,4
2023,Jul,นราธิวาส,4
2023,Aug,นราธิวาส,4
2023,Sep,นราธิวาส,4
2023,Oct,นราธิวาส,4
2023,Nov,นราธิวาส,4
2023,Dec,นราธิวาส,4
2024,Jan,นราธิวาส,3
2024,Feb,นราธิวาส,3
2024,Mar,นราธิวาส,3
2024,Apr,นราธิวาส,3
2024,May,นราธิวาส,3
2024,Jun,นราธิวาส,3
2024,Jul,นราธิวาส,3
2024,Aug,นราธิวาส,3
2024,Sep,นราธิวาส,3
2024,Oct,นราธิวาส,3
2024,Nov,นราธิวาส,3
2024,Dec,นราธิวาส,3
2020,Jan,น่าน,5
2020,Feb,น่าน,5
2020,Mar,น่าน,5
2020,Apr,น่าน,5
2020,May,น่าน,5
2020,Jun,น่าน,5
2020,Jul,น่าน,5
2020,Aug,น่าน,5
2020,Sep,น่าน,5
2020,Oct,น่าน,5
2020,Nov,น่าน,5
2020,Dec,น่าน,5
2021,Jan,น่าน,5
2021,Feb,น่าน,5
2021,Mar,น่าน,5
2021,Apr,น่าน,5
2021,May,น่าน,5
2021,Jun,น่าน,5
2021,Jul,น่าน,5
2021,Aug,น่าน,5
2021,Sep,น่าน,5
2021,Oct,น่าน,5
2021,Nov,น่าน,5
2021,Dec,น่าน,5
2022,Jan,น่าน,29
2022,Feb,น่าน,29
2022,Mar,น่าน,29
2022,Apr,น่าน,29
2022,May,น่าน,29
2022,Jun,น่าน,29
2022,Jul,น่าน,29
2022,Aug,น่าน,29
2022,Sep,น่าน,29
2022,Oct,น่าน,29
2022,Nov,น่าน,29
2022,Dec,น่าน,29
2023,Jan,น่าน,8
2023,Feb,น่าน,8
2023,Mar,น่าน,8
2023,Apr,น่าน,8
2023,May,น่าน,8
2023,Jun,น่าน,8
2023,Jul,น่าน,8
2023,Aug,น่าน,8
2023,Sep,น่าน,8
2023,Oct,น่าน,8
2023,Nov,น่าน,8
2023,Dec,น่าน,8
2024,Jan,น่าน,5
2024,Feb,น่าน,5
2024,Mar,น่าน,5
2024,Apr,น่าน,5
2024,May,น่าน,5
2024,Jun,น่าน,5
2024,Jul,น่าน,5
2024,Aug,น่าน,5
2024,Sep,น่าน,5
2024,Oct,น่าน,5
2024,Nov,น่าน,5
2024,Dec,น่าน,5
2020,Jan,บึงกาฬ,18
2020,Feb,บึงกาฬ,18
2020,Mar,บึงกาฬ,18
2020,Apr,บึงกาฬ,18
2020,May,บึงกาฬ,18
2020,Jun,บึงกาฬ,18
2020,Jul,บึงกาฬ,18
2020,Aug,บึงกาฬ,18
2020,Sep,บึงกาฬ,18
2020,Oct,บึงกาฬ,18
2020,Nov,บึงกาฬ,18
2020,Dec,บึงกาฬ,18
2021,Jan,บึงกาฬ,17
2021,Feb,บึงกาฬ,17
2021,Mar,บึงกาฬ,17
2021,Apr,บึงกาฬ,17
2021,May,บึงกาฬ,17
2021,Jun,บึงกาฬ,17
2021,Jul,บึงกาฬ,17
2021,Aug,บึงกาฬ,17
2021,Sep,บึงกาฬ,17
2021,Oct,บึงกาฬ,17
2021,Nov,บึงกาฬ,17
2021,Dec,บึงกาฬ,17
2022,Jan,บึงกาฬ,5
2022,Feb,บึงกาฬ,5
2022,Mar,บึงกาฬ,5
2022,Apr,บึงกาฬ,5
2022,May,บึงกาฬ,5
2022,Jun,บึงกาฬ,5
2022,Jul,บึงกาฬ,5
2022,Aug,บึงกาฬ,5
2022,Sep,บึงกาฬ,5
2022,Oct,บึงกาฬ,5
2022,Nov,บึงกาฬ,5
2022,Dec,บึงกาฬ,5
2023,Jan,บึงกาฬ,9
2023,Feb,บึงกาฬ,9
2023,Mar,บึงกาฬ,9
2023,Apr,บึงกาฬ,9
2023,May,บึงกาฬ,9
2023,Jun,บึงกาฬ,9
2023,Jul,บึงกาฬ,9
2023,Aug,บึงกาฬ,9
2023,Sep,บึงกาฬ,9
2023,Oct,บึงกาฬ,9
2023,Nov,บึงกาฬ,9
2023,Dec,บึงกาฬ,9
2024,Jan,บึงกาฬ,9
2024,Feb,บึงกาฬ,9
2024,Mar,บึงกาฬ,9
2024,Apr,บึงกาฬ,9
2024,May,บึงกาฬ,9
2024,Jun,บึงกาฬ,9
2024,Jul,บึงกาฬ,9
2024,Aug,บึงกาฬ,9
2024,Sep,บึงกาฬ,9
2024,Oct,บึงกาฬ,9
2024,Nov,บึงกาฬ,9
2024,Dec,บึงกาฬ,9
2020,Jan,บุรีรัมย์,19
2020,Feb,บุรีรัมย์,19
2020,Mar,บุรีรัมย์,19
2020,Apr,บุรีรัมย์,19
2020,May,บุรีรัมย์,19
2020,Jun,บุรีรัมย์,19
2020,Jul,บุรีรัมย์,19
2020,Aug,บุรีรัมย์,19
2020,Sep,บุรีรัมย์,19
2020,Oct,บุรีรัมย์,19
2020,Nov,บุรีรัมย์,19
2020,Dec,บุรีรัมย์,19
2021,Jan,บุรีรัมย์,11
2021,Feb,บุรีรัมย์,11
2021,Mar,บุรีรัมย์,11
2021,Apr,บุรีรัมย์,11
2021,May,บุรีรัมย์,11
2021,Jun,บุรีรัมย์,11
2021,Jul,บุรีรัมย์,11
2021,Aug,บุรีรัมย์,11
2021,Sep,บุรีรัมย์,11
2021,Oct,บุรีรัมย์,11
2021,Nov,บุรีรัมย์,11
2021,Dec,บุรีรัมย์,11
2022,Jan,บุรีรัมย์,12
2022,Feb,บุรีรัมย์,12
2022,Mar,บุรีรัมย์,12
2022,Apr,บุรีรัมย์,12
2022,May,บุรีรัมย์,12
2022,Jun,บุรีรัมย์,12
2022,Jul,บุรีรัมย์,12
2022,Aug,บุรีรัมย์,12
2022,Sep,บุรีรัมย์,12
2022,Oct,บุรีรัมย์,12
2022,Nov,บุรีรัมย์,12
2022,Dec,บุรีรัมย์,12
2023,Jan,บุรีรัมย์,8
2023,Feb,บุรีรัมย์,8
2023,Mar,บุรีรัมย์,8
2023,Apr,บุรีรัมย์,8
2023,May,บุรีรัมย์,8
2023,Jun,บุรีรัมย์,8
2023,Jul,บุรีรัมย์,8
2023,Aug,บุรีรัมย์,8
2023,Sep,บุรีรัมย์,8
2023,Oct,บุรีรัมย์,8
2023,Nov,บุรีรัมย์,8
2023,Dec,บุรีรัมย์,8
2024,Jan,บุรีรัมย์,5
2024,Feb,บุรีรัมย์,5
2024,Mar,บุรีรัมย์,5
2024,Apr,บุรีรัมย์,5
2024,May,บุรีรัมย์,5
2024,Jun,บุรีรัมย์,5
2024,Jul,บุรีรัมย์,5
2024,Aug,บุรีรัมย์,5
2024,Sep,บุรีรัมย์,5
2024,Oct,บุรีรัมย์,5
2024,Nov,บุรีรัมย์,5
2024,Dec,บุรีรัมย์,5
2020,Jan,ปทุมธานี,77
2020,Feb,ปทุมธานี,77
2020,Mar,ปทุมธานี,77
2020,Apr,ปทุมธานี,77
2020,May,ปทุมธานี,77
2020,Jun,ปทุมธานี,77
2020,Jul,ปทุมธานี,77
2020,Aug,ปทุมธานี,77
2020,Sep,ปทุมธานี,77
2020,Oct,ปทุมธานี,77
2020,Nov,ปทุมธานี,77
2020,Dec,ปทุมธานี,77
2021,Jan,ปทุมธานี,100
2021,Feb,ปทุมธานี,100
2021,Mar,ปทุมธานี,100
2021,Apr,ปทุมธานี,100
2021,May,ปทุมธานี,100
2021,Jun,ปทุมธานี,100
2021,Jul,ปทุมธานี,100
2021,Aug,ปทุมธานี,100
2021,Sep,ปทุมธานี,100
2021,Oct,ปทุมธานี,100
2021,Nov,ปทุมธานี,100
2021,Dec,ปทุมธานี,100
2022,Jan,ปทุมธานี,80
2022,Feb,ปทุมธานี,80
2022,Mar,ปทุมธานี,80
2022,Apr,ปทุมธานี,80
2022,May,ปทุมธานี,80
2022,Jun,ปทุมธานี,80
2022,Jul,ปทุมธานี,80
2022,Aug,ปทุมธานี,80
2022,Sep,ปทุมธานี,80
2022,Oct,ปทุมธานี,80
2022,Nov,ปทุมธานี,80
2022,Dec,ปทุมธานี,80
2023,Jan,ปทุมธานี,106
2023,Feb,ปทุมธานี,106
2023,Mar,ปทุมธานี,106
2023,Apr,ปทุมธานี,106
2023,May,ปทุมธานี,106
2023,Jun,ปทุมธานี,106
2023,Jul,ปทุมธานี,106
2023,Aug,ปทุมธานี,106
2023,Sep,ปทุมธานี,106
2023,Oct,ปทุมธานี,106
2023,Nov,ปทุมธานี,106
2023,Dec,ปทุมธานี,106
2024,Jan,ปทุมธานี,144
2024,Feb,ปทุมธานี,144
2024,Mar,ปทุมธานี,144
2024,Apr,ปทุมธานี,144
2024,May,ปทุมธานี,144
2024,Jun,ปทุมธานี,144
2024,Jul,ปทุมธานี,144
2024,Aug,ปทุมธานี,144
2024,Sep,ปทุมธานี,144
2024,Oct,ปทุมธานี,144
2024,Nov,ปทุมธานี,144
2024,Dec,ปทุมธานี,144
2020,Jan,ประจวบคีรีขันธ์,8
2020,Feb,ประจวบคีรีขันธ์,8
2020,Mar,ประจวบคีรีขันธ์,8
2020,Apr,ประจวบคีรีขันธ์,8
2020,May,ประจวบคีรีขันธ์,8
2020,Jun,ประจวบคีรีขันธ์,8
2020,Jul,ประจวบคีรีขันธ์,8
2020,Aug,ประจวบคีรีขันธ์,8
2020,Sep,ประจวบคีรีขันธ์,8
2020,Oct,ประจวบคีรีขันธ์,8
2020,Nov,ประจวบคีรีขันธ์,8
2020,Dec,ประจวบคีรีขันธ์,8
2021,Jan,ประจวบคีรีขันธ์,7
2021,Feb,ประจวบคีรีขันธ์,7
2021,Mar,ประจวบคีรีขันธ์,7
2021,Apr,ประจวบคีรีขันธ์,7
2021,May,ประจวบคีรีขันธ์,7
2021,Jun,ประจวบคีรีขันธ์,7
2021,Jul,ประจวบคีรีขันธ์,7
2021,Aug,ประจวบคีรีขันธ์,7
2021,Sep,ประจวบคีรีขันธ์,7
2021,Oct,ประจวบคีรีขันธ์,7
2021,Nov,ประจวบคีรีขันธ์,7
2021,Dec,ประจวบคีรีขันธ์,7
2022,Jan,ประจวบคีรีขันธ์,9
2022,Feb,ประจวบคีรีขันธ์,9
2022,Mar,ประจวบคีรีขันธ์,9
2022,Apr,ประจวบคีรีขันธ์,9
2022,May,ประจวบคีรีขันธ์,9
2022,Jun,ประจวบคีรีขันธ์,9
2022,Jul,ประจวบคีรีขันธ์,9
2022,Aug,ประจวบคีรีขันธ์,9
2022,Sep,ประจวบคีรีขันธ์,9
2022,Oct,ประจวบคีรีขันธ์,9
2022,Nov,ประจวบคีรีขันธ์,9
2022,Dec,ประจวบคีรีขันธ์,9
2023,Jan,ประจวบคีรีขันธ์,7
2023,Feb,ประจวบคีรีขันธ์,7
2023,Mar,ประจวบคีรีขันธ์,7
2023,Apr,ประจวบคีรีขันธ์,7
2023,May,ประจวบคีรีขันธ์,7
2023,Jun,ประจวบคีรีขันธ์,7
2023,Jul,ประจวบคีรีขันธ์,7
2023,Aug,ประจวบคีรีขันธ์,7
2023,Sep,ประจวบคีรีขันธ์,7
2023,Oct,ประจวบคีรีขันธ์,7
2023,Nov,ประจวบคีรีขันธ์,7
2023,Dec,ประจวบคีรีขันธ์,7
2024,Jan,ประจวบคีรีขันธ์,5
2024,Feb,ประจวบคีรีขันธ์,5
2024,Mar,ประจวบคีรีขันธ์,5
2024,Apr,ประจวบคีรีขันธ์,5
2024,May,ประจวบคีรีขันธ์,5
2024,Jun,ประจวบคีรีขันธ์,5
2024,Jul,ประจวบคีรีขันธ์,5
2024,Aug,ประจวบคีรีขันธ์,5
2024,Sep,ประจวบคีรีขันธ์,5
2024,Oct,ประจวบคีรีขันธ์,5
2024,Nov,ประจวบคีรีขันธ์,5
2024,Dec,ประจวบคีรีขันธ์,5
2020,Jan,ปราจีนบุรี,35
2020,Feb,ปราจีนบุรี,35
2020,Mar,ปราจีนบุรี,35
2020,Apr,ปราจีนบุรี,35
2020,May,ปราจีนบุรี,35
2020,Jun,ปราจีนบุรี,35
2020,Jul,ปราจีนบุรี,35
2020,Aug,ปราจีนบุรี,35
2020,Sep,ปราจีนบุรี,35
2020,Oct,ปราจีนบุรี,35
2020,Nov,ปราจีนบุรี,35
2020,Dec,ปราจีนบุรี,35
2021,Jan,ปราจีนบุรี,50
2021,Feb,ปราจีนบุรี,50
2021,Mar,ปราจีนบุรี,50
2021,Apr,ปราจีนบุรี,50
2021,May,ปราจีนบุรี,50
2021,Jun,ปราจีนบุรี,50
2021,Jul,ปราจีนบุรี,50
2021,Aug,ปราจีนบุรี,50
2021,Sep,ปราจีนบุรี,50
2021,Oct,ปราจีนบุรี,50
2021,Nov,ปราจีนบุรี,50
2021,Dec,ปราจีนบุรี,50
2022,Jan,ปราจีนบุรี,48
2022,Feb,ปราจีนบุรี,48
2022,Mar,ปราจีนบุรี,48
2022,Apr,ปราจีนบุรี,48
2022,May,ปราจีนบุรี,48
2022,Jun,ปราจีนบุรี,48
2022,Jul,ปราจีนบุรี,48
2022,Aug,ปราจีนบุรี,48
2022,Sep,ปราจีนบุรี,48
2022,Oct,ปราจีนบุรี,48
2022,Nov,ปราจีนบุรี,48
2022,Dec,ปราจีนบุรี,48
2023,Jan,ปราจีนบุรี,36
2023,Feb,ปราจีนบุรี,36
2023,Mar,ปราจีนบุรี,36
2023,Apr,ปราจีนบุรี,36
2023,May,ปราจีนบุรี,36
2023,Jun,ปราจีนบุรี,36
2023,Jul,ปราจีนบุรี,36
2023,Aug,ปราจีนบุรี,36
2023,Sep,ปราจีนบุรี,36
2023,Oct,ปราจีนบุรี,36
2023,Nov,ปราจีนบุรี,36
2023,Dec,ปราจีนบุรี,36
2024,Jan,ปราจีนบุรี,43
2024,Feb,ปราจีนบุรี,43
2024,Mar,ปราจีนบุรี,43
2024,Apr,ปราจีนบุรี,43
2024,May,ปราจีนบุรี,43
2024,Jun,ปราจีนบุรี,43
2024,Jul,ปราจีนบุรี,43
2024,Aug,ปราจีนบุรี,43
2024,Sep,ปราจีนบุรี,43
2024,Oct,ปราจีนบุรี,43
2024,Nov,ปราจีนบุรี,43
2024,Dec,ปราจีนบุรี,43
2020,Jan,ปัตตานี,7
2020,Feb,ปัตตานี,7
2020,Mar,ปัตตานี,7
2020,Apr,ปัตตานี,7
2020,May,ปัตตานี,7
2020,Jun,ปัตตานี,7
2020,Jul,ปัตตานี,7
2020,Aug,ปัตตานี,7
2020,Sep,ปัตตานี,7
2020,Oct,ปัตตานี,7
2020,Nov,ปัตตานี,7
2020,Dec,ปัตตานี,7
2021,Jan,ปัตตานี,10
2021,Feb,ปัตตานี,10
2021,Mar,ปัตตานี,10
2021,Apr,ปัตตานี,10
2021,May,ปัตตานี,10
2021,Jun,ปัตตานี,10
2021,Jul,ปัตตานี,10
2021,Aug,ปัตตานี,10
2021,Sep,ปัตตานี,10
2021,Oct,ปัตตานี,10
2021,Nov,ปัตตานี,10
2021,Dec,ปัตตานี,10
2022,Jan,ปัตตานี,4
2022,Feb,ปัตตานี,4
2022,Mar,ปัตตานี,4
2022,Apr,ปัตตานี,4
2022,May,ปัตตานี,4
2022,Jun,ปัตตานี,4
2022,Jul,ปัตตานี,4
2022,Aug,ปัตตานี,4
2022,Sep,ปัตตานี,4
2022,Oct,ปัตตานี,4
2022,Nov,ปัตตานี,4
2022,Dec,ปัตตานี,4
2023,Jan,ปัตตานี,2
2023,Feb,ปัตตานี,2
2023,Mar,ปัตตานี,2
2023,Apr,ปัตตานี,2
2023,May,ปัตตานี,2
2023,Jun,ปัตตานี,2
2023,Jul,ปัตตานี,2
2023,Aug,ปัตตานี,2
2023,Sep,ปัตตานี,2
2023,Oct,ปัตตานี,2
2023,Nov,ปัตตานี,2
2023,Dec,ปัตตานี,2
2024,Jan,ปัตตานี,5
2024,Feb,ปัตตานี,5
2024,Mar,ปัตตานี,5
2024,Apr,ปัตตานี,5
2024,May,ปัตตานี,5
2024,Jun,ปัตตานี,5
2024,Jul,ปัตตานี,5
2024,Aug,ปัตตานี,5
2024,Sep,ปัตตานี,5
2024,Oct,ปัตตานี,5
2024,Nov,ปัตตานี,5
2024,Dec,ปัตตานี,5
2020,Jan,พระนครศรีอยุธยา,55
2020,Feb,พระนครศรีอยุธยา,55
2020,Mar,พระนครศรีอยุธยา,55
2020,Apr,พระนครศรีอยุธยา,55
2020,May,พระนครศรีอยุธยา,55
2020,Jun,พระนครศรีอยุธยา,55
2020,Jul,พระนครศรีอยุธยา,55
2020,Aug,พระนครศรีอยุธยา,55
2020,Sep,พระนครศรีอยุธยา,55
2020,Oct,พระนครศรีอยุธยา,55
2020,Nov,พระนครศรีอยุธยา,55
2020,Dec,พระนครศรีอยุธยา,55
2021,Jan,พระนครศรีอยุธยา,47
2021,Feb,พระนครศรีอยุธยา,47
2021,Mar,พระนครศรีอยุธยา,47
2021,Apr,พระนครศรีอยุธยา,47
2021,May,พระนครศรีอยุธยา,47
2021,Jun,พระนครศรีอยุธยา,47
2021,Jul,พระนครศรีอยุธยา,47
2021,Aug,พระนครศรีอยุธยา,47
2021,Sep,พระนครศรีอยุธยา,47
2021,Oct,พระนครศรีอยุธยา,47
2021,Nov,พระนครศรีอยุธยา,47
2021,Dec,พระนครศรีอยุธยา,47
2022,Jan,พระนครศรีอยุธยา,73
2022,Feb,พระนครศรีอยุธยา,73
2022,Mar,พระนครศรีอยุธยา,73
2022,Apr,พระนครศรีอยุธยา,73
2022,May,พระนครศรีอยุธยา,73
2022,Jun,พระนครศรีอยุธยา,73
2022,Jul,พระนครศรีอยุธยา,73
2022,Aug,พระนครศรีอยุธยา,73
2022,Sep,พระนครศรีอยุธยา,73
2022,Oct,พระนครศรีอยุธยา,73
2022,Nov,พระนครศรีอยุธยา,73
2022,Dec,พระนครศรีอยุธยา,73
2023,Jan,พระนครศรีอยุธยา,54
2023,Feb,พระนครศรีอยุธยา,54
2023,Mar,พระนครศรีอยุธยา,54
2023,Apr,พระนครศรีอยุธยา,54
2023,May,พระนครศรีอยุธยา,54
2023,Jun,พระนครศรีอยุธยา,54
2023,Jul,พระนครศรีอยุธยา,54
2023,Aug,พระนครศรีอยุธยา,54
2023,Sep,พระนครศรีอยุธยา,54
2023,Oct,พระนครศรีอยุธยา,54
2023,Nov,พระนครศรีอยุธยา,54
2023,Dec,พระนครศรีอยุธยา,54
2024,Jan,พระนครศรีอยุธยา,54
2024,Feb,พระนครศรีอยุธยา,54
2024,Mar,พระนครศรีอยุธยา,54
2024,Apr,พระนครศรีอยุธยา,54
2024,May,พระนครศรีอยุธยา,54
2024,Jun,พระนครศรีอยุธยา,54
2024,Jul,พระนครศรีอยุธยา,54
2024,Aug,พระนครศรีอยุธยา,54
2024,Sep,พระนครศรีอยุธยา,54
2024,Oct,พระนครศรีอยุธยา,54
2024,Nov,พระนครศรีอยุธยา,54
2024,Dec,พระนครศรีอยุธยา,54
2020,Jan,พะเยา,17
2020,Feb,พะเยา,17
2020,Mar,พะเยา,17
2020,Apr,พะเยา,17
2020,May,พะเยา,17
2020,Jun,พะเยา,17
2020,Jul,พะเยา,17
2020,Aug,พะเยา,17
2020,Sep,พะเยา,17
2020,Oct,พะเยา,17
2020,Nov,พะเยา,17
2020,Dec,พะเยา,17
2021,Jan,พะเยา,19
2021,Feb,พะเยา,19
2021,Mar,พะเยา,19
2021,Apr,พะเยา,19
2021,May,พะเยา,19
2021,Jun,พะเยา,19
2021,Jul,พะเยา,19
2021,Aug,พะเยา,19
2021,Sep,พะเยา,19
2021,Oct,พะเยา,19
2021,Nov,พะเยา,19
2021,Dec,พะเยา,19
2022,Jan,พะเยา,16
2022,Feb,พะเยา,16
2022,Mar,พะเยา,16
2022,Apr,พะเยา,16
2022,May,พะเยา,16
2022,Jun,พะเยา,16
2022,Jul,พะเยา,16
2022,Aug,พะเยา,16
2022,Sep,พะเยา,16
2022,Oct,พะเยา,16
2022,Nov,พะเยา,16
2022,Dec,พะเยา,16
2023,Jan,พะเยา,16
2023,Feb,พะเยา,16
2023,Mar,พะเยา,16
2023,Apr,พะเยา,16
2023,May,พะเยา,16
2023,Jun,พะเยา,16
2023,Jul,พะเยา,16
2023,Aug,พะเยา,16
2023,Sep,พะเยา,16
2023,Oct,พะเยา,16
2023,Nov,พะเยา,16
2023,Dec,พะเยา,16
2024,Jan,พะเยา,8
2024,Feb,พะเยา,8
2024,Mar,พะเยา,8
2024,Apr,พะเยา,8
2024,May,พะเยา,8
2024,Jun,พะเยา,8
2024,Jul,พะเยา,8
2024,Aug,พะเยา,8
2024,Sep,พะเยา,8
2024,Oct,พะเยา,8
2024,Nov,พะเยา,8
2024,Dec,พะเยา,8
2020,Jan,พังงา,4
2020,Feb,พังงา,4
2020,Mar,พังงา,4
2020,Apr,พังงา,4
2020,May,พังงา,4
2020,Jun,พังงา,4
2020,Jul,พังงา,4
2020,Aug,พังงา,4
2020,Sep,พังงา,4
2020,Oct,พังงา,4
2020,Nov,พังงา,4
2020,Dec,พังงา,4
2021,Jan,พังงา,2
2021,Feb,พังงา,2
2021,Mar,พังงา,2
2021,Apr,พังงา,2
2021,May,พังงา,2
2021,Jun,พังงา,2
2021,Jul,พังงา,2
2021,Aug,พังงา,2
2021,Sep,พังงา,2
2021,Oct,พังงา,2
2021,Nov,พังงา,2
2021,Dec,พังงา,2
2022,Jan,พังงา,4
2022,Feb,พังงา,4
2022,Mar,พังงา,4
2022,Apr,พังงา,4
2022,May,พังงา,4
2022,Jun,พังงา,4
2022,Jul,พังงา,4
2022,Aug,พังงา,4
2022,Sep,พังงา,4
2022,Oct,พังงา,4
2022,Nov,พังงา,4
2022,Dec,พังงา,4
2023,Jan,พังงา,2
2023,Feb,พังงา,2
2023,Mar,พังงา,2
2023,Apr,พังงา,2
2023,May,พังงา,2
2023,Jun,พังงา,2
2023,Jul,พังงา,2
2023,Aug,พังงา,2
2023,Sep,พังงา,2
2023,Oct,พังงา,2
2023,Nov,พังงา,2
2023,Dec,พังงา,2
2024,Jan,พังงา,3
2024,Feb,พังงา,3
2024,Mar,พังงา,3
2024,Apr,พังงา,3
2024,May,พังงา,3
2024,Jun,พังงา,3
2024,Jul,พังงา,3
2024,Aug,พังงา,3
2024,Sep,พังงา,3
2024,Oct,พังงา,3
2024,Nov,พังงา,3
2024,Dec,พังงา,3
2020,Jan,พัทลุง,23
2020,Feb,พัทลุง,23
2020,Mar,พัทลุง,23
2020,Apr,พัทลุง,23
2020,May,พัทลุง,23
2020,Jun,พัทลุง,23
2020,Jul,พัทลุง,23
2020,Aug,พัทลุง,23
2020,Sep,พัทลุง,23
2020,Oct,พัทลุง,23
2020,Nov,พัทลุง,23
2020,Dec,พัทลุง,23
2021,Jan,พัทลุง,42
2021,Feb,พัทลุง,42
2021,Mar,พัทลุง,42
2021,Apr,พัทลุง,42
2021,May,พัทลุง,42
2021,Jun,พัทลุง,42
2021,Jul,พัทลุง,42
2021,Aug,พัทลุง,42
2021,Sep,พัทลุง,42
2021,Oct,พัทลุง,42
2021,Nov,พัทลุง,42
2021,Dec,พัทลุง,42
2022,Jan,พัทลุง,34
2022,Feb,พัทลุง,34
2022,Mar,พัทลุง,34
2022,Apr,พัทลุง,34
2022,May,พัทลุง,34
2022,Jun,พัทลุง,34
2022,Jul,พัทลุง,34
2022,Aug,พัทลุง,34
2022,Sep,พัทลุง,34
2022,Oct,พัทลุง,34
2022,Nov,พัทลุง,34
2022,Dec,พัทลุง,34
2023,Jan,พัทลุง,26
2023,Feb,พัทลุง,26
2023,Mar,พัทลุง,26
2023,Apr,พัทลุง,26
2023,May,พัทลุง,26
2023,Jun,พัทลุง,26
2023,Jul,พัทลุง,26
2023,Aug,พัทลุง,26
2023,Sep,พัทลุง,26
2023,Oct,พัทลุง,26
2023,Nov,พัทลุง,26
2023,Dec,พัทลุง,26
2024,Jan,พัทลุง,12
2024,Feb,พัทลุง,12
2024,Mar,พัทลุง,12
2024,Apr,พัทลุง,12
2024,May,พัทลุง,12
2024,Jun,พัทลุง,12
2024,Jul,พัทลุง,12
2024,Aug,พัทลุง,12
2024,Sep,พัทลุง,12
2024,Oct,พัทลุง,12
2024,Nov,พัทลุง,12
2024,Dec,พัทลุง,12
2020,Jan,พิจิตร,5
2020,Feb,พิจิตร,5
2020,Mar,พิจิตร,5
2020,Apr,พิจิตร,5
2020,May,พิจิตร,5
2020,Jun,พิจิตร,5
2020,Jul,พิจิตร,5
2020,Aug,พิจิตร,5
2020,Sep,พิจิตร,5
2020,Oct,พิจิตร,5
2020,Nov,พิจิตร,5
2020,Dec,พิจิตร,5
2021,Jan,พิจิตร,10
2021,Feb,พิจิตร,10
2021,Mar,พิจิตร,10
2021,Apr,พิจิตร,10
2021,May,พิจิตร,10
2021,Jun,พิจิตร,10
2021,Jul,พิจิตร,10
2021,Aug,พิจิตร,10
2021,Sep,พิจิตร,10
2021,Oct,พิจิตร,10
2021,Nov,พิจิตร,10
2021,Dec,พิจิตร,10
2022,Jan,พิจิตร,21
2022,Feb,พิจิตร,21
2022,Mar,พิจิตร,21
2022,Apr,พิจิตร,21
2022,May,พิจิตร,21
2022,Jun,พิจิตร,21
2022,Jul,พิจิตร,21
2022,Aug,พิจิตร,21
2022,Sep,พิจิตร,21
2022,Oct,พิจิตร,21
2022,Nov,พิจิตร,21
2022,Dec,พิจิตร,21
2023,Jan,พิจิตร,7
2023,Feb,พิจิตร,7
2023,Mar,พิจิตร,7
2023,Apr,พิจิตร,7
2023,May,พิจิตร,7
2023,Jun,พิจิตร,7
2023,Jul,พิจิตร,7
2023,Aug,พิจิตร,7
2023,Sep,พิจิตร,7
2023,Oct,พิจิตร,7
2023,Nov,พิจิตร,7
2023,Dec,พิจิตร,7
2024,Jan,พิจิตร,11
2024,Feb,พิจิตร,11
2024,Mar,พิจิตร,11
2024,Apr,พิจิตร,11
2024,May,พิจิตร,11
2024,Jun,พิจิตร,11
2024,Jul,พิจิตร,11
2024,Aug,พิจิตร,11
2024,Sep,พิจิตร,11
2024,Oct,พิจิตร,11
2024,Nov,พิจิตร,11
2024,Dec,พิจิตร,11
2020,Jan,พิษณุโลก,23
2020,Feb,พิษณุโลก,23
2020,Mar,พิษณุโลก,23
2020,Apr,พิษณุโลก,23
2020,May,พิษณุโลก,23
2020,Jun,พิษณุโลก,23
2020,Jul,พิษณุโลก,23
2020,Aug,พิษณุโลก,23
2020,Sep,พิษณุโลก,23
2020,Oct,พิษณุโลก,23
2020,Nov,พิษณุโลก,23
2020,Dec,พิษณุโลก,23
2021,Jan,พิษณุโลก,15
2021,Feb,พิษณุโลก,15
2021,Mar,พิษณุโลก,15
2021,Apr,พิษณุโลก,15
2021,May,พิษณุโลก,15
2021,Jun,พิษณุโลก,15
2021,Jul,พิษณุโลก,15
2021,Aug,พิษณุโลก,15
2021,Sep,พิษณุโลก,15
2021,Oct,พิษณุโลก,15
2021,Nov,พิษณุโลก,15
2021,Dec,พิษณุโลก,15
2022,Jan,พิษณุโลก,12
2022,Feb,พิษณุโลก,12
2022,Mar,พิษณุโลก,12
2022,Apr,พิษณุโลก,12
2022,May,พิษณุโลก,12
2022,Jun,พิษณุโลก,12
2022,Jul,พิษณุโลก,12
2022,Aug,พิษณุโลก,12
2022,Sep,พิษณุโลก,12
2022,Oct,พิษณุโลก,12
2022,Nov,พิษณุโลก,12
2022,Dec,พิษณุโลก,12
2023,Jan,พิษณุโลก,22
2023,Feb,พิษณุโลก,22
2023,Mar,พิษณุโลก,22
2023,Apr,พิษณุโลก,22
2023,May,พิษณุโลก,22
2023,Jun,พิษณุโลก,22
2023,Jul,พิษณุโลก,22
2023,Aug,พิษณุโลก,22
2023,Sep,พิษณุโลก,22
2023,Oct,พิษณุโลก,22
2023,Nov,พิษณุโลก,22
2023,Dec,พิษณุโลก,22
2024,Jan,พิษณุโลก,10
2024,Feb,พิษณุโลก,10
2024,Mar,พิษณุโลก,10
2024,Apr,พิษณุโลก,10
2024,May,พิษณุโลก,10
2024,Jun,พิษณุโลก,10
2024,Jul,พิษณุโลก,10
2024,Aug,พิษณุโลก,10
2024,Sep,พิษณุโลก,10
2024,Oct,พิษณุโลก,10
2024,Nov,พิษณุโลก,10
2024,Dec,พิษณุโลก,10
2020,Jan,ภูเก็ต,14
2020,Feb,ภูเก็ต,14
2020,Mar,ภูเก็ต,14
2020,Apr,ภูเก็ต,14
2020,May,ภูเก็ต,14
2020,Jun,ภูเก็ต,14
2020,Jul,ภูเก็ต,14
2020,Aug,ภูเก็ต,14
2020,Sep,ภูเก็ต,14
2020,Oct,ภูเก็ต,14
2020,Nov,ภูเก็ต,14
2020,Dec,ภูเก็ต,14
2021,Jan,ภูเก็ต,7
2021,Feb,ภูเก็ต,7
2021,Mar,ภูเก็ต,7
2021,Apr,ภูเก็ต,7
2021,May,ภูเก็ต,7
2021,Jun,ภูเก็ต,7
2021,Jul,ภูเก็ต,7
2021,Aug,ภูเก็ต,7
2021,Sep,ภูเก็ต,7
2021,Oct,ภูเก็ต,7
2021,Nov,ภูเก็ต,7
2021,Dec,ภูเก็ต,7
2022,Jan,ภูเก็ต,6
2022,Feb,ภูเก็ต,6
2022,Mar,ภูเก็ต,6
2022,Apr,ภูเก็ต,6
2022,May,ภูเก็ต,6
2022,Jun,ภูเก็ต,6
2022,Jul,ภูเก็ต,6
2022,Aug,ภูเก็ต,6
2022,Sep,ภูเก็ต,6
2022,Oct,ภูเก็ต,6
2022,Nov,ภูเก็ต,6
2022,Dec,ภูเก็ต,6
2023,Jan,ภูเก็ต,9
2023,Feb,ภูเก็ต,9
2023,Mar,ภูเก็ต,9
2023,Apr,ภูเก็ต,9
2023,May,ภูเก็ต,9
2023,Jun,ภูเก็ต,9
2023,Jul,ภูเก็ต,9
2023,Aug,ภูเก็ต,9
2023,Sep,ภูเก็ต,9
2023,Oct,ภูเก็ต,9
2023,Nov,ภูเก็ต,9
2023,Dec,ภูเก็ต,9
2024,Jan,ภูเก็ต,7
2024,Feb,ภูเก็ต,7
2024,Mar,ภูเก็ต,7
2024,Apr,ภูเก็ต,7
2024,May,ภูเก็ต,7
2024,Jun,ภูเก็ต,7
2024,Jul,ภูเก็ต,7
2024,Aug,ภูเก็ต,7
2024,Sep,ภูเก็ต,7
2024,Oct,ภูเก็ต,7
2024,Nov,ภูเก็ต,7
2024,Dec,ภูเก็ต,7
2020,Jan,มหาสารคาม,16
2020,Feb,มหาสารคาม,16
2020,Mar,มหาสารคาม,16
2020,Apr,มหาสารคาม,16
2020,May,มหาสารคาม,16
2020,Jun,มหาสารคาม,16
2020,Jul,มหาสารคาม,16
2020,Aug,มหาสารคาม,16
2020,Sep,มหาสารคาม,16
2020,Oct,มหาสารคาม,16
2020,Nov,มหาสารคาม,16
2020,Dec,มหาสารคาม,16
2021,Jan,มหาสารคาม,10
2021,Feb,มหาสารคาม,10
2021,Mar,มหาสารคาม,10
2021,Apr,มหาสารคาม,10
2021,May,มหาสารคาม,10
2021,Jun,มหาสารคาม,10
2021,Jul,มหาสารคาม,10
2021,Aug,มหาสารคาม,10
2021,Sep,มหาสารคาม,10
2021,Oct,มหาสารคาม,10
2021,Nov,มหาสารคาม,10
2021,Dec,มหาสารคาม,10
2022,Jan,มหาสารคาม,8
2022,Feb,มหาสารคาม,8
2022,Mar,มหาสารคาม,8
2022,Apr,มหาสารคาม,8
2022,May,มหาสารคาม,8
2022,Jun,มหาสารคาม,8
2022,Jul,มหาสารคาม,8
2022,Aug,มหาสารคาม,8
2022,Sep,มหาสารคาม,8
2022,Oct,มหาสารคาม,8
2022,Nov,มหาสารคาม,8
2022,Dec,มหาสารคาม,8
2023,Jan,มหาสารคาม,2
2023,Feb,มหาสารคาม,2
2023,Mar,มหาสารคาม,2
2023,Apr,มหาสารคาม,2
2023,May,มหาสารคาม,2
2023,Jun,มหาสารคาม,2
2023,Jul,มหาสารคาม,2
2023,Aug,มหาสารคาม,2
2023,Sep,มหาสารคาม,2
2023,Oct,มหาสารคาม,2
2023,Nov,มหาสารคาม,2
2023,Dec,มหาสารคาม,2
2024,Jan,มหาสารคาม,9
2024,Feb,มหาสารคาม,9
2024,Mar,มหาสารคาม,9
2024,Apr,มหาสารคาม,9
2024,May,มหาสารคาม,9
2024,Jun,มหาสารคาม,9
2024,Jul,มหาสารคาม,9
2024,Aug,มหาสารคาม,9
2024,Sep,มหาสารคาม,9
2024,Oct,มหาสารคาม,9
2024,Nov,มหาสารคาม,9
2024,Dec,มหาสารคาม,9
2020,Jan,มุกดาหาร,3
2020,Feb,มุกดาหาร,3
2020,Mar,มุกดาหาร,3
2020,Apr,มุกดาหาร,3
2020,May,มุกดาหาร,3
2020,Jun,มุกดาหาร,3
2020,Jul,มุกดาหาร,3
2020,Aug,มุกดาหาร,3
2020,Sep,มุกดาหาร,3
2020,Oct,มุกดาหาร,3
2020,Nov,มุกดาหาร,3
2020,Dec,มุกดาหาร,3
2021,Jan,มุกดาหาร,7
2021,Feb,มุกดาหาร,7
2021,Mar,มุกดาหาร,7
2021,Apr,มุกดาหาร,7
2021,May,มุกดาหาร,7
2021,Jun,มุกดาหาร,7
2021,Jul,มุกดาหาร,7
2021,Aug,มุกดาหาร,7
2021,Sep,มุกดาหาร,7
2021,Oct,มุกดาหาร,7
2021,Nov,มุกดาหาร,7
2021,Dec,มุกดาหาร,7
2022,Jan,มุกดาหาร,10
2022,Feb,มุกดาหาร,10
2022,Mar,มุกดาหาร,10
2022,Apr,มุกดาหาร,10
2022,May,มุกดาหาร,10
2022,Jun,มุกดาหาร,10
2022,Jul,มุกดาหาร,10
2022,Aug,มุกดาหาร,10
2022,Sep,มุกดาหาร,10
2022,Oct,มุกดาหาร,10
2022,Nov,มุกดาหาร,10
2022,Dec,มุกดาหาร,10
2023,Jan,มุกดาหาร,7
2023,Feb,มุกดาหาร,7
2023,Mar,มุกดาหาร,7
2023,Apr,มุกดาหาร,7
2023,May,มุกดาหาร,7
2023,Jun,มุกดาหาร,7
2023,Jul,มุกดาหาร,7
2023,Aug,มุกดาหาร,7
2023,Sep,มุกดาหาร,7
2023,Oct,มุกดาหาร,7
2023,Nov,มุกดาหาร,7
2023,Dec,มุกดาหาร,7
2024,Jan,มุกดาหาร,3
2024,Feb,มุกดาหาร,3
2024,Mar,มุกดาหาร,3
2024,Apr,มุกดาหาร,3
2024,May,มุกดาหาร,3
2024,Jun,มุกดาหาร,3
2024,Jul,มุกดาหาร,3
2024,Aug,มุกดาหาร,3
2024,Sep,มุกดาหาร,3
2024,Oct,มุกดาหาร,3
2024,Nov,มุกดาหาร,3
2024,Dec,มุกดาหาร,3
2020,Jan,ยะลา,6
2020,Feb,ยะลา,6
2020,Mar,ยะลา,6
2020,Apr,ยะลา,6
2020,May,ยะลา,6
2020,Jun,ยะลา,6
2020,Jul,ยะลา,6
2020,Aug,ยะลา,6
2020,Sep,ยะลา,6
2020,Oct,ยะลา,6
2020,Nov,ยะลา,6
2020,Dec,ยะลา,6
2021,Jan,ยะลา,6
2021,Feb,ยะลา,6
2021,Mar,ยะลา,6
2021,Apr,ยะลา,6
2021,May,ยะลา,6
2021,Jun,ยะลา,6
2021,Jul,ยะลา,6
2021,Aug,ยะลา,6
2021,Sep,ยะลา,6
2021,Oct,ยะลา,6
2021,Nov,ยะลา,6
2021,Dec,ยะลา,6
2022,Jan,ยะลา,10
2022,Feb,ยะลา,10
2022,Mar,ยะลา,10
2022,Apr,ยะลา,10
2022,May,ยะลา,10
2022,Jun,ยะลา,10
2022,Jul,ยะลา,10
2022,Aug,ยะลา,10
2022,Sep,ยะลา,10
2022,Oct,ยะลา,10
2022,Nov,ยะลา,10
2022,Dec,ยะลา,10
2023,Jan,ยะลา,6
2023,Feb,ยะลา,6
2023,Mar,ยะลา,6
2023,Apr,ยะลา,6
2023,May,ยะลา,6
2023,Jun,ยะลา,6
2023,Jul,ยะลา,6
2023,Aug,ยะลา,6
2023,Sep,ยะลา,6
2023,Oct,ยะลา,6
2023,Nov,ยะลา,6
2023,Dec,ยะลา,6
2024,Jan,ยะลา,5
2024,Feb,ยะลา,5
2024,Mar,ยะลา,5
2024,Apr,ยะลา,5
2024,May,ยะลา,5
2024,Jun,ยะลา,5
2024,Jul,ยะลา,5
2024,Aug,ยะลา,5
2024,Sep,ยะลา,5
2024,Oct,ยะลา,5
2024,Nov,ยะลา,5
2024,Dec,ยะลา,5
2020,Jan,ยโสธร,17
2020,Feb,ยโสธร,17
2020,Mar,ยโสธร,17
2020,Apr,ยโสธร,17
2020,May,ยโสธร,17
2020,Jun,ยโสธร,17
2020,Jul,ยโสธร,17
2020,Aug,ยโสธร,17
2020,Sep,ยโสธร,17
2020,Oct,ยโสธร,17
2020,Nov,ยโสธร,17
2020,Dec,ยโสธร,17
2021,Jan,ยโสธร,15
2021,Feb,ยโสธร,15
2021,Mar,ยโสธร,15
2021,Apr,ยโสธร,15
2021,May,ยโสธร,15
2021,Jun,ยโสธร,15
2021,Jul,ยโสธร,15
2021,Aug,ยโสธร,15
2021,Sep,ยโสธร,15
2021,Oct,ยโสธร,15
2021,Nov,ยโสธร,15
2021,Dec,ยโสธร,15
2022,Jan,ยโสธร,14
2022,Feb,ยโสธร,14
2022,Mar,ยโสธร,14
2022,Apr,ยโสธร,14
2022,May,ยโสธร,14
2022,Jun,ยโสธร,14
2022,Jul,ยโสธร,14
2022,Aug,ยโสธร,14
2022,Sep,ยโสธร,14
2022,Oct,ยโสธร,14
2022,Nov,ยโสธร,14
2022,Dec,ยโสธร,14
2023,Jan,ยโสธร,12
2023,Feb,ยโสธร,12
2023,Mar,ยโสธร,12
2023,Apr,ยโสธร,12
2023,May,ยโสธร,12
2023,Jun,ยโสธร,12
2023,Jul,ยโสธร,12
2023,Aug,ยโสธร,12
2023,Sep,ยโสธร,12
2023,Oct,ยโสธร,12
2023,Nov,ยโสธร,12
2023,Dec,ยโสธร,12
2024,Jan,ยโสธร,10
2024,Feb,ยโสธร,10
2024,Mar,ยโสธร,10
2024,Apr,ยโสธร,10
2024,May,ยโสธร,10
2024,Jun,ยโสธร,10
2024,Jul,ยโสธร,10
2024,Aug,ยโสธร,10
2024,Sep,ยโสธร,10
2024,Oct,ยโสธร,10
2024,Nov,ยโสธร,10
2024,Dec,ยโสธร,10
2020,Jan,ระนอง,15
2020,Feb,ระนอง,15
2020,Mar,ระนอง,15
2020,Apr,ระนอง,15
2020,May,ระนอง,15
2020,Jun,ระนอง,15
2020,Jul,ระนอง,15
2020,Aug,ระนอง,15
2020,Sep,ระนอง,15
2020,Oct,ระนอง,15
2020,Nov,ระนอง,15
2020,Dec,ระนอง,15
2021,Jan,ระนอง,3
2021,Feb,ระนอง,3
2021,Mar,ระนอง,3
2021,Apr,ระนอง,3
2021,May,ระนอง,3
2021,Jun,ระนอง,3
2021,Jul,ระนอง,3
2021,Aug,ระนอง,3
2021,Sep,ระนอง,3
2021,Oct,ระนอง,3
2021,Nov,ระนอง,3
2021,Dec,ระนอง,3
2022,Jan,ระนอง,12
2022,Feb,ระนอง,12
2022,Mar,ระนอง,12
2022,Apr,ระนอง,12
2022,May,ระนอง,12
2022,Jun,ระนอง,12
2022,Jul,ระนอง,12
2022,Aug,ระนอง,12
2022,Sep,ระนอง,12
2022,Oct,ระนอง,12
2022,Nov,ระนอง,12
2022,Dec,ระนอง,12
2023,Jan,ระนอง,7
2023,Feb,ระนอง,7
2023,Mar,ระนอง,7
2023,Apr,ระนอง,7
2023,May,ระนอง,7
2023,Jun,ระนอง,7
2023,Jul,ระนอง,7
2023,Aug,ระนอง,7
2023,Sep,ระนอง,7
2023,Oct,ระนอง,7
2023,Nov,ระนอง,7
2023,Dec,ระนอง,7
2024,Jan,ระนอง,14
2024,Feb,ระนอง,14
2024,Mar,ระนอง,14
2024,Apr,ระนอง,14
2024,May,ระนอง,14
2024,Jun,ระนอง,14
2024,Jul,ระนอง,14
2024,Aug,ระนอง,14
2024,Sep,ระนอง,14
2024,Oct,ระนอง,14
2024,Nov,ระนอง,14
2024,Dec,ระนอง,14
2020,Jan,ระยอง,90
2020,Feb,ระยอง,90
2020,Mar,ระยอง,90
2020,Apr,ระยอง,90
2020,May,ระยอง,90
2020,Jun,ระยอง,90
2020,Jul,ระยอง,90
2020,Aug,ระยอง,90
2020,Sep,ระยอง,90
2020,Oct,ระยอง,90
2020,Nov,ระยอง,90
2020,Dec,ระยอง,90
2021,Jan,ระยอง,92
2021,Feb,ระยอง,92
2021,Mar,ระยอง,92
2021,Apr,ระยอง,92
2021,May,ระยอง,92
2021,Jun,ระยอง,92
2021,Jul,ระยอง,92
2021,Aug,ระยอง,92
2021,Sep,ระยอง,92
2021,Oct,ระยอง,92
2021,Nov,ระยอง,92
2021,Dec,ระยอง,92
2022,Jan,ระยอง,105
2022,Feb,ระยอง,105
2022,Mar,ระยอง,105
2022,Apr,ระยอง,105
2022,May,ระยอง,105
2022,Jun,ระยอง,105
2022,Jul,ระยอง,105
2022,Aug,ระยอง,105
2022,Sep,ระยอง,105
2022,Oct,ระยอง,105
2022,Nov,ระยอง,105
2022,Dec,ระยอง,105
2023,Jan,ระยอง,117
2023,Feb,ระยอง,117
2023,Mar,ระยอง,117
2023,Apr,ระยอง,117
2023,May,ระยอง,117
2023,Jun,ระยอง,117
2023,Jul,ระยอง,117
2023,Aug,ระยอง,117
2023,Sep,ระยอง,117
2023,Oct,ระยอง,117
2023,Nov,ระยอง,117
2023,Dec,ระยอง,117
2024,Jan,ระยอง,150
2024,Feb,ระยอง,150
2024,Mar,ระยอง,150
2024,Apr,ระยอง,150
2024,May,ระยอง,150
2024,Jun,ระยอง,150
2024,Jul,ระยอง,150
2024,Aug,ระยอง,150
2024,Sep,ระยอง,150
2024,Oct,ระยอง,150
2024,Nov,ระยอง,150
2024,Dec,ระยอง,150
2020,Jan,ราชบุรี,34
2020,Feb,ราชบุรี,34
2020,Mar,ราชบุรี,34
2020,Apr,ราชบุรี,34
2020,May,ราชบุรี,34
2020,Jun,ราชบุรี,34
2020,Jul,ราชบุรี,34
2020,Aug,ราชบุรี,34
2020,Sep,ราชบุรี,34
2020,Oct,ราชบุรี,34
2020,Nov,ราชบุรี,34
2020,Dec,ราชบุรี,34
2021,Jan,ราชบุรี,29
2021,Feb,ราชบุรี,29
2021,Mar,ราชบุรี,29
2021,Apr,ราชบุรี,29
2021,May,ราชบุรี,29
2021,Jun,ราชบุรี,29
2021,Jul,ราชบุรี,29
2021,Aug,ราชบุรี,29
2021,Sep,ราชบุรี,29
2021,Oct,ราชบุรี,29
2021,Nov,ราชบุรี,29
2021,Dec,ราชบุรี,29
2022,Jan,ราชบุรี,31
2022,Feb,ราชบุรี,31
2022,Mar,ราชบุรี,31
2022,Apr,ราชบุรี,31
2022,May,ราชบุรี,31
2022,Jun,ราชบุรี,31
2022,Jul,ราชบุรี,31
2022,Aug,ราชบุรี,31
2022,Sep,ราชบุรี,31
2022,Oct,ราชบุรี,31
2022,Nov,ราชบุรี,31
2022,Dec,ราชบุรี,31
2023,Jan,ราชบุรี,34
2023,Feb,ราชบุรี,34
2023,Mar,ราชบุรี,34
2023,Apr,ราชบุรี,34
2023,May,ราชบุรี,34
2023,Jun,ราชบุรี,34
2023,Jul,ราชบุรี,34
2023,Aug,ราชบุรี,34
2023,Sep,ราชบุรี,34
2023,Oct,ราชบุรี,34
2023,Nov,ราชบุรี,34
2023,Dec,ราชบุรี,34
2024,Jan,ราชบุรี,42
2024,Feb,ราชบุรี,42
2024,Mar,ราชบุรี,42
2024,Apr,ราชบุรี,42
2024,May,ราชบุรี,42
2024,Jun,ราชบุรี,42
2024,Jul,ราชบุรี,42
2024,Aug,ราชบุรี,42
2024,Sep,ราชบุรี,42
2024,Oct,ราชบุรี,42
2024,Nov,ราชบุรี,42
2024,Dec,ราชบุรี,42
2020,Jan,ร้อยเอ็ด,25
2020,Feb,ร้อยเอ็ด,25
2020,Mar,ร้อยเอ็ด,25
2020,Apr,ร้อยเอ็ด,25
2020,May,ร้อยเอ็ด,25
2020,Jun,ร้อยเอ็ด,25
2020,Jul,ร้อยเอ็ด,25
2020,Aug,ร้อยเอ็ด,25
2020,Sep,ร้อยเอ็ด,25
2020,Oct,ร้อยเอ็ด,25
2020,Nov,ร้อยเอ็ด,25
2020,Dec,ร้อยเอ็ด,25
2021,Jan,ร้อยเอ็ด,41
2021,Feb,ร้อยเอ็ด,41
2021,Mar,ร้อยเอ็ด,41
2021,Apr,ร้อยเอ็ด,41
2021,May,ร้อยเอ็ด,41
2021,Jun,ร้อยเอ็ด,41
2021,Jul,ร้อยเอ็ด,41
2021,Aug,ร้อยเอ็ด,41
2021,Sep,ร้อยเอ็ด,41
2021,Oct,ร้อยเอ็ด,41
2021,Nov,ร้อยเอ็ด,41
2021,Dec,ร้อยเอ็ด,41
2022,Jan,ร้อยเอ็ด,24
2022,Feb,ร้อยเอ็ด,24
2022,Mar,ร้อยเอ็ด,24
2022,Apr,ร้อยเอ็ด,24
2022,May,ร้อยเอ็ด,24
2022,Jun,ร้อยเอ็ด,24
2022,Jul,ร้อยเอ็ด,24
2022,Aug,ร้อยเอ็ด,24
2022,Sep,ร้อยเอ็ด,24
2022,Oct,ร้อยเอ็ด,24
2022,Nov,ร้อยเอ็ด,24
2022,Dec,ร้อยเอ็ด,24
2023,Jan,ร้อยเอ็ด,22
2023,Feb,ร้อยเอ็ด,22
2023,Mar,ร้อยเอ็ด,22
2023,Apr,ร้อยเอ็ด,22
2023,May,ร้อยเอ็ด,22
2023,Jun,ร้อยเอ็ด,22
2023,Jul,ร้อยเอ็ด,22
2023,Aug,ร้อยเอ็ด,22
2023,Sep,ร้อยเอ็ด,22
2023,Oct,ร้อยเอ็ด,22
2023,Nov,ร้อยเอ็ด,22
2023,Dec,ร้อยเอ็ด,22
2024,Jan,ร้อยเอ็ด,13
2024,Feb,ร้อยเอ็ด,13
2024,Mar,ร้อยเอ็ด,13
2024,Apr,ร้อยเอ็ด,13
2024,May,ร้อยเอ็ด,13
2024,Jun,ร้อยเอ็ด,13
2024,Jul,ร้อยเอ็ด,13
2024,Aug,ร้อยเอ็ด,13
2024,Sep,ร้อยเอ็ด,13
2024,Oct,ร้อยเอ็ด,13
2024,Nov,ร้อยเอ็ด,13
2024,Dec,ร้อยเอ็ด,13
2020,Jan,ลพบุรี,27
2020,Feb,ลพบุรี,27
2020,Mar,ลพบุรี,27
2020,Apr,ลพบุรี,27
2020,May,ลพบุรี,27
2020,Jun,ลพบุรี,27
2020,Jul,ลพบุรี,27
2020,Aug,ลพบุรี,27
2020,Sep,ลพบุรี,27
2020,Oct,ลพบุรี,27
2020,Nov,ลพบุรี,27
2020,Dec,ลพบุรี,27
2021,Jan,ลพบุรี,14
2021,Feb,ลพบุรี,14
2021,Mar,ลพบุรี,14
2021,Apr,ลพบุรี,14
2021,May,ลพบุรี,14
2021,Jun,ลพบุรี,14
2021,Jul,ลพบุรี,14
2021,Aug,ลพบุรี,14
2021,Sep,ลพบุรี,14
2021,Oct,ลพบุรี,14
2021,Nov,ลพบุรี,14
2021,Dec,ลพบุรี,14
2022,Jan,ลพบุรี,18
2022,Feb,ลพบุรี,18
2022,Mar,ลพบุรี,18
2022,Apr,ลพบุรี,18
2022,May,ลพบุรี,18
2022,Jun,ลพบุรี,18
2022,Jul,ลพบุรี,18
2022,Aug,ลพบุรี,18
2022,Sep,ลพบุรี,18
2022,Oct,ลพบุรี,18
2022,Nov,ลพบุรี,18
2022,Dec,ลพบุรี,18
2023,Jan,ลพบุรี,15
2023,Feb,ลพบุรี,15
2023,Mar,ลพบุรี,15
2023,Apr,ลพบุรี,15
2023,May,ลพบุรี,15
2023,Jun,ลพบุรี,15
2023,Jul,ลพบุรี,15
2023,Aug,ลพบุรี,15
2023,Sep,ลพบุรี,15
2023,Oct,ลพบุรี,15
2023,Nov,ลพบุรี,15
2023,Dec,ลพบุรี,15
2024,Jan,ลพบุรี,17
2024,Feb,ลพบุรี,17
2024,Mar,ลพบุรี,17
2024,Apr,ลพบุรี,17
2024,May,ลพบุรี,17
2024,Jun,ลพบุรี,17
2024,Jul,ลพบุรี,17
2024,Aug,ลพบุรี,17
2024,Sep,ลพบุรี,17
2024,Oct,ลพบุรี,17
2024,Nov,ลพบุรี,17
2024,Dec,ลพบุรี,17
2020,Jan,ลำปาง,11
2020,Feb,ลำปาง,11
2020,Mar,ลำปาง,11
2020,Apr,ลำปาง,11
2020,May,ลำปาง,11
2020,Jun,ลำปาง,11
2020,Jul,ลำปาง,11
2020,Aug,ลำปาง,11
2020,Sep,ลำปาง,11
2020,Oct,ลำปาง,11
2020,Nov,ลำปาง,11
2020,Dec,ลำปาง,11
2021,Jan,ลำปาง,19
2021,Feb,ลำปาง,19
2021,Mar,ลำปาง,19
2021,Apr,ลำปาง,19
2021,May,ลำปาง,19
2021,Jun,ลำปาง,19
2021,Jul,ลำปาง,19
2021,Aug,ลำปาง,19
2021,Sep,ลำปาง,19
2021,Oct,ลำปาง,19
2021,Nov,ลำปาง,19
2021,Dec,ลำปาง,19
2022,Jan,ลำปาง,32
2022,Feb,ลำปาง,32
2022,Mar,ลำปาง,32
2022,Apr,ลำปาง,32
2022,May,ลำปาง,32
2022,Jun,ลำปาง,32
2022,Jul,ลำปาง,32
2022,Aug,ลำปาง,32
2022,Sep,ลำปาง,32
2022,Oct,ลำปาง,32
2022,Nov,ลำปาง,32
2022,Dec,ลำปาง,32
2023,Jan,ลำปาง,31
2023,Feb,ลำปาง,31
2023,Mar,ลำปาง,31
2023,Apr,ลำปาง,31
2023,May,ลำปาง,31
2023,Jun,ลำปาง,31
2023,Jul,ลำปาง,31
2023,Aug,ลำปาง,31
2023,Sep,ลำปาง,31
2023,Oct,ลำปาง,31
2023,Nov,ลำปาง,31
2023,Dec,ลำปาง,31
2024,Jan,ลำปาง,15
2024,Feb,ลำปาง,15
2024,Mar,ลำปาง,15
2024,Apr,ลำปาง,15
2024,May,ลำปาง,15
2024,Jun,ลำปาง,15
2024,Jul,ลำปาง,15
2024,Aug,ลำปาง,15
2024,Sep,ลำปาง,15
2024,Oct,ลำปาง,15
2024,Nov,ลำปาง,15
2024,Dec,ลำปาง,15
2020,Jan,ลำพูน,16
2020,Feb,ลำพูน,16
2020,Mar,ลำพูน,16
2020,Apr,ลำพูน,16
2020,May,ลำพูน,16
2020,Jun,ลำพูน,16
2020,Jul,ลำพูน,16
2020,Aug,ลำพูน,16
2020,Sep,ลำพูน,16
2020,Oct,ลำพูน,16
2020,Nov,ลำพูน,16
2020,Dec,ลำพูน,16
2021,Jan,ลำพูน,20
2021,Feb,ลำพูน,20
2021,Mar,ลำพูน,20
2021,Apr,ลำพูน,20
2021,May,ลำพูน,20
2021,Jun,ลำพูน,20
2021,Jul,ลำพูน,20
2021,Aug,ลำพูน,20
2021,Sep,ลำพูน,20
2021,Oct,ลำพูน,20
2021,Nov,ลำพูน,20
2021,Dec,ลำพูน,20
2022,Jan,ลำพูน,12
2022,Feb,ลำพูน,12
2022,Mar,ลำพูน,12
2022,Apr,ลำพูน,12
2022,May,ลำพูน,12
2022,Jun,ลำพูน,12
2022,Jul,ลำพูน,12
2022,Aug,ลำพูน,12
2022,Sep,ลำพูน,12
2022,Oct,ลำพูน,12
2022,Nov,ลำพูน,12
2022,Dec,ลำพูน,12
2023,Jan,ลำพูน,11
2023,Feb,ลำพูน,11
2023,Mar,ลำพูน,11
2023,Apr,ลำพูน,11
2023,May,ลำพูน,11
2023,Jun,ลำพูน,11
2023,Jul,ลำพูน,11
2023,Aug,ลำพูน,11
2023,Sep,ลำพูน,11
2023,Oct,ลำพูน,11
2023,Nov,ลำพูน,11
2023,Dec,ลำพูน,11
2024,Jan,ลำพูน,22
2024,Feb,ลำพูน,22
2024,Mar,ลำพูน,22
2024,Apr,ลำพูน,22
2024,May,ลำพูน,22
2024,Jun,ลำพูน,22
2024,Jul,ลำพูน,22
2024,Aug,ลำพูน,22
2024,Sep,ลำพูน,22
2024,Oct,ลำพูน,22
2024,Nov,ลำพูน,22
2024,Dec,ลำพูน,22
2020,Jan,ศรีสะเกษ,12
2020,Feb,ศรีสะเกษ,12
2020,Mar,ศรีสะเกษ,12
2020,Apr,ศรีสะเกษ,12
2020,May,ศรีสะเกษ,12
2020,Jun,ศรีสะเกษ,12
2020,Jul,ศรีสะเกษ,12
2020,Aug,ศรีสะเกษ,12
2020,Sep,ศรีสะเกษ,12
2020,Oct,ศรีสะเกษ,12
2020,Nov,ศรีสะเกษ,12
2020,Dec,ศรีสะเกษ,12
2021,Jan,ศรีสะเกษ,13
2021,Feb,ศรีสะเกษ,13
2021,Mar,ศรีสะเกษ,13
2021,Apr,ศรีสะเกษ,13
2021,May,ศรีสะเกษ,13
2021,Jun,ศรีสะเกษ,13
2021,Jul,ศรีสะเกษ,13
2021,Aug,ศรีสะเกษ,13
2021,Sep,ศรีสะเกษ,13
2021,Oct,ศรีสะเกษ,13
2021,Nov,ศรีสะเกษ,13
2021,Dec,ศรีสะเกษ,13
2022,Jan,ศรีสะเกษ,13
2022,Feb,ศรีสะเกษ,13
2022,Mar,ศรีสะเกษ,13
2022,Apr,ศรีสะเกษ,13
2022,May,ศรีสะเกษ,13
2022,Jun,ศรีสะเกษ,13
2022,Jul,ศรีสะเกษ,13
2022,Aug,ศรีสะเกษ,13
2022,Sep,ศรีสะเกษ,13
2022,Oct,ศรีสะเกษ,13
2022,Nov,ศรีสะเกษ,13
2022,Dec,ศรีสะเกษ,13
2023,Jan,ศรีสะเกษ,10
2023,Feb,ศรีสะเกษ,10
2023,Mar,ศรีสะเกษ,10
2023,Apr,ศรีสะเกษ,10
2023,May,ศรีสะเกษ,10
2023,Jun,ศรีสะเกษ,10
2023,Jul,ศรีสะเกษ,10
2023,Aug,ศรีสะเกษ,10
2023,Sep,ศรีสะเกษ,10
2023,Oct,ศรีสะเกษ,10
2023,Nov,ศรีสะเกษ,10
2023,Dec,ศรีสะเกษ,10
2024,Jan,ศรีสะเกษ,8
2024,Feb,ศรีสะเกษ,8
2024,Mar,ศรีสะเกษ,8
2024,Apr,ศรีสะเกษ,8
2024,May,ศรีสะเกษ,8
2024,Jun,ศรีสะเกษ,8
2024,Jul,ศรีสะเกษ,8
2024,Aug,ศรีสะเกษ,8
2024,Sep,ศรีสะเกษ,8
2024,Oct,ศรีสะเกษ,8
2024,Nov,ศรีสะเกษ,8
2024,Dec,ศรีสะเกษ,8
2020,Jan,สกลนคร,18
2020,Feb,สกลนคร,18
2020,Mar,สกลนคร,18
2020,Apr,สกลนคร,18
2020,May,สกลนคร,18
2020,Jun,สกลนคร,18
2020,Jul,สกลนคร,18
2020,Aug,สกลนคร,18
2020,Sep,สกลนคร,18
2020,Oct,สกลนคร,18
2020,Nov,สกลนคร,18
2020,Dec,สกลนคร,18
2021,Jan,สกลนคร,14
2021,Feb,สกลนคร,14
2021,Mar,สกลนคร,14
2021,Apr,สกลนคร,14
2021,May,สกลนคร,14
2021,Jun,สกลนคร,14
2021,Jul,สกลนคร,14
2021,Aug,สกลนคร,14
2021,Sep,สกลนคร,14
2021,Oct,สกลนคร,14
2021,Nov,สกลนคร,14
2021,Dec,สกลนคร,14
2022,Jan,สกลนคร,12
2022,Feb,สกลนคร,12
2022,Mar,สกลนคร,12
2022,Apr,สกลนคร,12
2022,May,สกลนคร,12
2022,Jun,สกลนคร,12
2022,Jul,สกลนคร,12
2022,Aug,สกลนคร,12
2022,Sep,สกลนคร,12
2022,Oct,สกลนคร,12
2022,Nov,สกลนคร,12
2022,Dec,สกลนคร,12
2023,Jan,สกลนคร,12
2023,Feb,สกลนคร,12
2023,Mar,สกลนคร,12
2023,Apr,สกลนคร,12
2023,May,สกลนคร,12
2023,Jun,สกลนคร,12
2023,Jul,สกลนคร,12
2023,Aug,สกลนคร,12
2023,Sep,สกลนคร,12
2023,Oct,สกลนคร,12
2023,Nov,สกลนคร,12
2023,Dec,สกลนคร,12
2024,Jan,สกลนคร,17
2024,Feb,สกลนคร,17
2024,Mar,สกลนคร,17
2024,Apr,สกลนคร,17
2024,May,สกลนคร,17
2024,Jun,สกลนคร,17
2024,Jul,สกลนคร,17
2024,Aug,สกลนคร,17
2024,Sep,สกลนคร,17
2024,Oct,สกลนคร,17
2024,Nov,สกลนคร,17
2024,Dec,สกลนคร,17
2020,Jan,สงขลา,44
2020,Feb,สงขลา,44
2020,Mar,สงขลา,44
2020,Apr,สงขลา,44
2020,May,สงขลา,44
2020,Jun,สงขลา,44
2020,Jul,สงขลา,44
2020,Aug,สงขลา,44
2020,Sep,สงขลา,44
2020,Oct,สงขลา,44
2020,Nov,สงขลา,44
2020,Dec,สงขลา,44
2021,Jan,สงขลา,53
2021,Feb,สงขลา,53
2021,Mar,สงขลา,53
2021,Apr,สงขลา,53
2021,May,สงขลา,53
2021,Jun,สงขลา,53
2021,Jul,สงขลา,53
2021,Aug,สงขลา,53
2021,Sep,สงขลา,53
2021,Oct,สงขลา,53
2021,Nov,สงขลา,53
2021,Dec,สงขลา,53
2022,Jan,สงขลา,56
2022,Feb,สงขลา,56
2022,Mar,สงขลา,56
2022,Apr,สงขลา,56
2022,May,สงขลา,56
2022,Jun,สงขลา,56
2022,Jul,สงขลา,56
2022,Aug,สงขลา,56
2022,Sep,สงขลา,56
2022,Oct,สงขลา,56
2022,Nov,สงขลา,56
2022,Dec,สงขลา,56
2023,Jan,สงขลา,48
2023,Feb,สงขลา,48
2023,Mar,สงขลา,48
2023,Apr,สงขลา,48
2023,May,สงขลา,48
2023,Jun,สงขลา,48
2023,Jul,สงขลา,48
2023,Aug,สงขลา,48
2023,Sep,สงขลา,48
2023,Oct,สงขลา,48
2023,Nov,สงขลา,48
2023,Dec,สงขลา,48
2024,Jan,สงขลา,44
2024,Feb,สงขลา,44
2024,Mar,สงขลา,44
2024,Apr,สงขลา,44
2024,May,สงขลา,44
2024,Jun,สงขลา,44
2024,Jul,สงขลา,44
2024,Aug,สงขลา,44
2024,Sep,สงขลา,44
2024,Oct,สงขลา,44
2024,Nov,สงขลา,44
2024,Dec,สงขลา,44
2020,Jan,สตูล,10
2020,Feb,สตูล,10
2020,Mar,สตูล,10
2020,Apr,สตูล,10
2020,May,สตูล,10
2020,Jun,สตูล,10
2020,Jul,สตูล,10
2020,Aug,สตูล,10
2020,Sep,สตูล,10
2020,Oct,สตูล,10
2020,Nov,สตูล,10
2020,Dec,สตูล,10
2021,Jan,สตูล,15
2021,Feb,สตูล,15
2021,Mar,สตูล,15
2021,Apr,สตูล,15
2021,May,สตูล,15
2021,Jun,สตูล,15
2021,Jul,สตูล,15
2021,Aug,สตูล,15
2021,Sep,สตูล,15
2021,Oct,สตูล,15
2021,Nov,สตูล,15
2021,Dec,สตูล,15
2022,Jan,สตูล,10
2022,Feb,สตูล,10
2022,Mar,สตูล,10
2022,Apr,สตูล,10
2022,May,สตูล,10
2022,Jun,สตูล,10
2022,Jul,สตูล,10
2022,Aug,สตูล,10
2022,Sep,สตูล,10
2022,Oct,สตูล,10
2022,Nov,สตูล,10
2022,Dec,สตูล,10
2023,Jan,สตูล,12
2023,Feb,สตูล,12
2023,Mar,สตูล,12
2023,Apr,สตูล,12
2023,May,สตูล,12
2023,Jun,สตูล,12
2023,Jul,สตูล,12
2023,Aug,สตูล,12
2023,Sep,สตูล,12
2023,Oct,สตูล,12
2023,Nov,สตูล,12
2023,Dec,สตูล,12
2024,Jan,สตูล,2
2024,Feb,สตูล,2
2024,Mar,สตูล,2
2024,Apr,สตูล,2
2024,May,สตูล,2
2024,Jun,สตูล,2
2024,Jul,สตูล,2
2024,Aug,สตูล,2
2024,Sep,สตูล,2
2024,Oct,สตูล,2
2024,Nov,สตูล,2
2024,Dec,สตูล,2
2020,Jan,สมุทรปราการ,205
2020,Feb,สมุทรปราการ,205
2020,Mar,สมุทรปราการ,205
2020,Apr,สมุทรปราการ,205
2020,May,สมุทรปราการ,205
2020,Jun,สมุทรปราการ,205
2020,Jul,สมุทรปราการ,205
2020,Aug,สมุทรปราการ,205
2020,Sep,สมุทรปราการ,205
2020,Oct,สมุทรปราการ,205
2020,Nov,สมุทรปราการ,205
2020,Dec,สมุทรปราการ,205
2021,Jan,สมุทรปราการ,145
2021,Feb,สมุทรปราการ,145
2021,Mar,สมุทรปราการ,145
2021,Apr,สมุทรปราการ,145
2021,May,สมุทรปราการ,145
2021,Jun,สมุทรปราการ,145
2021,Jul,สมุทรปราการ,145
2021,Aug,สมุทรปราการ,145
2021,Sep,สมุทรปราการ,145
2021,Oct,สมุทรปราการ,145
2021,Nov,สมุทรปราการ,145
2021,Dec,สมุทรปราการ,145
2022,Jan,สมุทรปราการ,171
2022,Feb,สมุทรปราการ,171
2022,Mar,สมุทรปราการ,171
2022,Apr,สมุทรปราการ,171
2022,May,สมุทรปราการ,171
2022,Jun,สมุทรปราการ,171
2022,Jul,สมุทรปราการ,171
2022,Aug,สมุทรปราการ,171
2022,Sep,สมุทรปราการ,171
2022,Oct,สมุทรปราการ,171
2022,Nov,สมุทรปราการ,171
2022,Dec,สมุทรปราการ,171
2023,Jan,สมุทรปราการ,216
2023,Feb,สมุทรปราการ,216
2023,Mar,สมุทรปราการ,216
2023,Apr,สมุทรปราการ,216
2023,May,สมุทรปราการ,216
2023,Jun,สมุทรปราการ,216
2023,Jul,สมุทรปราการ,216
2023,Aug,สมุทรปราการ,216
2023,Sep,สมุทรปราการ,216
2023,Oct,สมุทรปราการ,216
2023,Nov,สมุทรปราการ,216
2023,Dec,สมุทรปราการ,216
2024,Jan,สมุทรปราการ,200
2024,Feb,สมุทรปราการ,200
2024,Mar,สมุทรปราการ,200
2024,Apr,สมุทรปราการ,200
2024,May,สมุทรปราการ,200
2024,Jun,สมุทรปราการ,200
2024,Jul,สมุทรปราการ,200
2024,Aug,สมุทรปราการ,200
2024,Sep,สมุทรปราการ,200
2024,Oct,สมุทรปราการ,200
2024,Nov,สมุทรปราการ,200
2024,Dec,สมุทรปราการ,200
2020,Jan,สมุทรสงคราม,2
2020,Feb,สมุทรสงคราม,2
2020,Mar,สมุทรสงคราม,2
2020,Apr,สมุทรสงคราม,2
2020,May,สมุทรสงคราม,2
2020,Jun,สมุทรสงคราม,2
2020,Jul,สมุทรสงคราม,2
2020,Aug,สมุทรสงคราม,2
2020,Sep,สมุทรสงคราม,2
2020,Oct,สมุทรสงคราม,2
2020,Nov,สมุทรสงคราม,2
2020,Dec,สมุทรสงคราม,2
2021,Jan,สมุทรสงคราม,7
2021,Feb,สมุทรสงคราม,7
2021,Mar,สมุทรสงคราม,7
2021,Apr,สมุทรสงคราม,7
2021,May,สมุทรสงคราม,7
2021,Jun,สมุทรสงคราม,7
2021,Jul,สมุทรสงคราม,7
2021,Aug,สมุทรสงคราม,7
2021,Sep,สมุทรสงคราม,7
2021,Oct,สมุทรสงคราม,7
2021,Nov,สมุทรสงคราม,7
2021,Dec,สมุทรสงคราม,7
2022,Jan,สมุทรสงคราม,5
2022,Feb,สมุทรสงคราม,5
2022,Mar,สมุทรสงคราม,5
2022,Apr,สมุทรสงคราม,5
2022,May,สมุทรสงคราม,5
2022,Jun,สมุทรสงคราม,5
2022,Jul,สมุทรสงคราม,5
2022,Aug,สมุทรสงคราม,5
2022,Sep,สมุทรสงคราม,5
2022,Oct,สมุทรสงคราม,5
2022,Nov,สมุทรสงคราม,5
2022,Dec,สมุทรสงคราม,5
2023,Jan,สมุทรสงคราม,0
2023,Feb,สมุทรสงคราม,0
2023,Mar,สมุทรสงคราม,0
2023,Apr,สมุทรสงคราม,0
2023,May,สมุทรสงคราม,0
2023,Jun,สมุทรสงคราม,0
2023,Jul,สมุทรสงคราม,0
2023,Aug,สมุทรสงคราม,0
2023,Sep,สมุทรสงคราม,0
2023,Oct,สมุทรสงคราม,0
2023,Nov,สมุทรสงคราม,0
2023,Dec,สมุทรสงคราม,0
2024,Jan,สมุทรสงคราม,1
2024,Feb,สมุทรสงคราม,1
2024,Mar,สมุทรสงคราม,1
2024,Apr,สมุทรสงคราม,1
2024,May,สมุทรสงคราม,1
2024,Jun,สมุทรสงคราม,1
2024,Jul,สมุทรสงคราม,1
2024,Aug,สมุทรสงคราม,1
2024,Sep,สมุทรสงคราม,1
2024,Oct,สมุทรสงคราม,1
2024,Nov,สมุทรสงคราม,1
2024,Dec,สมุทรสงคราม,1
2020,Jan,สมุทรสาคร,288
2020,Feb,สมุทรสาคร,288
2020,Mar,สมุทรสาคร,288
2020,Apr,สมุทรสาคร,288
2020,May,สมุทรสาคร,288
2020,Jun,สมุทรสาคร,288
2020,Jul,สมุทรสาคร,288
2020,Aug,สมุทรสาคร,288
2020,Sep,สมุทรสาคร,288
2020,Oct,สมุทรสาคร,288
2020,Nov,สมุทรสาคร,288
2020,Dec,สมุทรสาคร,288
2021,Jan,สมุทรสาคร,233
2021,Feb,สมุทรสาคร,233
2021,Mar,สมุทรสาคร,233
2021,Apr,สมุทรสาคร,233
2021,May,สมุทรสาคร,233
2021,Jun,สมุทรสาคร,233
2021,Jul,สมุทรสาคร,233
2021,Aug,สมุทรสาคร,233
2021,Sep,สมุทรสาคร,233
2021,Oct,สมุทรสาคร,233
2021,Nov,สมุทรสาคร,233
2021,Dec,สมุทรสาคร,233
2022,Jan,สมุทรสาคร,196
2022,Feb,สมุทรสาคร,196
2022,Mar,สมุทรสาคร,196
2022,Apr,สมุทรสาคร,196
2022,May,สมุทรสาคร,196
2022,Jun,สมุทรสาคร,196
2022,Jul,สมุทรสาคร,196
2022,Aug,สมุทรสาคร,196
2022,Sep,สมุทรสาคร,196
2022,Oct,สมุทรสาคร,196
2022,Nov,สมุทรสาคร,196
2022,Dec,สมุทรสาคร,196
2023,Jan,สมุทรสาคร,238
2023,Feb,สมุทรสาคร,238
2023,Mar,สมุทรสาคร,238
2023,Apr,สมุทรสาคร,238
2023,May,สมุทรสาคร,238
2023,Jun,สมุทรสาคร,238
2023,Jul,สมุทรสาคร,238
2023,Aug,สมุทรสาคร,238
2023,Sep,สมุทรสาคร,238
2023,Oct,สมุทรสาคร,238
2023,Nov,สมุทรสาคร,238
2023,Dec,สมุทรสาคร,238
2024,Jan,สมุทรสาคร,165
2024,Feb,สมุทรสาคร,165
2024,Mar,สมุทรสาคร,165
2024,Apr,สมุทรสาคร,165
2024,May,สมุทรสาคร,165
2024,Jun,สมุทรสาคร,165
2024,Jul,สมุทรสาคร,165
2024,Aug,สมุทรสาคร,165
2024,Sep,สมุทรสาคร,165
2024,Oct,สมุทรสาคร,165
2024,Nov,สมุทรสาคร,165
2024,Dec,สมุทรสาคร,165
2020,Jan,สระบุรี,56
2020,Feb,สระบุรี,56
2020,Mar,สระบุรี,56
2020,Apr,สระบุรี,56
2020,May,สระบุรี,56
2020,Jun,สระบุรี,56
2020,Jul,สระบุรี,56
2020,Aug,สระบุรี,56
2020,Sep,สระบุรี,56
2020,Oct,สระบุรี,56
2020,Nov,สระบุรี,56
2020,Dec,สระบุรี,56
2021,Jan,สระบุรี,63
2021,Feb,สระบุรี,63
2021,Mar,สระบุรี,63
2021,Apr,สระบุรี,63
2021,May,สระบุรี,63
2021,Jun,สระบุรี,63
2021,Jul,สระบุรี,63
2021,Aug,สระบุรี,63
2021,Sep,สระบุรี,63
2021,Oct,สระบุรี,63
2021,Nov,สระบุรี,63
2021,Dec,สระบุรี,63
2022,Jan,สระบุรี,45
2022,Feb,สระบุรี,45
2022,Mar,สระบุรี,45
2022,Apr,สระบุรี,45
2022,May,สระบุรี,45
2022,Jun,สระบุรี,45
2022,Jul,สระบุรี,45
2022,Aug,สระบุรี,45
2022,Sep,สระบุรี,45
2022,Oct,สระบุรี,45
2022,Nov,สระบุรี,45
2022,Dec,สระบุรี,45
2023,Jan,สระบุรี,42
2023,Feb,สระบุรี,42
2023,Mar,สระบุรี,42
2023,Apr,สระบุรี,42
2023,May,สระบุรี,42
2023,Jun,สระบุรี,42
2023,Jul,สระบุรี,42
2023,Aug,สระบุรี,42
2023,Sep,สระบุรี,42
2023,Oct,สระบุรี,42
2023,Nov,สระบุรี,42
2023,Dec,สระบุรี,42
2024,Jan,สระบุรี,34
2024,Feb,สระบุรี,34
2024,Mar,สระบุรี,34
2024,Apr,สระบุรี,34
2024,May,สระบุรี,34
2024,Jun,สระบุรี,34
2024,Jul,สระบุรี,34
2024,Aug,สระบุรี,34
2024,Sep,สระบุรี,34
2024,Oct,สระบุรี,34
2024,Nov,สระบุรี,34
2024,Dec,สระบุรี,34
2020,Jan,สระแก้ว,5
2020,Feb,สระแก้ว,5
2020,Mar,สระแก้ว,5
2020,Apr,สระแก้ว,5
2020,May,สระแก้ว,5
2020,Jun,สระแก้ว,5
2020,Jul,สระแก้ว,5
2020,Aug,สระแก้ว,5
2020,Sep,สระแก้ว,5
2020,Oct,สระแก้ว,5
2020,Nov,สระแก้ว,5
2020,Dec,สระแก้ว,5
2021,Jan,สระแก้ว,17
2021,Feb,สระแก้ว,17
2021,Mar,สระแก้ว,17
2021,Apr,สระแก้ว,17
2021,May,สระแก้ว,17
2021,Jun,สระแก้ว,17
2021,Jul,สระแก้ว,17
2021,Aug,สระแก้ว,17
2021,Sep,สระแก้ว,17
2021,Oct,สระแก้ว,17
2021,Nov,สระแก้ว,17
2021,Dec,สระแก้ว,17
2022,Jan,สระแก้ว,16
2022,Feb,สระแก้ว,16
2022,Mar,สระแก้ว,16
2022,Apr,สระแก้ว,16
2022,May,สระแก้ว,16
2022,Jun,สระแก้ว,16
2022,Jul,สระแก้ว,16
2022,Aug,สระแก้ว,16
2022,Sep,สระแก้ว,16
2022,Oct,สระแก้ว,16
2022,Nov,สระแก้ว,16
2022,Dec,สระแก้ว,16
2023,Jan,สระแก้ว,7
2023,Feb,สระแก้ว,7
2023,Mar,สระแก้ว,7
2023,Apr,สระแก้ว,7
2023,May,สระแก้ว,7
2023,Jun,สระแก้ว,7
2023,Jul,สระแก้ว,7
2023,Aug,สระแก้ว,7
2023,Sep,สระแก้ว,7
2023,Oct,สระแก้ว,7
2023,Nov,สระแก้ว,7
2023,Dec,สระแก้ว,7
2024,Jan,สระแก้ว,3
2024,Feb,สระแก้ว,3
2024,Mar,สระแก้ว,3
2024,Apr,สระแก้ว,3
2024,May,สระแก้ว,3
2024,Jun,สระแก้ว,3
2024,Jul,สระแก้ว,3
2024,Aug,สระแก้ว,3
2024,Sep,สระแก้ว,3
2024,Oct,สระแก้ว,3
2024,Nov,สระแก้ว,3
2024,Dec,สระแก้ว,3
2020,Jan,สิงห์บุรี,6
2020,Feb,สิงห์บุรี,6
2020,Mar,สิงห์บุรี,6
2020,Apr,สิงห์บุรี,6
2020,May,สิงห์บุรี,6
2020,Jun,สิงห์บุรี,6
2020,Jul,สิงห์บุรี,6
2020,Aug,สิงห์บุรี,6
2020,Sep,สิงห์บุรี,6
2020,Oct,สิงห์บุรี,6
2020,Nov,สิงห์บุรี,6
2020,Dec,สิงห์บุรี,6
2021,Jan,สิงห์บุรี,6
2021,Feb,สิงห์บุรี,6
2021,Mar,สิงห์บุรี,6
2021,Apr,สิงห์บุรี,6
2021,May,สิงห์บุรี,6
2021,Jun,สิงห์บุรี,6
2021,Jul,สิงห์บุรี,6
2021,Aug,สิงห์บุรี,6
2021,Sep,สิงห์บุรี,6
2021,Oct,สิงห์บุรี,6
2021,Nov,สิงห์บุรี,6
2021,Dec,สิงห์บุรี,6
2022,Jan,สิงห์บุรี,12
2022,Feb,สิงห์บุรี,12
2022,Mar,สิงห์บุรี,12
2022,Apr,สิงห์บุรี,12
2022,May,สิงห์บุรี,12
2022,Jun,สิงห์บุรี,12
2022,Jul,สิงห์บุรี,12
2022,Aug,สิงห์บุรี,12
2022,Sep,สิงห์บุรี,12
2022,Oct,สิงห์บุรี,12
2022,Nov,สิงห์บุรี,12
2022,Dec,สิงห์บุรี,12
2023,Jan,สิงห์บุรี,9
2023,Feb,สิงห์บุรี,9
2023,Mar,สิงห์บุรี,9
2023,Apr,สิงห์บุรี,9
2023,May,สิงห์บุรี,9
2023,Jun,สิงห์บุรี,9
2023,Jul,สิงห์บุรี,9
2023,Aug,สิงห์บุรี,9
2023,Sep,สิงห์บุรี,9
2023,Oct,สิงห์บุรี,9
2023,Nov,สิงห์บุรี,9
2023,Dec,สิงห์บุรี,9
2024,Jan,สิงห์บุรี,18
2024,Feb,สิงห์บุรี,18
2024,Mar,สิงห์บุรี,18
2024,Apr,สิงห์บุรี,18
2024,May,สิงห์บุรี,18
2024,Jun,สิงห์บุรี,18
2024,Jul,สิงห์บุรี,18
2024,Aug,สิงห์บุรี,18
2024,Sep,สิงห์บุรี,18
2024,Oct,สิงห์บุรี,18
2024,Nov,สิงห์บุรี,18
2024,Dec,สิงห์บุรี,18
2020,Jan,สุพรรณบุรี,28
2020,Feb,สุพรรณบุรี,28
2020,Mar,สุพรรณบุรี,28
2020,Apr,สุพรรณบุรี,28
2020,May,สุพรรณบุรี,28
2020,Jun,สุพรรณบุรี,28
2020,Jul,สุพรรณบุรี,28
2020,Aug,สุพรรณบุรี,28
2020,Sep,สุพรรณบุรี,28
2020,Oct,สุพรรณบุรี,28
2020,Nov,สุพรรณบุรี,28
2020,Dec,สุพรรณบุรี,28
2021,Jan,สุพรรณบุรี,24
2021,Feb,สุพรรณบุรี,24
2021,Mar,สุพรรณบุรี,24
2021,Apr,สุพรรณบุรี,24
2021,May,สุพรรณบุรี,24
2021,Jun,สุพรรณบุรี,24
2021,Jul,สุพรรณบุรี,24
2021,Aug,สุพรรณบุรี,24
2021,Sep,สุพรรณบุรี,24
2021,Oct,สุพรรณบุรี,24
2021,Nov,สุพรรณบุรี,24
2021,Dec,สุพรรณบุรี,24
2022,Jan,สุพรรณบุรี,21
2022,Feb,สุพรรณบุรี,21
2022,Mar,สุพรรณบุรี,21
2022,Apr,สุพรรณบุรี,21
2022,May,สุพรรณบุรี,21
2022,Jun,สุพรรณบุรี,21
2022,Jul,สุพรรณบุรี,21
2022,Aug,สุพรรณบุรี,21
2022,Sep,สุพรรณบุรี,21
2022,Oct,สุพรรณบุรี,21
2022,Nov,สุพรรณบุรี,21
2022,Dec,สุพรรณบุรี,21
2023,Jan,สุพรรณบุรี,20
2023,Feb,สุพรรณบุรี,20
2023,Mar,สุพรรณบุรี,20
2023,Apr,สุพรรณบุรี,20
2023,May,สุพรรณบุรี,20
2023,Jun,สุพรรณบุรี,20
2023,Jul,สุพรรณบุรี,20
2023,Aug,สุพรรณบุรี,20
2023,Sep,สุพรรณบุรี,20
2023,Oct,สุพรรณบุรี,20
2023,Nov,สุพรรณบุรี,20
2023,Dec,สุพรรณบุรี,20
2024,Jan,สุพรรณบุรี,13
2024,Feb,สุพรรณบุรี,13
2024,Mar,สุพรรณบุรี,13
2024,Apr,สุพรรณบุรี,13
2024,May,สุพรรณบุรี,13
2024,Jun,สุพรรณบุรี,13
2024,Jul,สุพรรณบุรี,13
2024,Aug,สุพรรณบุรี,13
2024,Sep,สุพรรณบุรี,13
2024,Oct,สุพรรณบุรี,13
2024,Nov,สุพรรณบุรี,13
2024,Dec,สุพรรณบุรี,13
2020,Jan,สุราษฎร์ธานี,51
2020,Feb,สุราษฎร์ธานี,51
2020,Mar,สุราษฎร์ธานี,51
2020,Apr,สุราษฎร์ธานี,51
2020,May,สุราษฎร์ธานี,51
2020,Jun,สุราษฎร์ธานี,51
2020,Jul,สุราษฎร์ธานี,51
2020,Aug,สุราษฎร์ธานี,51
2020,Sep,สุราษฎร์ธานี,51
2020,Oct,สุราษฎร์ธานี,51
2020,Nov,สุราษฎร์ธานี,51
2020,Dec,สุราษฎร์ธานี,51
2021,Jan,สุราษฎร์ธานี,64
2021,Feb,สุราษฎร์ธานี,64
2021,Mar,สุราษฎร์ธานี,64
2021,Apr,สุราษฎร์ธานี,64
2021,May,สุราษฎร์ธานี,64
2021,Jun,สุราษฎร์ธานี,64
2021,Jul,สุราษฎร์ธานี,64
2021,Aug,สุราษฎร์ธานี,64
2021,Sep,สุราษฎร์ธานี,64
2021,Oct,สุราษฎร์ธานี,64
2021,Nov,สุราษฎร์ธานี,64
2021,Dec,สุราษฎร์ธานี,64
2022,Jan,สุราษฎร์ธานี,45
2022,Feb,สุราษฎร์ธานี,45
2022,Mar,สุราษฎร์ธานี,45
2022,Apr,สุราษฎร์ธานี,45
2022,May,สุราษฎร์ธานี,45
2022,Jun,สุราษฎร์ธานี,45
2022,Jul,สุราษฎร์ธานี,45
2022,Aug,สุราษฎร์ธานี,45
2022,Sep,สุราษฎร์ธานี,45
2022,Oct,สุราษฎร์ธานี,45
2022,Nov,สุราษฎร์ธานี,45
2022,Dec,สุราษฎร์ธานี,45
2023,Jan,สุราษฎร์ธานี,53
2023,Feb,สุราษฎร์ธานี,53
2023,Mar,สุราษฎร์ธานี,53
2023,Apr,สุราษฎร์ธานี,53
2023,May,สุราษฎร์ธานี,53
2023,Jun,สุราษฎร์ธานี,53
2023,Jul,สุราษฎร์ธานี,53
2023,Aug,สุราษฎร์ธานี,53
2023,Sep,สุราษฎร์ธานี,53
2023,Oct,สุราษฎร์ธานี,53
2023,Nov,สุราษฎร์ธานี,53
2023,Dec,สุราษฎร์ธานี,53
2024,Jan,สุราษฎร์ธานี,31
2024,Feb,สุราษฎร์ธานี,31
2024,Mar,สุราษฎร์ธานี,31
2024,Apr,สุราษฎร์ธานี,31
2024,May,สุราษฎร์ธานี,31
2024,Jun,สุราษฎร์ธานี,31
2024,Jul,สุราษฎร์ธานี,31
2024,Aug,สุราษฎร์ธานี,31
2024,Sep,สุราษฎร์ธานี,31
2024,Oct,สุราษฎร์ธานี,31
2024,Nov,สุราษฎร์ธานี,31
2024,Dec,สุราษฎร์ธานี,31
2020,Jan,สุรินทร์,17
2020,Feb,สุรินทร์,17
2020,Mar,สุรินทร์,17
2020,Apr,สุรินทร์,17
2020,May,สุรินทร์,17
2020,Jun,สุรินทร์,17
2020,Jul,สุรินทร์,17
2020,Aug,สุรินทร์,17
2020,Sep,สุรินทร์,17
2020,Oct,สุรินทร์,17
2020,Nov,สุรินทร์,17
2020,Dec,สุรินทร์,17
2021,Jan,สุรินทร์,21
2021,Feb,สุรินทร์,21
2021,Mar,สุรินทร์,21
2021,Apr,สุรินทร์,21
2021,May,สุรินทร์,21
2021,Jun,สุรินทร์,21
2021,Jul,สุรินทร์,21
2021,Aug,สุรินทร์,21
2021,Sep,สุรินทร์,21
2021,Oct,สุรินทร์,21
2021,Nov,สุรินทร์,21
2021,Dec,สุรินทร์,21
2022,Jan,สุรินทร์,17
2022,Feb,สุรินทร์,17
2022,Mar,สุรินทร์,17
2022,Apr,สุรินทร์,17
2022,May,สุรินทร์,17
2022,Jun,สุรินทร์,17
2022,Jul,สุรินทร์,17
2022,Aug,สุรินทร์,17
2022,Sep,สุรินทร์,17
2022,Oct,สุรินทร์,17
2022,Nov,สุรินทร์,17
2022,Dec,สุรินทร์,17
2023,Jan,สุรินทร์,12
2023,Feb,สุรินทร์,12
2023,Mar,สุรินทร์,12
2023,Apr,สุรินทร์,12
2023,May,สุรินทร์,12
2023,Jun,สุรินทร์,12
2023,Jul,สุรินทร์,12
2023,Aug,สุรินทร์,12
2023,Sep,สุรินทร์,12
2023,Oct,สุรินทร์,12
2023,Nov,สุรินทร์,12
2023,Dec,สุรินทร์,12
2024,Jan,สุรินทร์,26
2024,Feb,สุรินทร์,26
2024,Mar,สุรินทร์,26
2024,Apr,สุรินทร์,26
2024,May,สุรินทร์,26
2024,Jun,สุรินทร์,26
2024,Jul,สุรินทร์,26
2024,Aug,สุรินทร์,26
2024,Sep,สุรินทร์,26
2024,Oct,สุรินทร์,26
2024,Nov,สุรินทร์,26
2024,Dec,สุรินทร์,26
2020,Jan,สุโขทัย,13
2020,Feb,สุโขทัย,13
2020,Mar,สุโขทัย,13
2020,Apr,สุโขทัย,13
2020,May,สุโขทัย,13
2020,Jun,สุโขทัย,13
2020,Jul,สุโขทัย,13
2020,Aug,สุโขทัย,13
2020,Sep,สุโขทัย,13
2020,Oct,สุโขทัย,13
2020,Nov,สุโขทัย,13
2020,Dec,สุโขทัย,13
2021,Jan,สุโขทัย,22
2021,Feb,สุโขทัย,22
2021,Mar,สุโขทัย,22
2021,Apr,สุโขทัย,22
2021,May,สุโขทัย,22
2021,Jun,สุโขทัย,22
2021,Jul,สุโขทัย,22
2021,Aug,สุโขทัย,22
2021,Sep,สุโขทัย,22
2021,Oct,สุโขทัย,22
2021,Nov,สุโขทัย,22
2021,Dec,สุโขทัย,22
2022,Jan,สุโขทัย,8
2022,Feb,สุโขทัย,8
2022,Mar,สุโขทัย,8
2022,Apr,สุโขทัย,8
2022,May,สุโขทัย,8
2022,Jun,สุโขทัย,8
2022,Jul,สุโขทัย,8
2022,Aug,สุโขทัย,8
2022,Sep,สุโขทัย,8
2022,Oct,สุโขทัย,8
2022,Nov,สุโขทัย,8
2022,Dec,สุโขทัย,8
2023,Jan,สุโขทัย,21
2023,Feb,สุโขทัย,21
2023,Mar,สุโขทัย,21
2023,Apr,สุโขทัย,21
2023,May,สุโขทัย,21
2023,Jun,สุโขทัย,21
2023,Jul,สุโขทัย,21
2023,Aug,สุโขทัย,21
2023,Sep,สุโขทัย,21
2023,Oct,สุโขทัย,21
2023,Nov,สุโขทัย,21
2023,Dec,สุโขทัย,21
2024,Jan,สุโขทัย,17
2024,Feb,สุโขทัย,17
2024,Mar,สุโขทัย,17
2024,Apr,สุโขทัย,17
2024,May,สุโขทัย,17
2024,Jun,สุโขทัย,17
2024,Jul,สุโขทัย,17
2024,Aug,สุโขทัย,17
2024,Sep,สุโขทัย,17
2024,Oct,สุโขทัย,17
2024,Nov,สุโขทัย,17
2024,Dec,สุโขทัย,17
2020,Jan,หนองคาย,12
2020,Feb,หนองคาย,12
2020,Mar,หนองคาย,12
2020,Apr,หนองคาย,12
2020,May,หนองคาย,12
2020,Jun,หนองคาย,12
2020,Jul,หนองคาย,12
2020,Aug,หนองคาย,12
2020,Sep,หนองคาย,12
2020,Oct,หนองคาย,12
2020,Nov,หนองคาย,12
2020,Dec,หนองคาย,12
2021,Jan,หนองคาย,14
2021,Feb,หนองคาย,14
2021,Mar,หนองคาย,14
2021,Apr,หนองคาย,14
2021,May,หนองคาย,14
2021,Jun,หนองคาย,14
2021,Jul,หนองคาย,14
2021,Aug,หนองคาย,14
2021,Sep,หนองคาย,14
2021,Oct,หนองคาย,14
2021,Nov,หนองคาย,14
2021,Dec,หนองคาย,14
2022,Jan,หนองคาย,14
2022,Feb,หนองคาย,14
2022,Mar,หนองคาย,14
2022,Apr,หนองคาย,14
2022,May,หนองคาย,14
2022,Jun,หนองคาย,14
2022,Jul,หนองคาย,14
2022,Aug,หนองคาย,14
2022,Sep,หนองคาย,14
2022,Oct,หนองคาย,14
2022,Nov,หนองคาย,14
2022,Dec,หนองคาย,14
2023,Jan,หนองคาย,10
2023,Feb,หนองคาย,10
2023,Mar,หนองคาย,10
2023,Apr,หนองคาย,10
2023,May,หนองคาย,10
2023,Jun,หนองคาย,10
2023,Jul,หนองคาย,10
2023,Aug,หนองคาย,10
2023,Sep,หนองคาย,10
2023,Oct,หนองคาย,10
2023,Nov,หนองคาย,10
2023,Dec,หนองคาย,10
2024,Jan,หนองคาย,8
2024,Feb,หนองคาย,8
2024,Mar,หนองคาย,8
2024,Apr,หนองคาย,8
2024,May,หนองคาย,8
2024,Jun,หนองคาย,8
2024,Jul,หนองคาย,8
2024,Aug,หนองคาย,8
2024,Sep,หนองคาย,8
2024,Oct,หนองคาย,8
2024,Nov,หนองคาย,8
2024,Dec,หนองคาย,8
2020,Jan,หนองบัวลำภู,3
2020,Feb,หนองบัวลำภู,3
2020,Mar,หนองบัวลำภู,3
2020,Apr,หนองบัวลำภู,3
2020,May,หนองบัวลำภู,3
2020,Jun,หนองบัวลำภู,3
2020,Jul,หนองบัวลำภู,3
2020,Aug,หนองบัวลำภู,3
2020,Sep,หนองบัวลำภู,3
2020,Oct,หนองบัวลำภู,3
2020,Nov,หนองบัวลำภู,3
2020,Dec,หนองบัวลำภู,3
2021,Jan,หนองบัวลำภู,8
2021,Feb,หนองบัวลำภู,8
2021,Mar,หนองบัวลำภู,8
2021,Apr,หนองบัวลำภู,8
2021,May,หนองบัวลำภู,8
2021,Jun,หนองบัวลำภู,8
2021,Jul,หนองบัวลำภู,8
2021,Aug,หนองบัวลำภู,8
2021,Sep,หนองบัวลำภู,8
2021,Oct,หนองบัวลำภู,8
2021,Nov,หนองบัวลำภู,8
2021,Dec,หนองบัวลำภู,8
2022,Jan,หนองบัวลำภู,5
2022,Feb,หนองบัวลำภู,5
2022,Mar,หนองบัวลำภู,5
2022,Apr,หนองบัวลำภู,5
2022,May,หนองบัวลำภู,5
2022,Jun,หนองบัวลำภู,5
2022,Jul,หนองบัวลำภู,5
2022,Aug,หนองบัวลำภู,5
2022,Sep,หนองบัวลำภู,5
2022,Oct,หนองบัวลำภู,5
2022,Nov,หนองบัวลำภู,5
2022,Dec,หนองบัวลำภู,5
2023,Jan,หนองบัวลำภู,5
2023,Feb,หนองบัวลำภู,5
2023,Mar,หนองบัวลำภู,5
2023,Apr,หนองบัวลำภู,5
2023,May,หนองบัวลำภู,5
2023,Jun,หนองบัวลำภู,5
2023,Jul,หนองบัวลำภู,5
2023,Aug,หนองบัวลำภู,5
2023,Sep,หนองบัวลำภู,5
2023,Oct,หนองบัวลำภู,5
2023,Nov,หนองบัวลำภู,5
2023,Dec,หนองบัวลำภู,5
2024,Jan,หนองบัวลำภู,3
2024,Feb,หนองบัวลำภู,3
2024,Mar,หนองบัวลำภู,3
2024,Apr,หนองบัวลำภู,3
2024,May,หนองบัวลำภู,3
2024,Jun,หนองบัวลำภู,3
2024,Jul,หนองบัวลำภู,3
2024,Aug,หนองบัวลำภู,3
2024,Sep,หนองบัวลำภู,3
2024,Oct,หนองบัวลำภู,3
2024,Nov,หนองบัวลำภู,3
2024,Dec,หนองบัวลำภู,3
2020,Jan,อำนาจเจริญ,9
2020,Feb,อำนาจเจริญ,9
2020,Mar,อำนาจเจริญ,9
2020,Apr,อำนาจเจริญ,9
2020,May,อำนาจเจริญ,9
2020,Jun,อำนาจเจริญ,9
2020,Jul,อำนาจเจริญ,9
2020,Aug,อำนาจเจริญ,9
2020,Sep,อำนาจเจริญ,9
2020,Oct,อำนาจเจริญ,9
2020,Nov,อำนาจเจริญ,9
2020,Dec,อำนาจเจริญ,9
2021,Jan,อำนาจเจริญ,7
2021,Feb,อำนาจเจริญ,7
2021,Mar,อำนาจเจริญ,7
2021,Apr,อำนาจเจริญ,7
2021,May,อำนาจเจริญ,7
2021,Jun,อำนาจเจริญ,7
2021,Jul,อำนาจเจริญ,7
2021,Aug,อำนาจเจริญ,7
2021,Sep,อำนาจเจริญ,7
2021,Oct,อำนาจเจริญ,7
2021,Nov,อำนาจเจริญ,7
2021,Dec,อำนาจเจริญ,7
2022,Jan,อำนาจเจริญ,4
2022,Feb,อำนาจเจริญ,4
2022,Mar,อำนาจเจริญ,4
2022,Apr,อำนาจเจริญ,4
2022,May,อำนาจเจริญ,4
2022,Jun,อำนาจเจริญ,4
2022,Jul,อำนาจเจริญ,4
2022,Aug,อำนาจเจริญ,4
2022,Sep,อำนาจเจริญ,4
2022,Oct,อำนาจเจริญ,4
2022,Nov,อำนาจเจริญ,4
2022,Dec,อำนาจเจริญ,4
2023,Jan,อำนาจเจริญ,6
2023,Feb,อำนาจเจริญ,6
2023,Mar,อำนาจเจริญ,6
2023,Apr,อำนาจเจริญ,6
2023,May,อำนาจเจริญ,6
2023,Jun,อำนาจเจริญ,6
2023,Jul,อำนาจเจริญ,6
2023,Aug,อำนาจเจริญ,6
2023,Sep,อำนาจเจริญ,6
2023,Oct,อำนาจเจริญ,6
2023,Nov,อำนาจเจริญ,6
2023,Dec,อำนาจเจริญ,6
2024,Jan,อำนาจเจริญ,6
2024,Feb,อำนาจเจริญ,6
2024,Mar,อำนาจเจริญ,6
2024,Apr,อำนาจเจริญ,6
2024,May,อำนาจเจริญ,6
2024,Jun,อำนาจเจริญ,6
2024,Jul,อำนาจเจริญ,6
2024,Aug,อำนาจเจริญ,6
2024,Sep,อำนาจเจริญ,6
2024,Oct,อำนาจเจริญ,6
2024,Nov,อำนาจเจริญ,6
2024,Dec,อำนาจเจริญ,6
2020,Jan,อุดรธานี,31
2020,Feb,อุดรธานี,31
2020,Mar,อุดรธานี,31
2020,Apr,อุดรธานี,31
2020,May,อุดรธานี,31
2020,Jun,อุดรธานี,31
2020,Jul,อุดรธานี,31
2020,Aug,อุดรธานี,31
2020,Sep,อุดรธานี,31
2020,Oct,อุดรธานี,31
2020,Nov,อุดรธานี,31
2020,Dec,อุดรธานี,31
2021,Jan,อุดรธานี,21
2021,Feb,อุดรธานี,21
2021,Mar,อุดรธานี,21
2021,Apr,อุดรธานี,21
2021,May,อุดรธานี,21
2021,Jun,อุดรธานี,21
2021,Jul,อุดรธานี,21
2021,Aug,อุดรธานี,21
2021,Sep,อุดรธานี,21
2021,Oct,อุดรธานี,21
2021,Nov,อุดรธานี,21
2021,Dec,อุดรธานี,21
2022,Jan,อุดรธานี,13
2022,Feb,อุดรธานี,13
2022,Mar,อุดรธานี,13
2022,Apr,อุดรธานี,13
2022,May,อุดรธานี,13
2022,Jun,อุดรธานี,13
2022,Jul,อุดรธานี,13
2022,Aug,อุดรธานี,13
2022,Sep,อุดรธานี,13
2022,Oct,อุดรธานี,13
2022,Nov,อุดรธานี,13
2022,Dec,อุดรธานี,13
2023,Jan,อุดรธานี,17
2023,Feb,อุดรธานี,17
2023,Mar,อุดรธานี,17
2023,Apr,อุดรธานี,17
2023,May,อุดรธานี,17
2023,Jun,อุดรธานี,17
2023,Jul,อุดรธานี,17
2023,Aug,อุดรธานี,17
2023,Sep,อุดรธานี,17
2023,Oct,อุดรธานี,17
2023,Nov,อุดรธานี,17
2023,Dec,อุดรธานี,17
2024,Jan,อุดรธานี,21
2024,Feb,อุดรธานี,21
2024,Mar,อุดรธานี,21
2024,Apr,อุดรธานี,21
2024,May,อุดรธานี,21
2024,Jun,อุดรธานี,21
2024,Jul,อุดรธานี,21
2024,Aug,อุดรธานี,21
2024,Sep,อุดรธานี,21
2024,Oct,อุดรธานี,21
2024,Nov,อุดรธานี,21
2024,Dec,อุดรธานี,21
2020,Jan,อุตรดิตถ์,8
2020,Feb,อุตรดิตถ์,8
2020,Mar,อุตรดิตถ์,8
2020,Apr,อุตรดิตถ์,8
2020,May,อุตรดิตถ์,8
2020,Jun,อุตรดิตถ์,8
2020,Jul,อุตรดิตถ์,8
2020,Aug,อุตรดิตถ์,8
2020,Sep,อุตรดิตถ์,8
2020,Oct,อุตรดิตถ์,8
2020,Nov,อุตรดิตถ์,8
2020,Dec,อุตรดิตถ์,8
2021,Jan,อุตรดิตถ์,10
2021,Feb,อุตรดิตถ์,10
2021,Mar,อุตรดิตถ์,10
2021,Apr,อุตรดิตถ์,10
2021,May,อุตรดิตถ์,10
2021,Jun,อุตรดิตถ์,10
2021,Jul,อุตรดิตถ์,10
2021,Aug,อุตรดิตถ์,10
2021,Sep,อุตรดิตถ์,10
2021,Oct,อุตรดิตถ์,10
2021,Nov,อุตรดิตถ์,10
2021,Dec,อุตรดิตถ์,10
2022,Jan,อุตรดิตถ์,7
2022,Feb,อุตรดิตถ์,7
2022,Mar,อุตรดิตถ์,7
2022,Apr,อุตรดิตถ์,7
2022,May,อุตรดิตถ์,7
2022,Jun,อุตรดิตถ์,7
2022,Jul,อุตรดิตถ์,7
2022,Aug,อุตรดิตถ์,7
2022,Sep,อุตรดิตถ์,7
2022,Oct,อุตรดิตถ์,7
2022,Nov,อุตรดิตถ์,7
2022,Dec,อุตรดิตถ์,7
2023,Jan,อุตรดิตถ์,10
2023,Feb,อุตรดิตถ์,10
2023,Mar,อุตรดิตถ์,10
2023,Apr,อุตรดิตถ์,10
2023,May,อุตรดิตถ์,10
2023,Jun,อุตรดิตถ์,10
2023,Jul,อุตรดิตถ์,10
2023,Aug,อุตรดิตถ์,10
2023,Sep,อุตรดิตถ์,10
2023,Oct,อุตรดิตถ์,10
2023,Nov,อุตรดิตถ์,10
2023,Dec,อุตรดิตถ์,10
2024,Jan,อุตรดิตถ์,3
2024,Feb,อุตรดิตถ์,3
2024,Mar,อุตรดิตถ์,3
2024,Apr,อุตรดิตถ์,3
2024,May,อุตรดิตถ์,3
2024,Jun,อุตรดิตถ์,3
2024,Jul,อุตรดิตถ์,3
2024,Aug,อุตรดิตถ์,3
2024,Sep,อุตรดิตถ์,3
2024,Oct,อุตรดิตถ์,3
2024,Nov,อุตรดิตถ์,3
2024,Dec,อุตรดิตถ์,3
2020,Jan,อุทัยธานี,6
2020,Feb,อุทัยธานี,6
2020,Mar,อุทัยธานี,6
2020,Apr,อุทัยธานี,6
2020,May,อุทัยธานี,6
2020,Jun,อุทัยธานี,6
2020,Jul,อุทัยธานี,6
2020,Aug,อุทัยธานี,6
2020,Sep,อุทัยธานี,6
2020,Oct,อุทัยธานี,6
2020,Nov,อุทัยธานี,6
2020,Dec,อุทัยธานี,6
2021,Jan,อุทัยธานี,4
2021,Feb,อุทัยธานี,4
2021,Mar,อุทัยธานี,4
2021,Apr,อุทัยธานี,4
2021,May,อุทัยธานี,4
2021,Jun,อุทัยธานี,4
2021,Jul,อุทัยธานี,4
2021,Aug,อุทัยธานี,4
2021,Sep,อุทัยธานี,4
2021,Oct,อุทัยธานี,4
2021,Nov,อุทัยธานี,4
2021,Dec,อุทัยธานี,4
2022,Jan,อุทัยธานี,1
2022,Feb,อุทัยธานี,1
2022,Mar,อุทัยธานี,1
2022,Apr,อุทัยธานี,1
2022,May,อุทัยธานี,1
2022,Jun,อุทัยธานี,1
2022,Jul,อุทัยธานี,1
2022,Aug,อุทัยธานี,1
2022,Sep,อุทัยธานี,1
2022,Oct,อุทัยธานี,1
2022,Nov,อุทัยธานี,1
2022,Dec,อุทัยธานี,1
2023,Jan,อุทัยธานี,1
2023,Feb,อุทัยธานี,1
2023,Mar,อุทัยธานี,1
2023,Apr,อุทัยธานี,1
2023,May,อุทัยธานี,1
2023,Jun,อุทัยธานี,1
2023,Jul,อุทัยธานี,1
2023,Aug,อุทัยธานี,1
2023,Sep,อุทัยธานี,1
2023,Oct,อุทัยธานี,1
2023,Nov,อุทัยธานี,1
2023,Dec,อุทัยธานี,1
2024,Jan,อุทัยธานี,1
2024,Feb,อุทัยธานี,1
2024,Mar,อุทัยธานี,1
2024,Apr,อุทัยธานี,1
2024,May,อุทัยธานี,1
2024,Jun,อุทัยธานี,1
2024,Jul,อุทัยธานี,1
2024,Aug,อุทัยธานี,1
2024,Sep,อุทัยธานี,1
2024,Oct,อุทัยธานี,1
2024,Nov,อุทัยธานี,1
2024,Dec,อุทัยธานี,1
2020,Jan,อุบลราชธานี,52
2020,Feb,อุบลราชธานี,52
2020,Mar,อุบลราชธานี,52
2020,Apr,อุบลราชธานี,52
2020,May,อุบลราชธานี,52
2020,Jun,อุบลราชธานี,52
2020,Jul,อุบลราชธานี,52
2020,Aug,อุบลราชธานี,52
2020,Sep,อุบลราชธานี,52
2020,Oct,อุบลราชธานี,52
2020,Nov,อุบลราชธานี,52
2020,Dec,อุบลราชธานี,52
2021,Jan,อุบลราชธานี,39
2021,Feb,อุบลราชธานี,39
2021,Mar,อุบลราชธานี,39
2021,Apr,อุบลราชธานี,39
2021,May,อุบลราชธานี,39
2021,Jun,อุบลราชธานี,39
2021,Jul,อุบลราชธานี,39
2021,Aug,อุบลราชธานี,39
2021,Sep,อุบลราชธานี,39
2021,Oct,อุบลราชธานี,39
2021,Nov,อุบลราชธานี,39
2021,Dec,อุบลราชธานี,39
2022,Jan,อุบลราชธานี,42
2022,Feb,อุบลราชธานี,42
2022,Mar,อุบลราชธานี,42
2022,Apr,อุบลราชธานี,42
2022,May,อุบลราชธานี,42
2022,Jun,อุบลราชธานี,42
2022,Jul,อุบลราชธานี,42
2022,Aug,อุบลราชธานี,42
2022,Sep,อุบลราชธานี,42
2022,Oct,อุบลราชธานี,42
2022,Nov,อุบลราชธานี,42
2022,Dec,อุบลราชธานี,42
2023,Jan,อุบลราชธานี,21
2023,Feb,อุบลราชธานี,21
2023,Mar,อุบลราชธานี,21
2023,Apr,อุบลราชธานี,21
2023,May,อุบลราชธานี,21
2023,Jun,อุบลราชธานี,21
2023,Jul,อุบลราชธานี,21
2023,Aug,อุบลราชธานี,21
2023,Sep,อุบลราชธานี,21
2023,Oct,อุบลราชธานี,21
2023,Nov,อุบลราชธานี,21
2023,Dec,อุบลราชธานี,21
2024,Jan,อุบลราชธานี,33
2024,Feb,อุบลราชธานี,33
2024,Mar,อุบลราชธานี,33
2024,Apr,อุบลราชธานี,33
2024,May,อุบลราชธานี,33
2024,Jun,อุบลราชธานี,33
2024,Jul,อุบลราชธานี,33
2024,Aug,อุบลราชธานี,33
2024,Sep,อุบลราชธานี,33
2024,Oct,อุบลราชธานี,33
2024,Nov,อุบลราชธานี,33
2024,Dec,อุบลราชธานี,33
2020,Jan,อ่างทอง,8
2020,Feb,อ่างทอง,8
2020,Mar,อ่างทอง,8
2020,Apr,อ่างทอง,8
2020,May,อ่างทอง,8
2020,Jun,อ่างทอง,8
2020,Jul,อ่างทอง,8
2020,Aug,อ่างทอง,8
2020,Sep,อ่างทอง,8
2020,Oct,อ่างทอง,8
2020,Nov,อ่างทอง,8
2020,Dec,อ่างทอง,8
2021,Jan,อ่างทอง,8
2021,Feb,อ่างทอง,8
2021,Mar,อ่างทอง,8
2021,Apr,อ่างทอง,8
2021,May,อ่างทอง,8
2021,Jun,อ่างทอง,8
2021,Jul,อ่างทอง,8
2021,Aug,อ่างทอง,8
2021,Sep,อ่างทอง,8
2021,Oct,อ่างทอง,8
2021,Nov,อ่างทอง,8
2021,Dec,อ่างทอง,8
2022,Jan,อ่างทอง,6
2022,Feb,อ่างทอง,6
2022,Mar,อ่างทอง,6
2022,Apr,อ่างทอง,6
2022,May,อ่างทอง,6
2022,Jun,อ่างทอง,6
2022,Jul,อ่างทอง,6
2022,Aug,อ่างทอง,6
2022,Sep,อ่างทอง,6
2022,Oct,อ่างทอง,6
2022,Nov,อ่างทอง,6
2022,Dec,อ่างทอง,6
2023,Jan,อ่างทอง,3
2023,Feb,อ่างทอง,3
2023,Mar,อ่างทอง,3
2023,Apr,อ่างทอง,3
2023,May,อ่างทอง,3
2023,Jun,อ่างทอง,3
2023,Jul,อ่างทอง,3
2023,Aug,อ่างทอง,3
2023,Sep,อ่างทอง,3
2023,Oct,อ่างทอง,3
2023,Nov,อ่างทอง,3
2023,Dec,อ่างทอง,3
2024,Jan,อ่างทอง,4
2024,Feb,อ่างทอง,4
2024,Mar,อ่างทอง,4
2024,Apr,อ่างทอง,4
2024,May,อ่างทอง,4
2024,Jun,อ่างทอง,4
2024,Jul,อ่างทอง,4
2024,Aug,อ่างทอง,4
2024,Sep,อ่างทอง,4
2024,Oct,อ่างทอง,4
2024,Nov,อ่างทอง,4
2024,Dec,อ่างทอง,4
2020,Jan,เชียงราย,37
2020,Feb,เชียงราย,37
2020,Mar,เชียงราย,37
2020,Apr,เชียงราย,37
2020,May,เชียงราย,37
2020,Jun,เชียงราย,37
2020,Jul,เชียงราย,37
2020,Aug,เชียงราย,37
2020,Sep,เชียงราย,37
2020,Oct,เชียงราย,37
2020,Nov,เชียงราย,37
2020,Dec,เชียงราย,37
2021,Jan,เชียงราย,29
2021,Feb,เชียงราย,29
2021,Mar,เชียงราย,29
2021,Apr,เชียงราย,29
2021,May,เชียงราย,29
2021,Jun,เชียงราย,29
2021,Jul,เชียงราย,29
2021,Aug,เชียงราย,29
2021,Sep,เชียงราย,29
2021,Oct,เชียงราย,29
2021,Nov,เชียงราย,29
2021,Dec,เชียงราย,29
2022,Jan,เชียงราย,23
2022,Feb,เชียงราย,23
2022,Mar,เชียงราย,23
2022,Apr,เชียงราย,23
2022,May,เชียงราย,23
2022,Jun,เชียงราย,23
2022,Jul,เชียงราย,23
2022,Aug,เชียงราย,23
2022,Sep,เชียงราย,23
2022,Oct,เชียงราย,23
2022,Nov,เชียงราย,23
2022,Dec,เชียงราย,23
2023,Jan,เชียงราย,24
2023,Feb,เชียงราย,24
2023,Mar,เชียงราย,24
2023,Apr,เชียงราย,24
2023,May,เชียงราย,24
2023,Jun,เชียงราย,24
2023,Jul,เชียงราย,24
2023,Aug,เชียงราย,24
2023,Sep,เชียงราย,24
2023,Oct,เชียงราย,24
2023,Nov,เชียงราย,24
2023,Dec,เชียงราย,24
2024,Jan,เชียงราย,21
2024,Feb,เชียงราย,21
2024,Mar,เชียงราย,21
2024,Apr,เชียงราย,21
2024,May,เชียงราย,21
2024,Jun,เชียงราย,21
2024,Jul,เชียงราย,21
2024,Aug,เชียงราย,21
2024,Sep,เชียงราย,21
2024,Oct,เชียงราย,21
2024,Nov,เชียงราย,21
2024,Dec,เชียงราย,21
2020,Jan,เชียงใหม่,39
2020,Feb,เชียงใหม่,39
2020,Mar,เชียงใหม่,39
2020,Apr,เชียงใหม่,39
2020,May,เชียงใหม่,39
2020,Jun,เชียงใหม่,39
2020,Jul,เชียงใหม่,39
2020,Aug,เชียงใหม่,39
2020,Sep,เชียงใหม่,39
2020,Oct,เชียงใหม่,39
2020,Nov,เชียงใหม่,39
2020,Dec,เชียงใหม่,39
2021,Jan,เชียงใหม่,40
2021,Feb,เชียงใหม่,40
2021,Mar,เชียงใหม่,40
2021,Apr,เชียงใหม่,40
2021,May,เชียงใหม่,40
2021,Jun,เชียงใหม่,40
2021,Jul,เชียงใหม่,40
2021,Aug,เชียงใหม่,40
2021,Sep,เชียงใหม่,40
2021,Oct,เชียงใหม่,40
2021,Nov,เชียงใหม่,40
2021,Dec,เชียงใหม่,40
2022,Jan,เชียงใหม่,29
2022,Feb,เชียงใหม่,29
2022,Mar,เชียงใหม่,29
2022,Apr,เชียงใหม่,29
2022,May,เชียงใหม่,29
2022,Jun,เชียงใหม่,29
2022,Jul,เชียงใหม่,29
2022,Aug,เชียงใหม่,29
2022,Sep,เชียงใหม่,29
2022,Oct,เชียงใหม่,29
2022,Nov,เชียงใหม่,29
2022,Dec,เชียงใหม่,29
2023,Jan,เชียงใหม่,37
2023,Feb,เชียงใหม่,37
2023,Mar,เชียงใหม่,37
2023,Apr,เชียงใหม่,37
2023,May,เชียงใหม่,37
2023,Jun,เชียงใหม่,37
2023,Jul,เชียงใหม่,37
2023,Aug,เชียงใหม่,37
2023,Sep,เชียงใหม่,37
2023,Oct,เชียงใหม่,37
2023,Nov,เชียงใหม่,37
2023,Dec,เชียงใหม่,37
2024,Jan,เชียงใหม่,30
2024,Feb,เชียงใหม่,30
2024,Mar,เชียงใหม่,30
2024,Apr,เชียงใหม่,30
2024,May,เชียงใหม่,30
2024,Jun,เชียงใหม่,30
2024,Jul,เชียงใหม่,30
2024,Aug,เชียงใหม่,30
2024,Sep,เชียงใหม่,30
2024,Oct,เชียงใหม่,30
2024,Nov,เชียงใหม่,30
2024,Dec,เชียงใหม่,30
2020,Jan,เพชรบุรี,25
2020,Feb,เพชรบุรี,25
2020,Mar,เพชรบุรี,25
2020,Apr,เพชรบุรี,25
2020,May,เพชรบุรี,25
2020,Jun,เพชรบุรี,25
2020,Jul,เพชรบุรี,25
2020,Aug,เพชรบุรี,25
2020,Sep,เพชรบุรี,25
2020,Oct,เพชรบุรี,25
2020,Nov,เพชรบุรี,25
2020,Dec,เพชรบุรี,25
2021,Jan,เพชรบุรี,18
2021,Feb,เพชรบุรี,18
2021,Mar,เพชรบุรี,18
2021,Apr,เพชรบุรี,18
2021,May,เพชรบุรี,18
2021,Jun,เพชรบุรี,18
2021,Jul,เพชรบุรี,18
2021,Aug,เพชรบุรี,18
2021,Sep,เพชรบุรี,18
2021,Oct,เพชรบุรี,18
2021,Nov,เพชรบุรี,18
2021,Dec,เพชรบุรี,18
2022,Jan,เพชรบุรี,24
2022,Feb,เพชรบุรี,24
2022,Mar,เพชรบุรี,24
2022,Apr,เพชรบุรี,24
2022,May,เพชรบุรี,24
2022,Jun,เพชรบุรี,24
2022,Jul,เพชรบุรี,24
2022,Aug,เพชรบุรี,24
2022,Sep,เพชรบุรี,24
2022,Oct,เพชรบุรี,24
2022,Nov,เพชรบุรี,24
2022,Dec,เพชรบุรี,24
2023,Jan,เพชรบุรี,21
2023,Feb,เพชรบุรี,21
2023,Mar,เพชรบุรี,21
2023,Apr,เพชรบุรี,21
2023,May,เพชรบุรี,21
2023,Jun,เพชรบุรี,21
2023,Jul,เพชรบุรี,21
2023,Aug,เพชรบุรี,21
2023,Sep,เพชรบุรี,21
2023,Oct,เพชรบุรี,21
2023,Nov,เพชรบุรี,21
2023,Dec,เพชรบุรี,21
2024,Jan,เพชรบุรี,30
2024,Feb,เพชรบุรี,30
2024,Mar,เพชรบุรี,30
2024,Apr,เพชรบุรี,30
2024,May,เพชรบุรี,30
2024,Jun,เพชรบุรี,30
2024,Jul,เพชรบุรี,30
2024,Aug,เพชรบุรี,30
2024,Sep,เพชรบุรี,30
2024,Oct,เพชรบุรี,30
2024,Nov,เพชรบุรี,30
2024,Dec,เพชรบุรี,30
2020,Jan,เพชรบูรณ์,32
2020,Feb,เพชรบูรณ์,32
2020,Mar,เพชรบูรณ์,32
2020,Apr,เพชรบูรณ์,32
2020,May,เพชรบูรณ์,32
2020,Jun,เพชรบูรณ์,32
2020,Jul,เพชรบูรณ์,32
2020,Aug,เพชรบูรณ์,32
2020,Sep,เพชรบูรณ์,32
2020,Oct,เพชรบูรณ์,32
2020,Nov,เพชรบูรณ์,32
2020,Dec,เพชรบูรณ์,32
2021,Jan,เพชรบูรณ์,34
2021,Feb,เพชรบูรณ์,34
2021,Mar,เพชรบูรณ์,34
2021,Apr,เพชรบูรณ์,34
2021,May,เพชรบูรณ์,34
2021,Jun,เพชรบูรณ์,34
2021,Jul,เพชรบูรณ์,34
2021,Aug,เพชรบูรณ์,34
2021,Sep,เพชรบูรณ์,34
2021,Oct,เพชรบูรณ์,34
2021,Nov,เพชรบูรณ์,34
2021,Dec,เพชรบูรณ์,34
2022,Jan,เพชรบูรณ์,18
2022,Feb,เพชรบูรณ์,18
2022,Mar,เพชรบูรณ์,18
2022,Apr,เพชรบูรณ์,18
2022,May,เพชรบูรณ์,18
2022,Jun,เพชรบูรณ์,18
2022,Jul,เพชรบูรณ์,18
2022,Aug,เพชรบูรณ์,18
2022,Sep,เพชรบูรณ์,18
2022,Oct,เพชรบูรณ์,18
2022,Nov,เพชรบูรณ์,18
2022,Dec,เพชรบูรณ์,18
2023,Jan,เพชรบูรณ์,11
2023,Feb,เพชรบูรณ์,11
2023,Mar,เพชรบูรณ์,11
2023,Apr,เพชรบูรณ์,11
2023,May,เพชรบูรณ์,11
2023,Jun,เพชรบูรณ์,11
2023,Jul,เพชรบูรณ์,11
2023,Aug,เพชรบูรณ์,11
2023,Sep,เพชรบูรณ์,11
2023,Oct,เพชรบูรณ์,11
2023,Nov,เพชรบูรณ์,11
2023,Dec,เพชรบูรณ์,11
2024,Jan,เพชรบูรณ์,5
2024,Feb,เพชรบูรณ์,5
2024,Mar,เพชรบูรณ์,5
2024,Apr,เพชรบูรณ์,5
2024,May,เพชรบูรณ์,5
2024,Jun,เพชรบูรณ์,5
2024,Jul,เพชรบูรณ์,5
2024,Aug,เพชรบูรณ์,5
2024,Sep,เพชรบูรณ์,5
2024,Oct,เพชรบูรณ์,5
2024,Nov,เพชรบูรณ์,5
2024,Dec,เพชรบูรณ์,5
2020,Jan,เลย,4
2020,Feb,เลย,4
2020,Mar,เลย,4
2020,Apr,เลย,4
2020,May,เลย,4
2020,Jun,เลย,4
2020,Jul,เลย,4
2020,Aug,เลย,4
2020,Sep,เลย,4
2020,Oct,เลย,4
2020,Nov,เลย,4
2020,Dec,เลย,4
2021,Jan,เลย,16
2021,Feb,เลย,16
2021,Mar,เลย,16
2021,Apr,เลย,16
2021,May,เลย,16
2021,Jun,เลย,16
2021,Jul,เลย,16
2021,Aug,เลย,16
2021,Sep,เลย,16
2021,Oct,เลย,16
2021,Nov,เลย,16
2021,Dec,เลย,16
2022,Jan,เลย,16
2022,Feb,เลย,16
2022,Mar,เลย,16
2022,Apr,เลย,16
2022,May,เลย,16
2022,Jun,เลย,16
2022,Jul,เลย,16
2022,Aug,เลย,16
2022,Sep,เลย,16
2022,Oct,เลย,16
2022,Nov,เลย,16
2022,Dec,เลย,16
2023,Jan,เลย,10
2023,Feb,เลย,10
2023,Mar,เลย,10
2023,Apr,เลย,10
2023,May,เลย,10
2023,Jun,เลย,10
2023,Jul,เลย,10
2023,Aug,เลย,10
2023,Sep,เลย,10
2023,Oct,เลย,10
2023,Nov,เลย,10
2023,Dec,เลย,10
2024,Jan,เลย,6
2024,Feb,เลย,6
2024,Mar,เลย,6
2024,Apr,เลย,6
2024,May,เลย,6
2024,Jun,เลย,6
2024,Jul,เลย,6
2024,Aug,เลย,6
2024,Sep,เลย,6
2024,Oct,เลย,6
2024,Nov,เลย,6
2024,Dec,เลย,6
2020,Jan,แพร่,14
2020,Feb,แพร่,14
2020,Mar,แพร่,14
2020,Apr,แพร่,14
2020,May,แพร่,14
2020,Jun,แพร่,14
2020,Jul,แพร่,14
2020,Aug,แพร่,14
2020,Sep,แพร่,14
2020,Oct,แพร่,14
2020,Nov,แพร่,14
2020,Dec,แพร่,14
2021,Jan,แพร่,5
2021,Feb,แพร่,5
2021,Mar,แพร่,5
2021,Apr,แพร่,5
2021,May,แพร่,5
2021,Jun,แพร่,5
2021,Jul,แพร่,5
2021,Aug,แพร่,5
2021,Sep,แพร่,5
2021,Oct,แพร่,5
2021,Nov,แพร่,5
2021,Dec,แพร่,5
2022,Jan,แพร่,14
2022,Feb,แพร่,14
2022,Mar,แพร่,14
2022,Apr,แพร่,14
2022,May,แพร่,14
2022,Jun,แพร่,14
2022,Jul,แพร่,14
2022,Aug,แพร่,14
2022,Sep,แพร่,14
2022,Oct,แพร่,14
2022,Nov,แพร่,14
2022,Dec,แพร่,14
2023,Jan,แพร่,4
2023,Feb,แพร่,4
2023,Mar,แพร่,4
2023,Apr,แพร่,4
2023,May,แพร่,4
2023,Jun,แพร่,4
2023,Jul,แพร่,4
2023,Aug,แพร่,4
2023,Sep,แพร่,4
2023,Oct,แพร่,4
2023,Nov,แพร่,4
2023,Dec,แพร่,4
2024,Jan,แพร่,8
2024,Feb,แพร่,8
2024,Mar,แพร่,8
2024,Apr,แพร่,8
2024,May,แพร่,8
2024,Jun,แพร่,8
2024,Jul,แพร่,8
2024,Aug,แพร่,8
2024,Sep,แพร่,8
2024,Oct,แพร่,8
2024,Nov,แพร่,8
2024,Dec,แพร่,8
2020,Jan,แม่ฮ่องสอน,0
2020,Feb,แม่ฮ่องสอน,0
2020,Mar,แม่ฮ่องสอน,0
2020,Apr,แม่ฮ่องสอน,0
2020,May,แม่ฮ่องสอน,0
2020,Jun,แม่ฮ่องสอน,0
2020,Jul,แม่ฮ่องสอน,0
2020,Aug,แม่ฮ่องสอน,0
2020,Sep,แม่ฮ่องสอน,0
2020,Oct,แม่ฮ่องสอน,0
2020,Nov,แม่ฮ่องสอน,0
2020,Dec,แม่ฮ่องสอน,0
2021,Jan,แม่ฮ่องสอน,1
2021,Feb,แม่ฮ่องสอน,1
2021,Mar,แม่ฮ่องสอน,1
2021,Apr,แม่ฮ่องสอน,1
2021,May,แม่ฮ่องสอน,1
2021,Jun,แม่ฮ่องสอน,1
2021,Jul,แม่ฮ่องสอน,1
2021,Aug,แม่ฮ่องสอน,1
2021,Sep,แม่ฮ่องสอน,1
2021,Oct,แม่ฮ่องสอน,1
2021,Nov,แม่ฮ่องสอน,1
2021,Dec,แม่ฮ่องสอน,1
2022,Jan,แม่ฮ่องสอน,1
2022,Feb,แม่ฮ่องสอน,1
2022,Mar,แม่ฮ่องสอน,1
2022,Apr,แม่ฮ่องสอน,1
2022,May,แม่ฮ่องสอน,1
2022,Jun,แม่ฮ่องสอน,1
2022,Jul,แม่ฮ่องสอน,1
2022,Aug,แม่ฮ่องสอน,1
2022,Sep,แม่ฮ่องสอน,1
2022,Oct,แม่ฮ่องสอน,1
2022,Nov,แม่ฮ่องสอน,1
2022,Dec,แม่ฮ่องสอน,1
2023,Jan,แม่ฮ่องสอน,0
2023,Feb,แม่ฮ่องสอน,0
2023,Mar,แม่ฮ่องสอน,0
2023,Apr,แม่ฮ่องสอน,0
2023,May,แม่ฮ่องสอน,0
2023,Jun,แม่ฮ่องสอน,0
2023,Jul,แม่ฮ่องสอน,0
2023,Aug,แม่ฮ่องสอน,0
2023,Sep,แม่ฮ่องสอน,0
2023,Oct,แม่ฮ่องสอน,0
2023,Nov,แม่ฮ่องสอน,0
2023,Dec,แม่ฮ่องสอน,0
2024,Jan,แม่ฮ่องสอน,1
2024,Feb,แม่ฮ่องสอน,1
2024,Mar,แม่ฮ่องสอน,1
2024,Apr,แม่ฮ่องสอน,1
2024,May,แม่ฮ่องสอน,1
2024,Jun,แม่ฮ่องสอน,1
2024,Jul,แม่ฮ่องสอน,1
2024,Aug,แม่ฮ่องสอน,1
2024,Sep,แม่ฮ่องสอน,1
2024,Oct,แม่ฮ่องสอน,1
2024,Nov,แม่ฮ่องสอน,1
2024,Dec,แม่ฮ่องสอน,1
